/home/gitanjali/.pyenv/versions/3.10.14/lib/python3.10/site-packages/google/api_core/_python_version_support.py:273: FutureWarning: You are using a Python version (3.10.14) which Google will stop supporting in new releases of google.api_core once it reaches its end of life (2026-10-04). Please upgrade to the latest Python version, or at least Python 3.11, to continue receiving updates for google.api_core past that date.
  warnings.warn(message, FutureWarning)
/home/gitanjali/.pyenv/versions/3.10.14/lib/python3.10/site-packages/google/api_core/_python_version_support.py:273: FutureWarning: You are using a Python version (3.10.14) which Google will stop supporting in new releases of google.cloud.vision_v1 once it reaches its end of life (2026-10-04). Please upgrade to the latest Python version, or at least Python 3.11, to continue receiving updates for google.cloud.vision_v1 past that date.
  warnings.warn(message, FutureWarning)
2026-06-11 09:52:38,775 [INFO] Re-running 141 SKUs (confidence<80% or producer<70% or missing)
2026-06-11 09:52:38,894 [INFO] The user provided project/location will take precedence over the Vertex AI API key from the environment variable.
2026-06-11 09:52:39,102 [INFO] The user provided project/location will take precedence over the Vertex AI API key from the environment variable.
2026-06-11 09:52:39,237 [INFO] [1/141] S004481: Ariel Cabernet Sauvignon, Dealcoholised, California
2026-06-11 09:52:39,456 [INFO] HTTP Request: GET https://www.googleapis.com/customsearch/v1?key=AIzaSyBZ5p08dd5cR_Q5bMHhaAFuH6kPUO9jxrY&cx=02211d6d3950b4d03&q=Ariel+Cabernet+Sauvignon%2C+Dealcoholised%2C+California+2023&searchType=image&num=10&imgSize=large&imgType=photo "HTTP/1.1 403 Forbidden"
2026-06-11 09:52:39,458 [WARNING] Custom Search JSON API returned 403: this GCP project likely has no JSON API entitlement (Google closed JSON API access for new projects; DDG/Bing fallback will be used). See https://developers.google.com/custom-search/v1/overview (Vertex AI Search or a third-party SERP API are alternatives).
2026-06-11 09:52:39,624 [INFO] response: https://duckduckgo.com/?q=Ariel+Cabernet+Sauvignon%2C+Dealcoholised%2C+California+2023 200
2026-06-11 09:52:39,704 [INFO] response: https://duckduckgo.com/i.js?o=json&q=Ariel+Cabernet+Sauvignon%2C+Dealcoholised%2C+California+2023&l=us-en&vqd=4-161091895455867325322238030278876282465&p=1&ct=AT 403
2026-06-11 09:52:39,781 [INFO] HTTP Request: GET https://api.search.brave.com/res/v1/images/search?q=Ariel+Cabernet+Sauvignon%2C+Dealcoholised%2C+California+2023&count=15&search_lang=en&country=ALL&safesearch=strict&spellcheck=true "HTTP/1.1 200 OK"
2026-06-11 09:52:39,781 [INFO] response: https://duckduckgo.com/?q=Ariel+Cabernet+Sauvignon%2C+Dealcoholised%2C+California+2023 200
2026-06-11 09:52:39,782 [INFO] Brave returned 14 candidates for SKU S004481 (query='Ariel Cabernet Sauvignon, Dealcoholised, California 2023')
2026-06-11 09:52:39,866 [INFO] response: https://duckduckgo.com/i.js?o=json&q=Ariel+Cabernet+Sauvignon%2C+Dealcoholised%2C+California+2023&l=us-en&vqd=4-161091895455867325322238030278876282465&p=1&ct=AT 403
2026-06-11 09:52:40,162 [INFO] response: https://www.bing.com/images/async?q=Ariel+Cabernet+Sauvignon%2C+Dealcoholised%2C+California+2023&async=1&first=1&count=35 200
2026-06-11 09:52:40,180 [INFO] DuckDuckGo returned 15 candidates for SKU S004481
2026-06-11 09:52:40,383 [INFO] response: https://www.bing.com/images/async?q=Ariel+Cabernet+Sauvignon%2C+Dealcoholised%2C+California+2023&async=1&first=1&count=35 200
2026-06-11 09:52:40,400 [INFO] Bing returned 1 candidates for SKU S004481
2026-06-11 09:52:41,546 [INFO] HTTP Request: POST https://google.serper.dev/images "HTTP/1.1 200 OK"
2026-06-11 09:52:41,550 [INFO] Serper (Google Images) returned 15 candidates for SKU S004481 (query='Ariel Cabernet Sauvignon, Dealcoholised, California 2023')
2026-06-11 09:52:41,550 [INFO] SKU S004481 query='Ariel Cabernet Sauvignon, Dealcoholised, California 2023' — brave=14 google_cse=0 google_images=15 bing=1 ddg=15
2026-06-11 09:52:41,768 [INFO] HTTP Request: GET https://www.googleapis.com/customsearch/v1?key=AIzaSyBZ5p08dd5cR_Q5bMHhaAFuH6kPUO9jxrY&cx=02211d6d3950b4d03&q=Ariel+Cabernet+Sauvignon%2C+Dealcoholised%2C+California+2023+wine+bottle&searchType=image&num=10&imgSize=large&imgType=photo "HTTP/1.1 403 Forbidden"
2026-06-11 09:52:41,769 [WARNING] Custom Search JSON API returned 403: this GCP project likely has no JSON API entitlement (Google closed JSON API access for new projects; DDG/Bing fallback will be used). See https://developers.google.com/custom-search/v1/overview (Vertex AI Search or a third-party SERP API are alternatives).
2026-06-11 09:52:41,776 [INFO] response: https://duckduckgo.com/?q=Ariel+Cabernet+Sauvignon%2C+Dealcoholised%2C+California+2023+wine+bottle 200
2026-06-11 09:52:41,779 [INFO] response: https://www.bing.com/images/async?q=Ariel+Cabernet+Sauvignon%2C+Dealcoholised%2C+California+2023+wine+bottle&async=1&first=1&count=35 200
2026-06-11 09:52:41,780 [INFO] HTTP Request: GET https://api.search.brave.com/res/v1/images/search?q=Ariel+Cabernet+Sauvignon%2C+Dealcoholised%2C+California+2023+wine+bottle&count=15&search_lang=en&country=ALL&safesearch=strict&spellcheck=true "HTTP/1.1 200 OK"
2026-06-11 09:52:41,781 [INFO] Brave returned 14 candidates for SKU S004481 (query='Ariel Cabernet Sauvignon, Dealcoholised, California 2023 wine bottle')
2026-06-11 09:52:41,781 [INFO] Bing returned 1 candidates for SKU S004481
2026-06-11 09:52:42,055 [INFO] response: https://duckduckgo.com/i.js?o=json&q=Ariel+Cabernet+Sauvignon%2C+Dealcoholised%2C+California+2023+wine+bottle&l=us-en&vqd=4-122301928286918374440867861450530887000&p=1&ct=AT 403
2026-06-11 09:52:42,245 [INFO] response: https://www.bing.com/images/async?q=Ariel+Cabernet+Sauvignon%2C+Dealcoholised%2C+California+2023+wine+bottle&async=1&first=1&count=35 200
2026-06-11 09:52:42,246 [INFO] DuckDuckGo returned 1 candidates for SKU S004481
2026-06-11 09:52:42,872 [INFO] HTTP Request: POST https://google.serper.dev/images "HTTP/1.1 200 OK"
2026-06-11 09:52:42,880 [INFO] Serper (Google Images) returned 15 candidates for SKU S004481 (query='Ariel Cabernet Sauvignon, Dealcoholised, California 2023 wine bottle')
2026-06-11 09:52:42,881 [INFO] SKU S004481 query='Ariel Cabernet Sauvignon, Dealcoholised, California 2023 wine bottle' — brave=14 google_cse=0 google_images=15 bing=1 ddg=1
2026-06-11 09:52:43,010 [INFO] HTTP Request: GET https://www.googleapis.com/customsearch/v1?key=AIzaSyBZ5p08dd5cR_Q5bMHhaAFuH6kPUO9jxrY&cx=02211d6d3950b4d03&q=Ariel+2023+wine+bottle&searchType=image&num=10&imgSize=large&imgType=photo "HTTP/1.1 403 Forbidden"
2026-06-11 09:52:43,011 [WARNING] Custom Search JSON API returned 403: this GCP project likely has no JSON API entitlement (Google closed JSON API access for new projects; DDG/Bing fallback will be used). See https://developers.google.com/custom-search/v1/overview (Vertex AI Search or a third-party SERP API are alternatives).
2026-06-11 09:52:43,021 [INFO] response: https://duckduckgo.com/?q=Ariel+2023+wine+bottle 200
2026-06-11 09:52:43,196 [INFO] response: https://www.bing.com/images/async?q=Ariel+2023+wine+bottle&async=1&first=1&count=35 200
2026-06-11 09:52:43,197 [INFO] HTTP Request: GET https://api.search.brave.com/res/v1/images/search?q=Ariel+2023+wine+bottle&count=15&search_lang=en&country=ALL&safesearch=strict&spellcheck=true "HTTP/1.1 200 OK"
2026-06-11 09:52:43,199 [INFO] Brave returned 13 candidates for SKU S004481 (query='Ariel 2023 wine bottle')
2026-06-11 09:52:43,204 [INFO] Bing returned 15 candidates for SKU S004481
2026-06-11 09:52:43,302 [INFO] response: https://duckduckgo.com/i.js?o=json&q=Ariel+2023+wine+bottle&l=us-en&vqd=4-332077392503583881010823015293007243910&p=1&ct=AT 403
2026-06-11 09:52:43,605 [INFO] response: https://duckduckgo.com/?q=Ariel+2023+wine+bottle 200
2026-06-11 09:52:43,810 [INFO] response: https://duckduckgo.com/i.js?o=json&q=Ariel+2023+wine+bottle&l=us-en&vqd=4-332077392503583881010823015293007243910&p=1&ct=AT 403
2026-06-11 09:52:44,014 [INFO] response: https://www.bing.com/images/async?q=Ariel+2023+wine+bottle&async=1&first=1&count=35 200
2026-06-11 09:52:44,016 [INFO] DuckDuckGo returned 1 candidates for SKU S004481
2026-06-11 09:52:44,709 [INFO] HTTP Request: POST https://google.serper.dev/images "HTTP/1.1 200 OK"
2026-06-11 09:52:44,837 [INFO] Serper (Google Images) returned 14 candidates for SKU S004481 (query='Ariel 2023 wine bottle')
2026-06-11 09:52:44,837 [INFO] SKU S004481 query='Ariel 2023 wine bottle' — brave=13 google_cse=0 google_images=14 bing=15 ddg=1
2026-06-11 09:52:44,838 [INFO] Merged 86 total candidates for SKU S004481 (all sources, 3 queries)
2026-06-11 09:52:45,213 [INFO] HTTP Request: GET https://cdn.shoplightspeed.com/shops/607076/files/68768880/750x1000x2/ariel-2023-cabernet-sauvignon-dealcoholized-wine-c.jpg "HTTP/1.1 200 OK"
2026-06-11 09:52:45,331 [INFO] SKU S004481 — first downloadable image: https://cdn.shoplightspeed.com/shops/607076/files/68768880/750x1000x2/ariel-2023-cabernet-
2026-06-11 09:52:45,332 [ERROR]   Error: SQLite objects created in a thread can only be used in that same thread. The object was created in thread id 139320903170944 and this is thread id 139319268337216.
2026-06-11 09:52:45,333 [INFO] [2/141] S004483: Ariel Chardonnay, Dealcoholised, California
2026-06-11 09:52:45,339 [ERROR] Brave Image Search failed: Event loop is closed
2026-06-11 09:52:45,339 [ERROR] Google search failed: Event loop is closed
2026-06-11 09:52:45,339 [ERROR] Serper search failed: Event loop is closed
2026-06-11 09:52:45,650 [INFO] response: https://duckduckgo.com/?q=Ariel+Chardonnay%2C+Dealcoholised%2C+California+2023 200
2026-06-11 09:52:45,651 [INFO] response: https://www.bing.com/images/async?q=Ariel+Chardonnay%2C+Dealcoholised%2C+California+2023&async=1&first=1&count=35 200
2026-06-11 09:52:45,653 [INFO] Bing returned 1 candidates for SKU S004483
2026-06-11 09:52:45,854 [INFO] response: https://duckduckgo.com/i.js?o=json&q=Ariel+Chardonnay%2C+Dealcoholised%2C+California+2023&l=us-en&vqd=4-239217385003187824181407104788156190612&p=1&ct=AT 403
2026-06-11 09:52:45,928 [INFO] response: https://duckduckgo.com/?q=Ariel+Chardonnay%2C+Dealcoholised%2C+California+2023 200
2026-06-11 09:52:46,009 [INFO] response: https://duckduckgo.com/i.js?o=json&q=Ariel+Chardonnay%2C+Dealcoholised%2C+California+2023&l=us-en&vqd=4-239217385003187824181407104788156190612&p=1&ct=AT 403
2026-06-11 09:52:46,174 [INFO] response: https://www.bing.com/images/async?q=Ariel+Chardonnay%2C+Dealcoholised%2C+California+2023&async=1&first=1&count=35 200
2026-06-11 09:52:46,176 [INFO] DuckDuckGo returned 1 candidates for SKU S004483
2026-06-11 09:52:46,177 [INFO] SKU S004483 query='Ariel Chardonnay, Dealcoholised, California 2023' — brave=0 google_cse=0 google_images=0 bing=1 ddg=1
2026-06-11 09:52:46,316 [INFO] response: https://duckduckgo.com/?q=Ariel+Chardonnay%2C+Dealcoholised%2C+California+2023+wine+bottle 200
2026-06-11 09:52:46,380 [INFO] response: https://www.bing.com/images/async?q=Ariel+Chardonnay%2C+Dealcoholised%2C+California+2023+wine+bottle&async=1&first=1&count=35 200
2026-06-11 09:52:46,381 [INFO] Bing returned 1 candidates for SKU S004483
2026-06-11 09:52:46,386 [INFO] HTTP Request: GET https://www.googleapis.com/customsearch/v1?key=AIzaSyBZ5p08dd5cR_Q5bMHhaAFuH6kPUO9jxrY&cx=02211d6d3950b4d03&q=Ariel+Chardonnay%2C+Dealcoholised%2C+California+2023+wine+bottle&searchType=image&num=10&imgSize=large&imgType=photo "HTTP/1.1 403 Forbidden"
2026-06-11 09:52:46,387 [WARNING] Custom Search JSON API returned 403: this GCP project likely has no JSON API entitlement (Google closed JSON API access for new projects; DDG/Bing fallback will be used). See https://developers.google.com/custom-search/v1/overview (Vertex AI Search or a third-party SERP API are alternatives).
2026-06-11 09:52:46,403 [INFO] response: https://duckduckgo.com/i.js?o=json&q=Ariel+Chardonnay%2C+Dealcoholised%2C+California+2023+wine+bottle&l=us-en&vqd=4-122158759096238577000863764573687934366&p=1&ct=AT 403
2026-06-11 09:52:47,170 [INFO] HTTP Request: GET https://api.search.brave.com/res/v1/images/search?q=Ariel+Chardonnay%2C+Dealcoholised%2C+California+2023+wine+bottle&count=15&search_lang=en&country=ALL&safesearch=strict&spellcheck=true "HTTP/1.1 200 OK"
2026-06-11 09:52:47,171 [INFO] Brave returned 14 candidates for SKU S004483 (query='Ariel Chardonnay, Dealcoholised, California 2023 wine bottle')
2026-06-11 09:52:47,379 [INFO] response: https://www.bing.com/images/async?q=Ariel+Chardonnay%2C+Dealcoholised%2C+California+2023+wine+bottle&async=1&first=1&count=35 200
2026-06-11 09:52:47,380 [INFO] DuckDuckGo returned 1 candidates for SKU S004483
2026-06-11 09:52:48,326 [INFO] HTTP Request: POST https://google.serper.dev/images "HTTP/1.1 200 OK"
2026-06-11 09:52:48,336 [INFO] Serper (Google Images) returned 15 candidates for SKU S004483 (query='Ariel Chardonnay, Dealcoholised, California 2023 wine bottle')
2026-06-11 09:52:48,337 [INFO] SKU S004483 query='Ariel Chardonnay, Dealcoholised, California 2023 wine bottle' — brave=14 google_cse=0 google_images=15 bing=1 ddg=1
2026-06-11 09:52:48,409 [INFO] HTTP Request: GET https://www.googleapis.com/customsearch/v1?key=AIzaSyBZ5p08dd5cR_Q5bMHhaAFuH6kPUO9jxrY&cx=02211d6d3950b4d03&q=Ariel+2023+wine+bottle&searchType=image&num=10&imgSize=large&imgType=photo "HTTP/1.1 403 Forbidden"
2026-06-11 09:52:48,410 [WARNING] Custom Search JSON API returned 403: this GCP project likely has no JSON API entitlement (Google closed JSON API access for new projects; DDG/Bing fallback will be used). See https://developers.google.com/custom-search/v1/overview (Vertex AI Search or a third-party SERP API are alternatives).
2026-06-11 09:52:48,411 [INFO] response: https://duckduckgo.com/?q=Ariel+2023+wine+bottle 200
2026-06-11 09:52:48,510 [INFO] response: https://www.bing.com/images/async?q=Ariel+2023+wine+bottle&async=1&first=1&count=35 200
2026-06-11 09:52:48,511 [INFO] response: https://duckduckgo.com/i.js?o=json&q=Ariel+2023+wine+bottle&l=us-en&vqd=4-332077392503583881010823015293007243910&p=1&ct=AT 403
2026-06-11 09:52:48,513 [INFO] Bing returned 1 candidates for SKU S004483
2026-06-11 09:52:48,552 [INFO] HTTP Request: GET https://api.search.brave.com/res/v1/images/search?q=Ariel+2023+wine+bottle&count=15&search_lang=en&country=ALL&safesearch=strict&spellcheck=true "HTTP/1.1 200 OK"
2026-06-11 09:52:48,553 [INFO] Brave returned 13 candidates for SKU S004483 (query='Ariel 2023 wine bottle')
2026-06-11 09:52:48,703 [INFO] response: https://www.bing.com/images/async?q=Ariel+2023+wine+bottle&async=1&first=1&count=35 200
2026-06-11 09:52:48,705 [INFO] DuckDuckGo returned 1 candidates for SKU S004483
2026-06-11 09:52:49,633 [INFO] HTTP Request: POST https://google.serper.dev/images "HTTP/1.1 200 OK"
2026-06-11 09:52:49,634 [INFO] Serper (Google Images) returned 14 candidates for SKU S004483 (query='Ariel 2023 wine bottle')
2026-06-11 09:52:49,634 [INFO] SKU S004483 query='Ariel 2023 wine bottle' — brave=13 google_cse=0 google_images=14 bing=1 ddg=1
2026-06-11 09:52:49,634 [INFO] Merged 54 total candidates for SKU S004483 (all sources, 3 queries)
2026-06-11 09:52:50,865 [INFO] HTTP Request: GET https://cpiinflationcalculator.com/wp-content/uploads/2026/05/jolts-scaled.png "HTTP/1.1 200 OK"
2026-06-11 09:52:51,890 [INFO] SKU S004483 — first downloadable image: https://cpiinflationcalculator.com/wp-content/uploads/2026/05/jolts-scaled.png
2026-06-11 09:52:51,890 [ERROR]   Error: SQLite objects created in a thread can only be used in that same thread. The object was created in thread id 139320903170944 and this is thread id 139319268337216.
2026-06-11 09:52:51,891 [INFO] [3/141] S004484: Atlas Swift Shelter Cabernet Sauvignon, South Africa
2026-06-11 09:52:51,896 [ERROR] Brave Image Search failed: Event loop is closed
2026-06-11 09:52:51,897 [ERROR] Google search failed: Event loop is closed
2026-06-11 09:52:51,897 [ERROR] Serper search failed: Event loop is closed
2026-06-11 09:52:52,032 [INFO] response: https://duckduckgo.com/?q=Atlas+Swift+Shelter+Cabernet+Sauvignon%2C+South+Africa+2023 200
2026-06-11 09:52:52,068 [INFO] response: https://www.bing.com/images/async?q=Atlas+Swift+Shelter+Cabernet+Sauvignon%2C+South+Africa+2023&async=1&first=1&count=35 200
2026-06-11 09:52:52,077 [INFO] Bing returned 15 candidates for SKU S004484
2026-06-11 09:52:52,115 [INFO] response: https://duckduckgo.com/i.js?o=json&q=Atlas+Swift+Shelter+Cabernet+Sauvignon%2C+South+Africa+2023&l=us-en&vqd=4-303603357079794951867042515503699215258&p=1&ct=AT 403
2026-06-11 09:52:52,284 [INFO] response: https://www.bing.com/images/async?q=Atlas+Swift+Shelter+Cabernet+Sauvignon%2C+South+Africa+2023&async=1&first=1&count=35 200
2026-06-11 09:52:52,314 [INFO] DuckDuckGo returned 15 candidates for SKU S004484
2026-06-11 09:52:52,314 [INFO] SKU S004484 query='Atlas Swift Shelter Cabernet Sauvignon, South Africa 2023' — brave=0 google_cse=0 google_images=0 bing=15 ddg=15
2026-06-11 09:52:52,445 [INFO] response: https://duckduckgo.com/?q=Atlas+Swift+Shelter+Cabernet+Sauvignon%2C+South+Africa+2023+wine+bottle 200
2026-06-11 09:52:52,512 [INFO] HTTP Request: GET https://www.googleapis.com/customsearch/v1?key=AIzaSyBZ5p08dd5cR_Q5bMHhaAFuH6kPUO9jxrY&cx=02211d6d3950b4d03&q=Atlas+Swift+Shelter+Cabernet+Sauvignon%2C+South+Africa+2023+wine+bottle&searchType=image&num=10&imgSize=large&imgType=photo "HTTP/1.1 403 Forbidden"
2026-06-11 09:52:52,513 [WARNING] Custom Search JSON API returned 403: this GCP project likely has no JSON API entitlement (Google closed JSON API access for new projects; DDG/Bing fallback will be used). See https://developers.google.com/custom-search/v1/overview (Vertex AI Search or a third-party SERP API are alternatives).
2026-06-11 09:52:52,538 [INFO] response: https://duckduckgo.com/i.js?o=json&q=Atlas+Swift+Shelter+Cabernet+Sauvignon%2C+South+Africa+2023+wine+bottle&l=us-en&vqd=4-314593488741319893752647417241429634777&p=1&ct=AT 403
2026-06-11 09:52:52,564 [INFO] response: https://www.bing.com/images/async?q=Atlas+Swift+Shelter+Cabernet+Sauvignon%2C+South+Africa+2023+wine+bottle&async=1&first=1&count=35 200
2026-06-11 09:52:52,578 [INFO] Bing returned 1 candidates for SKU S004484
2026-06-11 09:52:52,688 [INFO] response: https://www.bing.com/images/async?q=Atlas+Swift+Shelter+Cabernet+Sauvignon%2C+South+Africa+2023+wine+bottle&async=1&first=1&count=35 200
2026-06-11 09:52:52,690 [INFO] DuckDuckGo returned 1 candidates for SKU S004484
2026-06-11 09:52:52,839 [INFO] HTTP Request: GET https://api.search.brave.com/res/v1/images/search?q=Atlas+Swift+Shelter+Cabernet+Sauvignon%2C+South+Africa+2023+wine+bottle&count=15&search_lang=en&country=ALL&safesearch=strict&spellcheck=true "HTTP/1.1 200 OK"
2026-06-11 09:52:52,840 [INFO] Brave returned 15 candidates for SKU S004484 (query='Atlas Swift Shelter Cabernet Sauvignon, South Africa 2023 wine bottle')
2026-06-11 09:52:54,203 [INFO] HTTP Request: POST https://google.serper.dev/images "HTTP/1.1 200 OK"
2026-06-11 09:52:54,210 [INFO] Serper (Google Images) returned 15 candidates for SKU S004484 (query='Atlas Swift Shelter Cabernet Sauvignon, South Africa 2023 wine bottle')
2026-06-11 09:52:54,210 [INFO] SKU S004484 query='Atlas Swift Shelter Cabernet Sauvignon, South Africa 2023 wine bottle' — brave=15 google_cse=0 google_images=15 bing=1 ddg=1
2026-06-11 09:52:54,273 [INFO] HTTP Request: GET https://www.googleapis.com/customsearch/v1?key=AIzaSyBZ5p08dd5cR_Q5bMHhaAFuH6kPUO9jxrY&cx=02211d6d3950b4d03&q=Atlas+2023+wine+bottle&searchType=image&num=10&imgSize=large&imgType=photo "HTTP/1.1 403 Forbidden"
2026-06-11 09:52:54,273 [WARNING] Custom Search JSON API returned 403: this GCP project likely has no JSON API entitlement (Google closed JSON API access for new projects; DDG/Bing fallback will be used). See https://developers.google.com/custom-search/v1/overview (Vertex AI Search or a third-party SERP API are alternatives).
2026-06-11 09:52:54,350 [INFO] response: https://duckduckgo.com/?q=Atlas+2023+wine+bottle 200
2026-06-11 09:52:54,398 [INFO] response: https://www.bing.com/images/async?q=Atlas+2023+wine+bottle&async=1&first=1&count=35 200
2026-06-11 09:52:54,401 [INFO] Bing returned 1 candidates for SKU S004484
2026-06-11 09:52:54,448 [INFO] response: https://duckduckgo.com/i.js?o=json&q=Atlas+2023+wine+bottle&l=us-en&vqd=4-173754286300922029038099656369489765898&p=1&ct=AT 403
2026-06-11 09:52:54,518 [INFO] response: https://duckduckgo.com/?q=Atlas+2023+wine+bottle 200
2026-06-11 09:52:54,608 [INFO] response: https://duckduckgo.com/i.js?o=json&q=Atlas+2023+wine+bottle&l=us-en&vqd=4-173754286300922029038099656369489765898&p=1&ct=AT 403
2026-06-11 09:52:54,793 [INFO] response: https://www.bing.com/images/async?q=Atlas+2023+wine+bottle&async=1&first=1&count=35 200
2026-06-11 09:52:54,797 [INFO] DuckDuckGo returned 1 candidates for SKU S004484
2026-06-11 09:52:54,859 [INFO] HTTP Request: GET https://api.search.brave.com/res/v1/images/search?q=Atlas+2023+wine+bottle&count=15&search_lang=en&country=ALL&safesearch=strict&spellcheck=true "HTTP/1.1 200 OK"
2026-06-11 09:52:54,862 [INFO] Brave returned 14 candidates for SKU S004484 (query='Atlas 2023 wine bottle')
2026-06-11 09:52:55,450 [INFO] HTTP Request: POST https://google.serper.dev/images "HTTP/1.1 200 OK"
2026-06-11 09:52:55,469 [INFO] Serper (Google Images) returned 15 candidates for SKU S004484 (query='Atlas 2023 wine bottle')
2026-06-11 09:52:55,469 [INFO] SKU S004484 query='Atlas 2023 wine bottle' — brave=14 google_cse=0 google_images=15 bing=1 ddg=1
2026-06-11 09:52:55,469 [INFO] Merged 93 total candidates for SKU S004484 (all sources, 3 queries)
2026-06-11 09:52:55,916 [INFO] HTTP Request: GET https://www.creativefabrica.com/wp-content/uploads/2023/06/24/location-mail-calling-website-icons-Graphics-72915008-1.jpg "HTTP/1.1 301 Moved Permanently"
2026-06-11 09:52:56,181 [INFO] HTTP Request: GET https://cdn.creativefabrica.com/2023/06/24/location-mail-calling-website-icons-Graphics-72915008-1.jpg "HTTP/1.1 200 OK"
2026-06-11 09:52:57,133 [INFO] SKU S004484 — first downloadable image: https://www.creativefabrica.com/wp-content/uploads/2023/06/24/location-mail-calling-websit
2026-06-11 09:52:57,133 [ERROR]   Error: SQLite objects created in a thread can only be used in that same thread. The object was created in thread id 139320903170944 and this is thread id 139319268337216.
2026-06-11 09:52:57,134 [INFO] [4/141] S004485: Atlas Swift Shelter Red Blend, South Africa
2026-06-11 09:52:57,138 [ERROR] Brave Image Search failed: Event loop is closed
2026-06-11 09:52:57,138 [ERROR] Google search failed: Event loop is closed
2026-06-11 09:52:57,138 [ERROR] Serper search failed: Event loop is closed
2026-06-11 09:52:57,297 [INFO] response: https://duckduckgo.com/?q=Atlas+Swift+Shelter+Red+Blend%2C+South+Africa+2022 200
2026-06-11 09:52:57,366 [INFO] response: https://www.bing.com/images/async?q=Atlas+Swift+Shelter+Red+Blend%2C+South+Africa+2022&async=1&first=1&count=35 200
2026-06-11 09:52:57,375 [INFO] Bing returned 15 candidates for SKU S004485
2026-06-11 09:52:57,383 [INFO] response: https://duckduckgo.com/i.js?o=json&q=Atlas+Swift+Shelter+Red+Blend%2C+South+Africa+2022&l=us-en&vqd=4-337165589253621700177553190636023684539&p=1&ct=AT 403
2026-06-11 09:52:57,664 [INFO] response: https://www.bing.com/images/async?q=Atlas+Swift+Shelter+Red+Blend%2C+South+Africa+2022&async=1&first=1&count=35 200
2026-06-11 09:52:57,666 [INFO] DuckDuckGo returned 1 candidates for SKU S004485
2026-06-11 09:52:57,666 [INFO] SKU S004485 query='Atlas Swift Shelter Red Blend, South Africa 2022' — brave=0 google_cse=0 google_images=0 bing=15 ddg=1
2026-06-11 09:52:57,818 [INFO] response: https://www.bing.com/images/async?q=Atlas+Swift+Shelter+Red+Blend%2C+South+Africa+2022+wine+bottle&async=1&first=1&count=35 200
2026-06-11 09:52:57,820 [INFO] Bing returned 1 candidates for SKU S004485
2026-06-11 09:52:57,914 [INFO] response: https://duckduckgo.com/?q=Atlas+Swift+Shelter+Red+Blend%2C+South+Africa+2022+wine+bottle 200
2026-06-11 09:52:58,013 [INFO] HTTP Request: GET https://www.googleapis.com/customsearch/v1?key=AIzaSyBZ5p08dd5cR_Q5bMHhaAFuH6kPUO9jxrY&cx=02211d6d3950b4d03&q=Atlas+Swift+Shelter+Red+Blend%2C+South+Africa+2022+wine+bottle&searchType=image&num=10&imgSize=large&imgType=photo "HTTP/1.1 403 Forbidden"
2026-06-11 09:52:58,015 [WARNING] Custom Search JSON API returned 403: this GCP project likely has no JSON API entitlement (Google closed JSON API access for new projects; DDG/Bing fallback will be used). See https://developers.google.com/custom-search/v1/overview (Vertex AI Search or a third-party SERP API are alternatives).
2026-06-11 09:52:58,144 [INFO] response: https://duckduckgo.com/i.js?o=json&q=Atlas+Swift+Shelter+Red+Blend%2C+South+Africa+2022+wine+bottle&l=us-en&vqd=4-234475603687226440426542004195737054657&p=1&ct=AT 403
2026-06-11 09:52:58,343 [INFO] response: https://www.bing.com/images/async?q=Atlas+Swift+Shelter+Red+Blend%2C+South+Africa+2022+wine+bottle&async=1&first=1&count=35 200
2026-06-11 09:52:58,345 [INFO] DuckDuckGo returned 1 candidates for SKU S004485
2026-06-11 09:52:58,610 [INFO] HTTP Request: GET https://api.search.brave.com/res/v1/images/search?q=Atlas+Swift+Shelter+Red+Blend%2C+South+Africa+2022+wine+bottle&count=15&search_lang=en&country=ALL&safesearch=strict&spellcheck=true "HTTP/1.1 200 OK"
2026-06-11 09:52:58,611 [INFO] Brave returned 15 candidates for SKU S004485 (query='Atlas Swift Shelter Red Blend, South Africa 2022 wine bottle')
2026-06-11 09:52:59,752 [INFO] HTTP Request: POST https://google.serper.dev/images "HTTP/1.1 200 OK"
2026-06-11 09:52:59,755 [INFO] Serper (Google Images) returned 14 candidates for SKU S004485 (query='Atlas Swift Shelter Red Blend, South Africa 2022 wine bottle')
2026-06-11 09:52:59,755 [INFO] SKU S004485 query='Atlas Swift Shelter Red Blend, South Africa 2022 wine bottle' — brave=15 google_cse=0 google_images=14 bing=1 ddg=1
2026-06-11 09:52:59,842 [INFO] HTTP Request: GET https://www.googleapis.com/customsearch/v1?key=AIzaSyBZ5p08dd5cR_Q5bMHhaAFuH6kPUO9jxrY&cx=02211d6d3950b4d03&q=Atlas+2022+wine+bottle&searchType=image&num=10&imgSize=large&imgType=photo "HTTP/1.1 403 Forbidden"
2026-06-11 09:52:59,848 [WARNING] Custom Search JSON API returned 403: this GCP project likely has no JSON API entitlement (Google closed JSON API access for new projects; DDG/Bing fallback will be used). See https://developers.google.com/custom-search/v1/overview (Vertex AI Search or a third-party SERP API are alternatives).
2026-06-11 09:52:59,952 [INFO] response: https://www.bing.com/images/async?q=Atlas+2022+wine+bottle&async=1&first=1&count=35 200
2026-06-11 09:52:59,952 [INFO] response: https://duckduckgo.com/?q=Atlas+2022+wine+bottle 200
2026-06-11 09:52:59,967 [INFO] Bing returned 15 candidates for SKU S004485
2026-06-11 09:53:00,039 [INFO] response: https://duckduckgo.com/i.js?o=json&q=Atlas+2022+wine+bottle&l=us-en&vqd=4-195432209107866160943903528994027058350&p=1&ct=AT 403
2026-06-11 09:53:00,186 [INFO] response: https://duckduckgo.com/?q=Atlas+2022+wine+bottle 200
2026-06-11 09:53:00,374 [INFO] response: https://duckduckgo.com/i.js?o=json&q=Atlas+2022+wine+bottle&l=us-en&vqd=4-195432209107866160943903528994027058350&p=1&ct=AT 403
2026-06-11 09:53:00,479 [INFO] HTTP Request: GET https://api.search.brave.com/res/v1/images/search?q=Atlas+2022+wine+bottle&count=15&search_lang=en&country=ALL&safesearch=strict&spellcheck=true "HTTP/1.1 200 OK"
2026-06-11 09:53:00,480 [INFO] Brave returned 14 candidates for SKU S004485 (query='Atlas 2022 wine bottle')
2026-06-11 09:53:00,549 [INFO] response: https://www.bing.com/images/async?q=Atlas+2022+wine+bottle&async=1&first=1&count=35 200
2026-06-11 09:53:00,560 [INFO] DuckDuckGo returned 15 candidates for SKU S004485
2026-06-11 09:53:01,121 [INFO] HTTP Request: POST https://google.serper.dev/images "HTTP/1.1 200 OK"
2026-06-11 09:53:01,122 [INFO] Serper (Google Images) returned 15 candidates for SKU S004485 (query='Atlas 2022 wine bottle')
2026-06-11 09:53:01,123 [INFO] SKU S004485 query='Atlas 2022 wine bottle' — brave=14 google_cse=0 google_images=15 bing=15 ddg=15
2026-06-11 09:53:01,123 [INFO] Merged 91 total candidates for SKU S004485 (all sources, 3 queries)
2026-06-11 09:53:02,118 [INFO] HTTP Request: GET https://pbs.twimg.com/media/GNN_YfEXQAA0iXW.jpg:large "HTTP/1.1 200 OK"
2026-06-11 09:53:02,419 [INFO] SKU S004485 — first downloadable image: https://pbs.twimg.com/media/GNN_YfEXQAA0iXW.jpg:large
2026-06-11 09:53:02,419 [ERROR]   Error: SQLite objects created in a thread can only be used in that same thread. The object was created in thread id 139320903170944 and this is thread id 139319268337216.
2026-06-11 09:53:02,419 [INFO] [5/141] S004486: Atlas Swift Shelter Malbec, South Africa
2026-06-11 09:53:02,425 [ERROR] Brave Image Search failed: Event loop is closed
2026-06-11 09:53:02,425 [ERROR] Google search failed: Event loop is closed
2026-06-11 09:53:02,425 [ERROR] Serper search failed: Event loop is closed
2026-06-11 09:53:02,559 [INFO] response: https://duckduckgo.com/?q=Atlas+Swift+Shelter+Malbec%2C+South+Africa+2024 200
2026-06-11 09:53:02,604 [INFO] response: https://www.bing.com/images/async?q=Atlas+Swift+Shelter+Malbec%2C+South+Africa+2024&async=1&first=1&count=35 200
2026-06-11 09:53:02,606 [INFO] Bing returned 1 candidates for SKU S004486
2026-06-11 09:53:02,643 [INFO] response: https://duckduckgo.com/i.js?o=json&q=Atlas+Swift+Shelter+Malbec%2C+South+Africa+2024&l=us-en&vqd=4-65256829339102660524777996405320737027&p=1&ct=AT 403
2026-06-11 09:53:02,928 [INFO] response: https://www.bing.com/images/async?q=Atlas+Swift+Shelter+Malbec%2C+South+Africa+2024&async=1&first=1&count=35 200
2026-06-11 09:53:02,938 [INFO] DuckDuckGo returned 15 candidates for SKU S004486
2026-06-11 09:53:02,938 [INFO] SKU S004486 query='Atlas Swift Shelter Malbec, South Africa 2024' — brave=0 google_cse=0 google_images=0 bing=1 ddg=15
2026-06-11 09:53:03,094 [INFO] response: https://duckduckgo.com/?q=Atlas+Swift+Shelter+Malbec%2C+South+Africa+2024+wine+bottle 200
2026-06-11 09:53:03,095 [INFO] HTTP Request: GET https://www.googleapis.com/customsearch/v1?key=AIzaSyBZ5p08dd5cR_Q5bMHhaAFuH6kPUO9jxrY&cx=02211d6d3950b4d03&q=Atlas+Swift+Shelter+Malbec%2C+South+Africa+2024+wine+bottle&searchType=image&num=10&imgSize=large&imgType=photo "HTTP/1.1 403 Forbidden"
2026-06-11 09:53:03,096 [WARNING] Custom Search JSON API returned 403: this GCP project likely has no JSON API entitlement (Google closed JSON API access for new projects; DDG/Bing fallback will be used). See https://developers.google.com/custom-search/v1/overview (Vertex AI Search or a third-party SERP API are alternatives).
2026-06-11 09:53:03,138 [INFO] response: https://www.bing.com/images/async?q=Atlas+Swift+Shelter+Malbec%2C+South+Africa+2024+wine+bottle&async=1&first=1&count=35 200
2026-06-11 09:53:03,151 [INFO] Bing returned 15 candidates for SKU S004486
2026-06-11 09:53:03,253 [INFO] response: https://duckduckgo.com/i.js?o=json&q=Atlas+Swift+Shelter+Malbec%2C+South+Africa+2024+wine+bottle&l=us-en&vqd=4-91294910433831525843245798329556749103&p=1&ct=AT 403
2026-06-11 09:53:03,416 [INFO] response: https://www.bing.com/images/async?q=Atlas+Swift+Shelter+Malbec%2C+South+Africa+2024+wine+bottle&async=1&first=1&count=35 200
2026-06-11 09:53:03,422 [INFO] DuckDuckGo returned 15 candidates for SKU S004486
2026-06-11 09:53:03,883 [INFO] HTTP Request: GET https://api.search.brave.com/res/v1/images/search?q=Atlas+Swift+Shelter+Malbec%2C+South+Africa+2024+wine+bottle&count=15&search_lang=en&country=ALL&safesearch=strict&spellcheck=true "HTTP/1.1 200 OK"
2026-06-11 09:53:03,884 [INFO] Brave returned 15 candidates for SKU S004486 (query='Atlas Swift Shelter Malbec, South Africa 2024 wine bottle')
2026-06-11 09:53:04,679 [INFO] HTTP Request: POST https://google.serper.dev/images "HTTP/1.1 200 OK"
2026-06-11 09:53:04,681 [INFO] Serper (Google Images) returned 11 candidates for SKU S004486 (query='Atlas Swift Shelter Malbec, South Africa 2024 wine bottle')
2026-06-11 09:53:04,681 [INFO] SKU S004486 query='Atlas Swift Shelter Malbec, South Africa 2024 wine bottle' — brave=15 google_cse=0 google_images=11 bing=15 ddg=15
2026-06-11 09:53:04,754 [INFO] HTTP Request: GET https://www.googleapis.com/customsearch/v1?key=AIzaSyBZ5p08dd5cR_Q5bMHhaAFuH6kPUO9jxrY&cx=02211d6d3950b4d03&q=Atlas+2024+wine+bottle&searchType=image&num=10&imgSize=large&imgType=photo "HTTP/1.1 403 Forbidden"
2026-06-11 09:53:04,755 [WARNING] Custom Search JSON API returned 403: this GCP project likely has no JSON API entitlement (Google closed JSON API access for new projects; DDG/Bing fallback will be used). See https://developers.google.com/custom-search/v1/overview (Vertex AI Search or a third-party SERP API are alternatives).
2026-06-11 09:53:04,812 [INFO] response: https://duckduckgo.com/?q=Atlas+2024+wine+bottle 200
2026-06-11 09:53:04,876 [INFO] response: https://www.bing.com/images/async?q=Atlas+2024+wine+bottle&async=1&first=1&count=35 200
2026-06-11 09:53:04,878 [INFO] Bing returned 1 candidates for SKU S004486
2026-06-11 09:53:04,895 [INFO] response: https://duckduckgo.com/i.js?o=json&q=Atlas+2024+wine+bottle&l=us-en&vqd=4-221677696262501520200054325289250335464&p=1&ct=AT 403
2026-06-11 09:53:05,087 [INFO] response: https://www.bing.com/images/async?q=Atlas+2024+wine+bottle&async=1&first=1&count=35 200
2026-06-11 09:53:05,090 [INFO] DuckDuckGo returned 1 candidates for SKU S004486
2026-06-11 09:53:05,396 [INFO] HTTP Request: GET https://api.search.brave.com/res/v1/images/search?q=Atlas+2024+wine+bottle&count=15&search_lang=en&country=ALL&safesearch=strict&spellcheck=true "HTTP/1.1 200 OK"
2026-06-11 09:53:05,397 [INFO] Brave returned 15 candidates for SKU S004486 (query='Atlas 2024 wine bottle')
2026-06-11 09:53:06,829 [INFO] HTTP Request: POST https://google.serper.dev/images "HTTP/1.1 200 OK"
2026-06-11 09:53:06,831 [INFO] Serper (Google Images) returned 14 candidates for SKU S004486 (query='Atlas 2024 wine bottle')
2026-06-11 09:53:06,831 [INFO] SKU S004486 query='Atlas 2024 wine bottle' — brave=15 google_cse=0 google_images=14 bing=1 ddg=1
2026-06-11 09:53:06,831 [INFO] Merged 82 total candidates for SKU S004486 (all sources, 3 queries)
2026-06-11 09:53:09,081 [INFO] HTTP Request: GET https://dealiciousness.net/wp-content/uploads/2023/10/cc2.jpg "HTTP/1.1 200 OK"
2026-06-11 09:53:09,281 [INFO] SKU S004486 — first downloadable image: https://dealiciousness.net/wp-content/uploads/2023/10/cc2.jpg
2026-06-11 09:53:09,282 [ERROR]   Error: SQLite objects created in a thread can only be used in that same thread. The object was created in thread id 139320903170944 and this is thread id 139319268337216.
2026-06-11 09:53:09,282 [INFO] [6/141] S004487: Atlas Swift Shelter Chardonnay, South Africa
2026-06-11 09:53:09,290 [ERROR] Brave Image Search failed: Event loop is closed
2026-06-11 09:53:09,291 [ERROR] Google search failed: Event loop is closed
2026-06-11 09:53:09,292 [ERROR] Serper search failed: Event loop is closed
2026-06-11 09:53:09,480 [INFO] response: https://duckduckgo.com/?q=Atlas+Swift+Shelter+Chardonnay%2C+South+Africa+2023 200
2026-06-11 09:53:09,486 [INFO] response: https://www.bing.com/images/async?q=Atlas+Swift+Shelter+Chardonnay%2C+South+Africa+2023&async=1&first=1&count=35 200
2026-06-11 09:53:09,507 [INFO] Bing returned 15 candidates for SKU S004487
2026-06-11 09:53:09,558 [INFO] response: https://duckduckgo.com/i.js?o=json&q=Atlas+Swift+Shelter+Chardonnay%2C+South+Africa+2023&l=us-en&vqd=4-187287933361818075776843665952227037610&p=1&ct=AT 403
2026-06-11 09:53:09,688 [INFO] response: https://www.bing.com/images/async?q=Atlas+Swift+Shelter+Chardonnay%2C+South+Africa+2023&async=1&first=1&count=35 200
2026-06-11 09:53:09,690 [INFO] DuckDuckGo returned 1 candidates for SKU S004487
2026-06-11 09:53:09,691 [INFO] SKU S004487 query='Atlas Swift Shelter Chardonnay, South Africa 2023' — brave=0 google_cse=0 google_images=0 bing=15 ddg=1
2026-06-11 09:53:09,824 [INFO] response: https://duckduckgo.com/?q=Atlas+Swift+Shelter+Chardonnay%2C+South+Africa+2023+wine+bottle 200
2026-06-11 09:53:09,842 [INFO] HTTP Request: GET https://www.googleapis.com/customsearch/v1?key=AIzaSyBZ5p08dd5cR_Q5bMHhaAFuH6kPUO9jxrY&cx=02211d6d3950b4d03&q=Atlas+Swift+Shelter+Chardonnay%2C+South+Africa+2023+wine+bottle&searchType=image&num=10&imgSize=large&imgType=photo "HTTP/1.1 403 Forbidden"
2026-06-11 09:53:09,844 [WARNING] Custom Search JSON API returned 403: this GCP project likely has no JSON API entitlement (Google closed JSON API access for new projects; DDG/Bing fallback will be used). See https://developers.google.com/custom-search/v1/overview (Vertex AI Search or a third-party SERP API are alternatives).
2026-06-11 09:53:09,875 [INFO] response: https://www.bing.com/images/async?q=Atlas+Swift+Shelter+Chardonnay%2C+South+Africa+2023+wine+bottle&async=1&first=1&count=35 200
2026-06-11 09:53:09,893 [INFO] Bing returned 15 candidates for SKU S004487
2026-06-11 09:53:09,908 [INFO] response: https://duckduckgo.com/i.js?o=json&q=Atlas+Swift+Shelter+Chardonnay%2C+South+Africa+2023+wine+bottle&l=us-en&vqd=4-55732024825015539585419290780307683860&p=1&ct=AT 403
2026-06-11 09:53:10,067 [INFO] response: https://www.bing.com/images/async?q=Atlas+Swift+Shelter+Chardonnay%2C+South+Africa+2023+wine+bottle&async=1&first=1&count=35 200
2026-06-11 09:53:10,075 [INFO] DuckDuckGo returned 15 candidates for SKU S004487
2026-06-11 09:53:10,606 [INFO] HTTP Request: GET https://api.search.brave.com/res/v1/images/search?q=Atlas+Swift+Shelter+Chardonnay%2C+South+Africa+2023+wine+bottle&count=15&search_lang=en&country=ALL&safesearch=strict&spellcheck=true "HTTP/1.1 200 OK"
2026-06-11 09:53:10,607 [INFO] Brave returned 15 candidates for SKU S004487 (query='Atlas Swift Shelter Chardonnay, South Africa 2023 wine bottle')
2026-06-11 09:53:12,680 [INFO] HTTP Request: POST https://google.serper.dev/images "HTTP/1.1 200 OK"
2026-06-11 09:53:12,682 [INFO] Serper (Google Images) returned 15 candidates for SKU S004487 (query='Atlas Swift Shelter Chardonnay, South Africa 2023 wine bottle')
2026-06-11 09:53:12,682 [INFO] SKU S004487 query='Atlas Swift Shelter Chardonnay, South Africa 2023 wine bottle' — brave=15 google_cse=0 google_images=15 bing=15 ddg=15
2026-06-11 09:53:12,760 [INFO] HTTP Request: GET https://www.googleapis.com/customsearch/v1?key=AIzaSyBZ5p08dd5cR_Q5bMHhaAFuH6kPUO9jxrY&cx=02211d6d3950b4d03&q=Atlas+2023+wine+bottle&searchType=image&num=10&imgSize=large&imgType=photo "HTTP/1.1 403 Forbidden"
2026-06-11 09:53:12,761 [WARNING] Custom Search JSON API returned 403: this GCP project likely has no JSON API entitlement (Google closed JSON API access for new projects; DDG/Bing fallback will be used). See https://developers.google.com/custom-search/v1/overview (Vertex AI Search or a third-party SERP API are alternatives).
2026-06-11 09:53:12,884 [INFO] response: https://www.bing.com/images/async?q=Atlas+2023+wine+bottle&async=1&first=1&count=35 200
2026-06-11 09:53:12,884 [INFO] response: https://duckduckgo.com/?q=Atlas+2023+wine+bottle 200
2026-06-11 09:53:12,886 [INFO] Bing returned 1 candidates for SKU S004487
2026-06-11 09:53:12,889 [INFO] HTTP Request: GET https://api.search.brave.com/res/v1/images/search?q=Atlas+2023+wine+bottle&count=15&search_lang=en&country=ALL&safesearch=strict&spellcheck=true "HTTP/1.1 200 OK"
2026-06-11 09:53:12,895 [INFO] Brave returned 14 candidates for SKU S004487 (query='Atlas 2023 wine bottle')
2026-06-11 09:53:12,969 [INFO] response: https://duckduckgo.com/i.js?o=json&q=Atlas+2023+wine+bottle&l=us-en&vqd=4-173754286300922029038099656369489765898&p=1&ct=AT 403
2026-06-11 09:53:13,294 [INFO] response: https://www.bing.com/images/async?q=Atlas+2023+wine+bottle&async=1&first=1&count=35 200
2026-06-11 09:53:13,296 [INFO] DuckDuckGo returned 1 candidates for SKU S004487
2026-06-11 09:53:13,970 [INFO] HTTP Request: POST https://google.serper.dev/images "HTTP/1.1 200 OK"
2026-06-11 09:53:13,971 [INFO] Serper (Google Images) returned 15 candidates for SKU S004487 (query='Atlas 2023 wine bottle')
2026-06-11 09:53:13,971 [INFO] SKU S004487 query='Atlas 2023 wine bottle' — brave=14 google_cse=0 google_images=15 bing=1 ddg=1
2026-06-11 09:53:13,971 [INFO] Merged 107 total candidates for SKU S004487 (all sources, 3 queries)
2026-06-11 09:53:14,524 [INFO] HTTP Request: GET https://m.media-amazon.com/images/I/614J4xcvCwL._AC_.jpg "HTTP/1.1 200 OK"
2026-06-11 09:53:14,637 [INFO] SKU S004487 — first downloadable image: https://m.media-amazon.com/images/I/614J4xcvCwL._AC_.jpg
2026-06-11 09:53:14,637 [ERROR]   Error: SQLite objects created in a thread can only be used in that same thread. The object was created in thread id 139320903170944 and this is thread id 139319268337216.
2026-06-11 09:53:14,637 [INFO] [7/141] S004488: Barnett Merlot, Spring Mountain District, Napa Valley, California
2026-06-11 09:53:14,641 [ERROR] Brave Image Search failed: Event loop is closed
2026-06-11 09:53:14,641 [ERROR] Google search failed: Event loop is closed
2026-06-11 09:53:14,642 [ERROR] Serper search failed: Event loop is closed
2026-06-11 09:53:14,903 [INFO] response: https://duckduckgo.com/?q=Barnett+Merlot%2C+Spring+Mountain+District%2C+Napa+Valley%2C+California+2017 200
2026-06-11 09:53:14,919 [INFO] response: https://www.bing.com/images/async?q=Barnett+Merlot%2C+Spring+Mountain+District%2C+Napa+Valley%2C+California+2017&async=1&first=1&count=35 200
2026-06-11 09:53:14,921 [INFO] Bing returned 1 candidates for SKU S004488
2026-06-11 09:53:15,000 [INFO] response: https://duckduckgo.com/i.js?o=json&q=Barnett+Merlot%2C+Spring+Mountain+District%2C+Napa+Valley%2C+California+2017&l=us-en&vqd=4-293358595681491379958891117164325858905&p=1&ct=AT 403
2026-06-11 09:53:15,137 [INFO] response: https://duckduckgo.com/?q=Barnett+Merlot%2C+Spring+Mountain+District%2C+Napa+Valley%2C+California+2017 200
2026-06-11 09:53:15,343 [INFO] response: https://duckduckgo.com/i.js?o=json&q=Barnett+Merlot%2C+Spring+Mountain+District%2C+Napa+Valley%2C+California+2017&l=us-en&vqd=4-293358595681491379958891117164325858905&p=1&ct=AT 403
2026-06-11 09:53:15,548 [INFO] response: https://www.bing.com/images/async?q=Barnett+Merlot%2C+Spring+Mountain+District%2C+Napa+Valley%2C+California+2017&async=1&first=1&count=35 200
2026-06-11 09:53:15,549 [INFO] DuckDuckGo returned 1 candidates for SKU S004488
2026-06-11 09:53:15,549 [INFO] SKU S004488 query='Barnett Merlot, Spring Mountain District, Napa Valley, California 2017' — brave=0 google_cse=0 google_images=0 bing=1 ddg=1
2026-06-11 09:53:15,696 [INFO] response: https://duckduckgo.com/?q=Barnett+Merlot%2C+Spring+Mountain+District%2C+Napa+Valley%2C+California+2017+wine+bottle 200
2026-06-11 09:53:15,724 [INFO] response: https://www.bing.com/images/async?q=Barnett+Merlot%2C+Spring+Mountain+District%2C+Napa+Valley%2C+California+2017+wine+bottle&async=1&first=1&count=35 200
2026-06-11 09:53:15,728 [INFO] Bing returned 1 candidates for SKU S004488
2026-06-11 09:53:15,765 [INFO] HTTP Request: GET https://www.googleapis.com/customsearch/v1?key=AIzaSyBZ5p08dd5cR_Q5bMHhaAFuH6kPUO9jxrY&cx=02211d6d3950b4d03&q=Barnett+Merlot%2C+Spring+Mountain+District%2C+Napa+Valley%2C+California+2017+wine+bottle&searchType=image&num=10&imgSize=large&imgType=photo "HTTP/1.1 403 Forbidden"
2026-06-11 09:53:15,768 [WARNING] Custom Search JSON API returned 403: this GCP project likely has no JSON API entitlement (Google closed JSON API access for new projects; DDG/Bing fallback will be used). See https://developers.google.com/custom-search/v1/overview (Vertex AI Search or a third-party SERP API are alternatives).
2026-06-11 09:53:15,769 [INFO] response: https://duckduckgo.com/i.js?o=json&q=Barnett+Merlot%2C+Spring+Mountain+District%2C+Napa+Valley%2C+California+2017+wine+bottle&l=us-en&vqd=4-275425124949140439851121433805177928384&p=1&ct=AT 403
2026-06-11 09:53:16,026 [INFO] response: https://www.bing.com/images/async?q=Barnett+Merlot%2C+Spring+Mountain+District%2C+Napa+Valley%2C+California+2017+wine+bottle&async=1&first=1&count=35 200
2026-06-11 09:53:16,027 [INFO] DuckDuckGo returned 1 candidates for SKU S004488
2026-06-11 09:53:16,611 [INFO] HTTP Request: GET https://api.search.brave.com/res/v1/images/search?q=Barnett+Merlot%2C+Spring+Mountain+District%2C+Napa+Valley%2C+California+2017+wine+bottle&count=15&search_lang=en&country=ALL&safesearch=strict&spellcheck=true "HTTP/1.1 200 OK"
2026-06-11 09:53:16,613 [INFO] Brave returned 15 candidates for SKU S004488 (query='Barnett Merlot, Spring Mountain District, Napa Valley, California 2017 wine bott')
2026-06-11 09:53:17,291 [INFO] HTTP Request: POST https://google.serper.dev/images "HTTP/1.1 200 OK"
2026-06-11 09:53:17,295 [INFO] Serper (Google Images) returned 15 candidates for SKU S004488 (query='Barnett Merlot, Spring Mountain District, Napa Valley, California 2017 wine bott')
2026-06-11 09:53:17,295 [INFO] SKU S004488 query='Barnett Merlot, Spring Mountain District, Napa Valley, California 2017' — brave=15 google_cse=0 google_images=15 bing=1 ddg=1
2026-06-11 09:53:17,375 [INFO] HTTP Request: GET https://www.googleapis.com/customsearch/v1?key=AIzaSyBZ5p08dd5cR_Q5bMHhaAFuH6kPUO9jxrY&cx=02211d6d3950b4d03&q=Barnett+2017+wine+bottle&searchType=image&num=10&imgSize=large&imgType=photo "HTTP/1.1 403 Forbidden"
2026-06-11 09:53:17,375 [WARNING] Custom Search JSON API returned 403: this GCP project likely has no JSON API entitlement (Google closed JSON API access for new projects; DDG/Bing fallback will be used). See https://developers.google.com/custom-search/v1/overview (Vertex AI Search or a third-party SERP API are alternatives).
2026-06-11 09:53:17,424 [INFO] response: https://duckduckgo.com/?q=Barnett+2017+wine+bottle 200
2026-06-11 09:53:17,455 [INFO] response: https://www.bing.com/images/async?q=Barnett+2017+wine+bottle&async=1&first=1&count=35 200
2026-06-11 09:53:17,470 [INFO] Bing returned 1 candidates for SKU S004488
2026-06-11 09:53:17,524 [INFO] response: https://duckduckgo.com/i.js?o=json&q=Barnett+2017+wine+bottle&l=us-en&vqd=4-289763855701697970490630531907448618644&p=1&ct=AT 403
2026-06-11 09:53:17,590 [INFO] response: https://duckduckgo.com/?q=Barnett+2017+wine+bottle 200
2026-06-11 09:53:17,682 [INFO] response: https://duckduckgo.com/i.js?o=json&q=Barnett+2017+wine+bottle&l=us-en&vqd=4-289763855701697970490630531907448618644&p=1&ct=AT 403
2026-06-11 09:53:17,891 [INFO] response: https://www.bing.com/images/async?q=Barnett+2017+wine+bottle&async=1&first=1&count=35 200
2026-06-11 09:53:17,897 [INFO] DuckDuckGo returned 12 candidates for SKU S004488
2026-06-11 09:53:18,060 [INFO] HTTP Request: GET https://api.search.brave.com/res/v1/images/search?q=Barnett+2017+wine+bottle&count=15&search_lang=en&country=ALL&safesearch=strict&spellcheck=true "HTTP/1.1 200 OK"
2026-06-11 09:53:18,061 [INFO] Brave returned 15 candidates for SKU S004488 (query='Barnett 2017 wine bottle')
2026-06-11 09:53:19,219 [INFO] HTTP Request: POST https://google.serper.dev/images "HTTP/1.1 200 OK"
2026-06-11 09:53:19,220 [INFO] Serper (Google Images) returned 15 candidates for SKU S004488 (query='Barnett 2017 wine bottle')
2026-06-11 09:53:19,220 [INFO] SKU S004488 query='Barnett 2017 wine bottle' — brave=15 google_cse=0 google_images=15 bing=1 ddg=12
2026-06-11 09:53:19,220 [INFO] Merged 72 total candidates for SKU S004488 (all sources, 3 queries)
2026-06-11 09:53:19,731 [INFO] HTTP Request: GET https://i.pinimg.com/originals/71/e4/56/71e456f635d0b7500ff09c19088989e0.jpg "HTTP/1.1 200 OK"
2026-06-11 09:53:19,737 [INFO] SKU S004488 — first downloadable image: https://i.pinimg.com/originals/71/e4/56/71e456f635d0b7500ff09c19088989e0.jpg
2026-06-11 09:53:19,738 [ERROR]   Error: SQLite objects created in a thread can only be used in that same thread. The object was created in thread id 139320903170944 and this is thread id 139319268337216.
2026-06-11 09:53:19,738 [INFO] [8/141] S004489: Barnett Merlot, Spring Mountain District, Napa Valley, California
2026-06-11 09:53:19,743 [ERROR] Brave Image Search failed: Event loop is closed
2026-06-11 09:53:19,743 [ERROR] Google search failed: Event loop is closed
2026-06-11 09:53:19,744 [ERROR] Serper search failed: Event loop is closed
2026-06-11 09:53:19,879 [INFO] response: https://duckduckgo.com/?q=Barnett+Merlot%2C+Spring+Mountain+District%2C+Napa+Valley%2C+California+2021 200
2026-06-11 09:53:19,913 [INFO] response: https://www.bing.com/images/async?q=Barnett+Merlot%2C+Spring+Mountain+District%2C+Napa+Valley%2C+California+2021&async=1&first=1&count=35 200
2026-06-11 09:53:19,916 [INFO] Bing returned 12 candidates for SKU S004489
2026-06-11 09:53:19,974 [INFO] response: https://duckduckgo.com/i.js?o=json&q=Barnett+Merlot%2C+Spring+Mountain+District%2C+Napa+Valley%2C+California+2021&l=us-en&vqd=4-314257367813525881640267717913580198748&p=1&ct=AT 403
2026-06-11 09:53:20,242 [INFO] response: https://www.bing.com/images/async?q=Barnett+Merlot%2C+Spring+Mountain+District%2C+Napa+Valley%2C+California+2021&async=1&first=1&count=35 200
2026-06-11 09:53:20,250 [INFO] DuckDuckGo returned 15 candidates for SKU S004489
2026-06-11 09:53:20,250 [INFO] SKU S004489 query='Barnett Merlot, Spring Mountain District, Napa Valley, California 2021' — brave=0 google_cse=0 google_images=0 bing=12 ddg=15
2026-06-11 09:53:20,379 [INFO] response: https://duckduckgo.com/?q=Barnett+Merlot%2C+Spring+Mountain+District%2C+Napa+Valley%2C+California+2021+wine+bottle 200
2026-06-11 09:53:20,400 [INFO] HTTP Request: GET https://www.googleapis.com/customsearch/v1?key=AIzaSyBZ5p08dd5cR_Q5bMHhaAFuH6kPUO9jxrY&cx=02211d6d3950b4d03&q=Barnett+Merlot%2C+Spring+Mountain+District%2C+Napa+Valley%2C+California+2021+wine+bottle&searchType=image&num=10&imgSize=large&imgType=photo "HTTP/1.1 403 Forbidden"
2026-06-11 09:53:20,410 [WARNING] Custom Search JSON API returned 403: this GCP project likely has no JSON API entitlement (Google closed JSON API access for new projects; DDG/Bing fallback will be used). See https://developers.google.com/custom-search/v1/overview (Vertex AI Search or a third-party SERP API are alternatives).
2026-06-11 09:53:20,414 [INFO] response: https://www.bing.com/images/async?q=Barnett+Merlot%2C+Spring+Mountain+District%2C+Napa+Valley%2C+California+2021+wine+bottle&async=1&first=1&count=35 200
2026-06-11 09:53:20,419 [INFO] Bing returned 1 candidates for SKU S004489
2026-06-11 09:53:20,473 [INFO] response: https://duckduckgo.com/i.js?o=json&q=Barnett+Merlot%2C+Spring+Mountain+District%2C+Napa+Valley%2C+California+2021+wine+bottle&l=us-en&vqd=4-117127399573343326286422987702782318600&p=1&ct=AT 403
2026-06-11 09:53:20,663 [INFO] response: https://www.bing.com/images/async?q=Barnett+Merlot%2C+Spring+Mountain+District%2C+Napa+Valley%2C+California+2021+wine+bottle&async=1&first=1&count=35 200
2026-06-11 09:53:20,675 [INFO] DuckDuckGo returned 15 candidates for SKU S004489
2026-06-11 09:53:21,267 [INFO] HTTP Request: GET https://api.search.brave.com/res/v1/images/search?q=Barnett+Merlot%2C+Spring+Mountain+District%2C+Napa+Valley%2C+California+2021+wine+bottle&count=15&search_lang=en&country=ALL&safesearch=strict&spellcheck=true "HTTP/1.1 200 OK"
2026-06-11 09:53:21,268 [INFO] Brave returned 15 candidates for SKU S004489 (query='Barnett Merlot, Spring Mountain District, Napa Valley, California 2021 wine bott')
2026-06-11 09:53:22,188 [INFO] HTTP Request: POST https://google.serper.dev/images "HTTP/1.1 200 OK"
2026-06-11 09:53:22,190 [INFO] Serper (Google Images) returned 14 candidates for SKU S004489 (query='Barnett Merlot, Spring Mountain District, Napa Valley, California 2021 wine bott')
2026-06-11 09:53:22,190 [INFO] SKU S004489 query='Barnett Merlot, Spring Mountain District, Napa Valley, California 2021' — brave=15 google_cse=0 google_images=14 bing=1 ddg=15
2026-06-11 09:53:22,262 [INFO] HTTP Request: GET https://www.googleapis.com/customsearch/v1?key=AIzaSyBZ5p08dd5cR_Q5bMHhaAFuH6kPUO9jxrY&cx=02211d6d3950b4d03&q=Barnett+2021+wine+bottle&searchType=image&num=10&imgSize=large&imgType=photo "HTTP/1.1 403 Forbidden"
2026-06-11 09:53:22,264 [WARNING] Custom Search JSON API returned 403: this GCP project likely has no JSON API entitlement (Google closed JSON API access for new projects; DDG/Bing fallback will be used). See https://developers.google.com/custom-search/v1/overview (Vertex AI Search or a third-party SERP API are alternatives).
2026-06-11 09:53:22,321 [INFO] response: https://duckduckgo.com/?q=Barnett+2021+wine+bottle 200
2026-06-11 09:53:22,408 [INFO] response: https://duckduckgo.com/i.js?o=json&q=Barnett+2021+wine+bottle&l=us-en&vqd=4-163198408621703149189391824005372172358&p=1&ct=AT 403
2026-06-11 09:53:22,482 [INFO] response: https://duckduckgo.com/?q=Barnett+2021+wine+bottle 200
2026-06-11 09:53:22,577 [INFO] response: https://duckduckgo.com/i.js?o=json&q=Barnett+2021+wine+bottle&l=us-en&vqd=4-163198408621703149189391824005372172358&p=1&ct=AT 403
2026-06-11 09:53:22,856 [INFO] response: https://www.bing.com/images/async?q=Barnett+2021+wine+bottle&async=1&first=1&count=35 200
2026-06-11 09:53:22,871 [INFO] DuckDuckGo returned 15 candidates for SKU S004489
2026-06-11 09:53:22,884 [INFO] HTTP Request: GET https://api.search.brave.com/res/v1/images/search?q=Barnett+2021+wine+bottle&count=15&search_lang=en&country=ALL&safesearch=strict&spellcheck=true "HTTP/1.1 200 OK"
2026-06-11 09:53:22,898 [INFO] Brave returned 15 candidates for SKU S004489 (query='Barnett 2021 wine bottle')
2026-06-11 09:53:23,040 [INFO] response: https://www.bing.com/images/async?q=Barnett+2021+wine+bottle&async=1&first=1&count=35 200
2026-06-11 09:53:23,044 [INFO] Bing returned 1 candidates for SKU S004489
2026-06-11 09:53:23,982 [INFO] HTTP Request: POST https://google.serper.dev/images "HTTP/1.1 200 OK"
2026-06-11 09:53:23,989 [INFO] Serper (Google Images) returned 12 candidates for SKU S004489 (query='Barnett 2021 wine bottle')
2026-06-11 09:53:23,989 [INFO] SKU S004489 query='Barnett 2021 wine bottle' — brave=15 google_cse=0 google_images=12 bing=1 ddg=15
2026-06-11 09:53:23,989 [INFO] Merged 107 total candidates for SKU S004489 (all sources, 3 queries)
2026-06-11 09:53:25,055 [INFO] HTTP Request: GET https://www.pricerunner.com/product/3037407366/Samsung-Galaxy-S24-Ultra-1TB.jpg "HTTP/1.1 301 Moved Permanently"
2026-06-11 09:53:26,285 [INFO] HTTP Request: GET https://owp.klarna.com/product/3037407366/Samsung-Galaxy-S24-Ultra-1TB.jpg "HTTP/1.1 200 OK"
2026-06-11 09:53:26,487 [INFO] SKU S004489 — first downloadable image: https://www.pricerunner.com/product/3037407366/Samsung-Galaxy-S24-Ultra-1TB.jpg
2026-06-11 09:53:26,487 [ERROR]   Error: SQLite objects created in a thread can only be used in that same thread. The object was created in thread id 139320903170944 and this is thread id 139319268337216.
2026-06-11 09:53:26,487 [INFO] [9/141] S004493: Barnett Cabernet Sauvignon, Spring Mountain District, Napa Valley, California (x6)
2026-06-11 09:53:26,491 [ERROR] Brave Image Search failed: Event loop is closed
2026-06-11 09:53:26,491 [ERROR] Google search failed: Event loop is closed
2026-06-11 09:53:26,492 [ERROR] Serper search failed: Event loop is closed
2026-06-11 09:53:26,693 [INFO] response: https://www.bing.com/images/async?q=Barnett+Cabernet+Sauvignon%2C+Spring+Mountain+District%2C+Napa+Valley%2C+California+%28x6%29+2021&async=1&first=1&count=35 200
2026-06-11 09:53:26,694 [INFO] response: https://duckduckgo.com/?q=Barnett+Cabernet+Sauvignon%2C+Spring+Mountain+District%2C+Napa+Valley%2C+California+%28x6%29+2021 200
2026-06-11 09:53:26,695 [INFO] Bing returned 1 candidates for SKU S004493
2026-06-11 09:53:26,924 [INFO] response: https://duckduckgo.com/i.js?o=json&q=Barnett+Cabernet+Sauvignon%2C+Spring+Mountain+District%2C+Napa+Valley%2C+California+%28x6%29+2021&l=us-en&vqd=4-98634389625356591386231739223895116002&p=1&ct=AT 403
2026-06-11 09:53:26,995 [INFO] response: https://duckduckgo.com/?q=Barnett+Cabernet+Sauvignon%2C+Spring+Mountain+District%2C+Napa+Valley%2C+California+%28x6%29+2021 200
2026-06-11 09:53:27,089 [INFO] response: https://duckduckgo.com/i.js?o=json&q=Barnett+Cabernet+Sauvignon%2C+Spring+Mountain+District%2C+Napa+Valley%2C+California+%28x6%29+2021&l=us-en&vqd=4-98634389625356591386231739223895116002&p=1&ct=AT 403
2026-06-11 09:53:27,247 [INFO] response: https://www.bing.com/images/async?q=Barnett+Cabernet+Sauvignon%2C+Spring+Mountain+District%2C+Napa+Valley%2C+California+%28x6%29+2021&async=1&first=1&count=35 200
2026-06-11 09:53:27,248 [INFO] DuckDuckGo returned 1 candidates for SKU S004493
2026-06-11 09:53:27,248 [INFO] SKU S004493 query='Barnett Cabernet Sauvignon, Spring Mountain District, Napa Valley, Cal' — brave=0 google_cse=0 google_images=0 bing=1 ddg=1
2026-06-11 09:53:27,387 [INFO] response: https://duckduckgo.com/?q=Barnett+Cabernet+Sauvignon%2C+Spring+Mountain+District%2C+Napa+Valley%2C+California+%28x6%29+2021+wine+bottle 200
2026-06-11 09:53:27,510 [INFO] response: https://www.bing.com/images/async?q=Barnett+Cabernet+Sauvignon%2C+Spring+Mountain+District%2C+Napa+Valley%2C+California+%28x6%29+2021+wine+bottle&async=1&first=1&count=35 200
2026-06-11 09:53:27,511 [INFO] response: https://duckduckgo.com/i.js?o=json&q=Barnett+Cabernet+Sauvignon%2C+Spring+Mountain+District%2C+Napa+Valley%2C+California+%28x6%29+2021+wine+bottle&l=us-en&vqd=4-271024160646791010080841371271429091479&p=1&ct=AT 403
2026-06-11 09:53:27,523 [INFO] Bing returned 15 candidates for SKU S004493
2026-06-11 09:53:27,589 [INFO] HTTP Request: GET https://www.googleapis.com/customsearch/v1?key=AIzaSyBZ5p08dd5cR_Q5bMHhaAFuH6kPUO9jxrY&cx=02211d6d3950b4d03&q=Barnett+Cabernet+Sauvignon%2C+Spring+Mountain+District%2C+Napa+Valley%2C+California+%28x6%29+2021+wine+bottle&searchType=image&num=10&imgSize=large&imgType=photo "HTTP/1.1 403 Forbidden"
2026-06-11 09:53:27,590 [WARNING] Custom Search JSON API returned 403: this GCP project likely has no JSON API entitlement (Google closed JSON API access for new projects; DDG/Bing fallback will be used). See https://developers.google.com/custom-search/v1/overview (Vertex AI Search or a third-party SERP API are alternatives).
2026-06-11 09:53:27,590 [INFO] response: https://duckduckgo.com/?q=Barnett+Cabernet+Sauvignon%2C+Spring+Mountain+District%2C+Napa+Valley%2C+California+%28x6%29+2021+wine+bottle 200
2026-06-11 09:53:27,669 [INFO] response: https://duckduckgo.com/i.js?o=json&q=Barnett+Cabernet+Sauvignon%2C+Spring+Mountain+District%2C+Napa+Valley%2C+California+%28x6%29+2021+wine+bottle&l=us-en&vqd=4-271024160646791010080841371271429091479&p=1&ct=AT 403
2026-06-11 09:53:27,869 [INFO] response: https://www.bing.com/images/async?q=Barnett+Cabernet+Sauvignon%2C+Spring+Mountain+District%2C+Napa+Valley%2C+California+%28x6%29+2021+wine+bottle&async=1&first=1&count=35 200
2026-06-11 09:53:27,897 [INFO] DuckDuckGo returned 15 candidates for SKU S004493
2026-06-11 09:53:28,313 [INFO] HTTP Request: GET https://api.search.brave.com/res/v1/images/search?q=Barnett+Cabernet+Sauvignon%2C+Spring+Mountain+District%2C+Napa+Valley%2C+California+%28x6%29+2021+wine+bottle&count=15&search_lang=en&country=ALL&safesearch=strict&spellcheck=true "HTTP/1.1 200 OK"
2026-06-11 09:53:28,315 [INFO] Brave returned 15 candidates for SKU S004493 (query='Barnett Cabernet Sauvignon, Spring Mountain District, Napa Valley, California (x')
2026-06-11 09:53:29,064 [INFO] HTTP Request: POST https://google.serper.dev/images "HTTP/1.1 200 OK"
2026-06-11 09:53:29,066 [INFO] Serper (Google Images) returned 13 candidates for SKU S004493 (query='Barnett Cabernet Sauvignon, Spring Mountain District, Napa Valley, California (x')
2026-06-11 09:53:29,067 [INFO] SKU S004493 query='Barnett Cabernet Sauvignon, Spring Mountain District, Napa Valley, Cal' — brave=15 google_cse=0 google_images=13 bing=15 ddg=15
2026-06-11 09:53:29,130 [INFO] HTTP Request: GET https://www.googleapis.com/customsearch/v1?key=AIzaSyBZ5p08dd5cR_Q5bMHhaAFuH6kPUO9jxrY&cx=02211d6d3950b4d03&q=Barnett+2021+wine+bottle&searchType=image&num=10&imgSize=large&imgType=photo "HTTP/1.1 403 Forbidden"
2026-06-11 09:53:29,132 [WARNING] Custom Search JSON API returned 403: this GCP project likely has no JSON API entitlement (Google closed JSON API access for new projects; DDG/Bing fallback will be used). See https://developers.google.com/custom-search/v1/overview (Vertex AI Search or a third-party SERP API are alternatives).
2026-06-11 09:53:29,135 [INFO] response: https://duckduckgo.com/?q=Barnett+2021+wine+bottle 200
2026-06-11 09:53:29,213 [INFO] response: https://www.bing.com/images/async?q=Barnett+2021+wine+bottle&async=1&first=1&count=35 200
2026-06-11 09:53:29,215 [INFO] Bing returned 1 candidates for SKU S004493
2026-06-11 09:53:29,264 [INFO] HTTP Request: GET https://api.search.brave.com/res/v1/images/search?q=Barnett+2021+wine+bottle&count=15&search_lang=en&country=ALL&safesearch=strict&spellcheck=true "HTTP/1.1 200 OK"
2026-06-11 09:53:29,276 [INFO] Brave returned 15 candidates for SKU S004493 (query='Barnett 2021 wine bottle')
2026-06-11 09:53:29,304 [INFO] response: https://duckduckgo.com/i.js?o=json&q=Barnett+2021+wine+bottle&l=us-en&vqd=4-163198408621703149189391824005372172358&p=1&ct=AT 403
2026-06-11 09:53:29,443 [INFO] response: https://duckduckgo.com/?q=Barnett+2021+wine+bottle 200
2026-06-11 09:53:29,527 [INFO] response: https://duckduckgo.com/i.js?o=json&q=Barnett+2021+wine+bottle&l=us-en&vqd=4-163198408621703149189391824005372172358&p=1&ct=AT 403
2026-06-11 09:53:29,763 [INFO] response: https://www.bing.com/images/async?q=Barnett+2021+wine+bottle&async=1&first=1&count=35 200
2026-06-11 09:53:29,765 [INFO] DuckDuckGo returned 1 candidates for SKU S004493
2026-06-11 09:53:30,329 [INFO] HTTP Request: POST https://google.serper.dev/images "HTTP/1.1 200 OK"
2026-06-11 09:53:30,357 [INFO] Serper (Google Images) returned 12 candidates for SKU S004493 (query='Barnett 2021 wine bottle')
2026-06-11 09:53:30,357 [INFO] SKU S004493 query='Barnett 2021 wine bottle' — brave=15 google_cse=0 google_images=12 bing=1 ddg=1
2026-06-11 09:53:30,358 [INFO] Merged 82 total candidates for SKU S004493 (all sources, 3 queries)
2026-06-11 09:53:30,901 [INFO] HTTP Request: GET https://mixtrendmedia.com/wp-content/uploads/2024/06/dc069895654fea0a5edbf1aa358fe8ef.jpg "HTTP/1.1 200 OK"
2026-06-11 09:53:31,016 [INFO] SKU S004493 — first downloadable image: https://mixtrendmedia.com/wp-content/uploads/2024/06/dc069895654fea0a5edbf1aa358fe8ef.jpg
2026-06-11 09:53:31,017 [ERROR]   Error: SQLite objects created in a thread can only be used in that same thread. The object was created in thread id 139320903170944 and this is thread id 139319268337216.
2026-06-11 09:53:31,017 [INFO] [10/141] S004494: Barnett Chardonnay, Sangiocomo Vineyard, Carneros, California
2026-06-11 09:53:31,024 [ERROR] Brave Image Search failed: Event loop is closed
2026-06-11 09:53:31,024 [ERROR] Google search failed: Event loop is closed
2026-06-11 09:53:31,024 [ERROR] Serper search failed: Event loop is closed
2026-06-11 09:53:31,176 [INFO] response: https://duckduckgo.com/?q=Barnett+Chardonnay%2C+Sangiocomo+Vineyard%2C+Carneros%2C+California+2020 200
2026-06-11 09:53:31,224 [INFO] response: https://www.bing.com/images/async?q=Barnett+Chardonnay%2C+Sangiocomo+Vineyard%2C+Carneros%2C+California+2020&async=1&first=1&count=35 200
2026-06-11 09:53:31,238 [INFO] Bing returned 15 candidates for SKU S004494
2026-06-11 09:53:31,279 [INFO] response: https://duckduckgo.com/i.js?o=json&q=Barnett+Chardonnay%2C+Sangiocomo+Vineyard%2C+Carneros%2C+California+2020&l=us-en&vqd=4-161665344284685673760564526767275441154&p=1&ct=AT 403
2026-06-11 09:53:31,506 [INFO] response: https://www.bing.com/images/async?q=Barnett+Chardonnay%2C+Sangiocomo+Vineyard%2C+Carneros%2C+California+2020&async=1&first=1&count=35 200
2026-06-11 09:53:31,514 [INFO] DuckDuckGo returned 15 candidates for SKU S004494
2026-06-11 09:53:31,515 [INFO] SKU S004494 query='Barnett Chardonnay, Sangiocomo Vineyard, Carneros, California 2020' — brave=0 google_cse=0 google_images=0 bing=15 ddg=15
2026-06-11 09:53:31,653 [INFO] response: https://duckduckgo.com/?q=Barnett+Chardonnay%2C+Sangiocomo+Vineyard%2C+Carneros%2C+California+2020+wine+bottle 200
2026-06-11 09:53:31,669 [INFO] HTTP Request: GET https://www.googleapis.com/customsearch/v1?key=AIzaSyBZ5p08dd5cR_Q5bMHhaAFuH6kPUO9jxrY&cx=02211d6d3950b4d03&q=Barnett+Chardonnay%2C+Sangiocomo+Vineyard%2C+Carneros%2C+California+2020+wine+bottle&searchType=image&num=10&imgSize=large&imgType=photo "HTTP/1.1 403 Forbidden"
2026-06-11 09:53:31,669 [WARNING] Custom Search JSON API returned 403: this GCP project likely has no JSON API entitlement (Google closed JSON API access for new projects; DDG/Bing fallback will be used). See https://developers.google.com/custom-search/v1/overview (Vertex AI Search or a third-party SERP API are alternatives).
2026-06-11 09:53:31,710 [INFO] response: https://www.bing.com/images/async?q=Barnett+Chardonnay%2C+Sangiocomo+Vineyard%2C+Carneros%2C+California+2020+wine+bottle&async=1&first=1&count=35 200
2026-06-11 09:53:31,733 [INFO] Bing returned 15 candidates for SKU S004494
2026-06-11 09:53:31,735 [INFO] response: https://duckduckgo.com/i.js?o=json&q=Barnett+Chardonnay%2C+Sangiocomo+Vineyard%2C+Carneros%2C+California+2020+wine+bottle&l=us-en&vqd=4-71489258253172532829546559918520699754&p=1&ct=AT 403
2026-06-11 09:53:31,801 [INFO] response: https://duckduckgo.com/?q=Barnett+Chardonnay%2C+Sangiocomo+Vineyard%2C+Carneros%2C+California+2020+wine+bottle 200
2026-06-11 09:53:31,881 [INFO] response: https://duckduckgo.com/i.js?o=json&q=Barnett+Chardonnay%2C+Sangiocomo+Vineyard%2C+Carneros%2C+California+2020+wine+bottle&l=us-en&vqd=4-71489258253172532829546559918520699754&p=1&ct=AT 403
2026-06-11 09:53:32,040 [INFO] response: https://www.bing.com/images/async?q=Barnett+Chardonnay%2C+Sangiocomo+Vineyard%2C+Carneros%2C+California+2020+wine+bottle&async=1&first=1&count=35 200
2026-06-11 09:53:32,073 [INFO] DuckDuckGo returned 15 candidates for SKU S004494
2026-06-11 09:53:32,535 [INFO] HTTP Request: GET https://api.search.brave.com/res/v1/images/search?q=Barnett+Chardonnay%2C+Sangiocomo+Vineyard%2C+Carneros%2C+California+2020+wine+bottle&count=15&search_lang=en&country=ALL&safesearch=strict&spellcheck=true "HTTP/1.1 200 OK"
2026-06-11 09:53:32,538 [INFO] Brave returned 15 candidates for SKU S004494 (query='Barnett Chardonnay, Sangiocomo Vineyard, Carneros, California 2020 wine bottle')
2026-06-11 09:53:33,369 [INFO] HTTP Request: POST https://google.serper.dev/images "HTTP/1.1 200 OK"
2026-06-11 09:53:33,381 [INFO] Serper (Google Images) returned 15 candidates for SKU S004494 (query='Barnett Chardonnay, Sangiocomo Vineyard, Carneros, California 2020 wine bottle')
2026-06-11 09:53:33,382 [INFO] SKU S004494 query='Barnett Chardonnay, Sangiocomo Vineyard, Carneros, California 2020 win' — brave=15 google_cse=0 google_images=15 bing=15 ddg=15
2026-06-11 09:53:33,468 [INFO] HTTP Request: GET https://www.googleapis.com/customsearch/v1?key=AIzaSyBZ5p08dd5cR_Q5bMHhaAFuH6kPUO9jxrY&cx=02211d6d3950b4d03&q=Barnett+2020+wine+bottle&searchType=image&num=10&imgSize=large&imgType=photo "HTTP/1.1 403 Forbidden"
2026-06-11 09:53:33,469 [WARNING] Custom Search JSON API returned 403: this GCP project likely has no JSON API entitlement (Google closed JSON API access for new projects; DDG/Bing fallback will be used). See https://developers.google.com/custom-search/v1/overview (Vertex AI Search or a third-party SERP API are alternatives).
2026-06-11 09:53:33,512 [INFO] response: https://duckduckgo.com/?q=Barnett+2020+wine+bottle 200
2026-06-11 09:53:33,553 [INFO] response: https://www.bing.com/images/async?q=Barnett+2020+wine+bottle&async=1&first=1&count=35 200
2026-06-11 09:53:33,574 [INFO] Bing returned 1 candidates for SKU S004494
2026-06-11 09:53:33,596 [INFO] response: https://duckduckgo.com/i.js?o=json&q=Barnett+2020+wine+bottle&l=us-en&vqd=4-14476111226960575142465303536674603636&p=1&ct=AT 403
2026-06-11 09:53:33,767 [INFO] response: https://www.bing.com/images/async?q=Barnett+2020+wine+bottle&async=1&first=1&count=35 200
2026-06-11 09:53:33,782 [INFO] DuckDuckGo returned 15 candidates for SKU S004494
2026-06-11 09:53:34,068 [INFO] HTTP Request: GET https://api.search.brave.com/res/v1/images/search?q=Barnett+2020+wine+bottle&count=15&search_lang=en&country=ALL&safesearch=strict&spellcheck=true "HTTP/1.1 200 OK"
2026-06-11 09:53:34,069 [INFO] Brave returned 15 candidates for SKU S004494 (query='Barnett 2020 wine bottle')
2026-06-11 09:53:34,889 [INFO] HTTP Request: POST https://google.serper.dev/images "HTTP/1.1 200 OK"
2026-06-11 09:53:34,923 [INFO] Serper (Google Images) returned 14 candidates for SKU S004494 (query='Barnett 2020 wine bottle')
2026-06-11 09:53:34,923 [INFO] SKU S004494 query='Barnett 2020 wine bottle' — brave=15 google_cse=0 google_images=14 bing=1 ddg=15
2026-06-11 09:53:34,923 [INFO] Merged 90 total candidates for SKU S004494 (all sources, 3 queries)
2026-06-11 09:53:36,217 [INFO] HTTP Request: GET https://cdn.ct-static.com/labels/f488908e-8879-4bed-8212-d4e8b6a53c46.jpg "HTTP/1.1 200 OK"
2026-06-11 09:53:36,382 [INFO] SKU S004494 — first downloadable image: https://cdn.ct-static.com/labels/f488908e-8879-4bed-8212-d4e8b6a53c46.jpg
2026-06-11 09:53:36,383 [ERROR]   Error: SQLite objects created in a thread can only be used in that same thread. The object was created in thread id 139320903170944 and this is thread id 139319268337216.
2026-06-11 09:53:36,383 [INFO] [11/141] S004496: Domaine Boudau Le Clos Rose, Cotes du Roussillon, France
2026-06-11 09:53:36,387 [ERROR] Brave Image Search failed: Event loop is closed
2026-06-11 09:53:36,387 [ERROR] Google search failed: Event loop is closed
2026-06-11 09:53:36,388 [ERROR] Serper search failed: Event loop is closed
2026-06-11 09:53:36,508 [INFO] response: https://duckduckgo.com/?q=Domaine+Boudau+Le+Clos+Rose%2C+Cotes+du+Roussillon%2C+France+2024 200
2026-06-11 09:53:36,564 [INFO] response: https://www.bing.com/images/async?q=Domaine+Boudau+Le+Clos+Rose%2C+Cotes+du+Roussillon%2C+France+2024&async=1&first=1&count=35 200
2026-06-11 09:53:36,584 [INFO] Bing returned 15 candidates for SKU S004496
2026-06-11 09:53:36,601 [INFO] response: https://duckduckgo.com/i.js?o=json&q=Domaine+Boudau+Le+Clos+Rose%2C+Cotes+du+Roussillon%2C+France+2024&l=us-en&vqd=4-98908021504437601997370691718001225384&p=1&ct=AT 403
2026-06-11 09:53:36,664 [INFO] response: https://duckduckgo.com/?q=Domaine+Boudau+Le+Clos+Rose%2C+Cotes+du+Roussillon%2C+France+2024 200
2026-06-11 09:53:36,978 [INFO] response: https://duckduckgo.com/i.js?o=json&q=Domaine+Boudau+Le+Clos+Rose%2C+Cotes+du+Roussillon%2C+France+2024&l=us-en&vqd=4-98908021504437601997370691718001225384&p=1&ct=AT 403
2026-06-11 09:53:37,281 [INFO] response: https://www.bing.com/images/async?q=Domaine+Boudau+Le+Clos+Rose%2C+Cotes+du+Roussillon%2C+France+2024&async=1&first=1&count=35 200
2026-06-11 09:53:37,286 [INFO] DuckDuckGo returned 15 candidates for SKU S004496
2026-06-11 09:53:37,287 [INFO] SKU S004496 query='Domaine Boudau Le Clos Rose, Cotes du Roussillon, France 2024' — brave=0 google_cse=0 google_images=0 bing=15 ddg=15
2026-06-11 09:53:37,414 [INFO] response: https://duckduckgo.com/?q=Domaine+Boudau+Le+Clos+Rose%2C+Cotes+du+Roussillon%2C+France+2024+wine+bottle 200
2026-06-11 09:53:37,433 [INFO] HTTP Request: GET https://www.googleapis.com/customsearch/v1?key=AIzaSyBZ5p08dd5cR_Q5bMHhaAFuH6kPUO9jxrY&cx=02211d6d3950b4d03&q=Domaine+Boudau+Le+Clos+Rose%2C+Cotes+du+Roussillon%2C+France+2024+wine+bottle&searchType=image&num=10&imgSize=large&imgType=photo "HTTP/1.1 403 Forbidden"
2026-06-11 09:53:37,433 [WARNING] Custom Search JSON API returned 403: this GCP project likely has no JSON API entitlement (Google closed JSON API access for new projects; DDG/Bing fallback will be used). See https://developers.google.com/custom-search/v1/overview (Vertex AI Search or a third-party SERP API are alternatives).
2026-06-11 09:53:37,461 [INFO] response: https://www.bing.com/images/async?q=Domaine+Boudau+Le+Clos+Rose%2C+Cotes+du+Roussillon%2C+France+2024+wine+bottle&async=1&first=1&count=35 200
2026-06-11 09:53:37,463 [INFO] Bing returned 1 candidates for SKU S004496
2026-06-11 09:53:37,697 [INFO] response: https://duckduckgo.com/i.js?o=json&q=Domaine+Boudau+Le+Clos+Rose%2C+Cotes+du+Roussillon%2C+France+2024+wine+bottle&l=us-en&vqd=4-15436606463466724260203220137555466523&p=1&ct=AT 403
2026-06-11 09:53:38,107 [INFO] response: https://www.bing.com/images/async?q=Domaine+Boudau+Le+Clos+Rose%2C+Cotes+du+Roussillon%2C+France+2024+wine+bottle&async=1&first=1&count=35 200
2026-06-11 09:53:38,109 [INFO] DuckDuckGo returned 1 candidates for SKU S004496
2026-06-11 09:53:38,519 [INFO] HTTP Request: GET https://api.search.brave.com/res/v1/images/search?q=Domaine+Boudau+Le+Clos+Rose%2C+Cotes+du+Roussillon%2C+France+2024+wine+bottle&count=15&search_lang=en&country=ALL&safesearch=strict&spellcheck=true "HTTP/1.1 200 OK"
2026-06-11 09:53:38,521 [INFO] Brave returned 15 candidates for SKU S004496 (query='Domaine Boudau Le Clos Rose, Cotes du Roussillon, France 2024 wine bottle')
2026-06-11 09:53:39,484 [INFO] HTTP Request: POST https://google.serper.dev/images "HTTP/1.1 200 OK"
2026-06-11 09:53:39,740 [INFO] Serper (Google Images) returned 14 candidates for SKU S004496 (query='Domaine Boudau Le Clos Rose, Cotes du Roussillon, France 2024 wine bottle')
2026-06-11 09:53:39,741 [INFO] SKU S004496 query='Domaine Boudau Le Clos Rose, Cotes du Roussillon, France 2024 wine bot' — brave=15 google_cse=0 google_images=14 bing=1 ddg=1
2026-06-11 09:53:39,914 [INFO] HTTP Request: GET https://www.googleapis.com/customsearch/v1?key=AIzaSyBZ5p08dd5cR_Q5bMHhaAFuH6kPUO9jxrY&cx=02211d6d3950b4d03&q=Domaine+Boudau+2024+wine+bottle&searchType=image&num=10&imgSize=large&imgType=photo "HTTP/1.1 403 Forbidden"
2026-06-11 09:53:39,916 [WARNING] Custom Search JSON API returned 403: this GCP project likely has no JSON API entitlement (Google closed JSON API access for new projects; DDG/Bing fallback will be used). See https://developers.google.com/custom-search/v1/overview (Vertex AI Search or a third-party SERP API are alternatives).
2026-06-11 09:53:40,149 [INFO] response: https://www.bing.com/images/async?q=Domaine+Boudau+2024+wine+bottle&async=1&first=1&count=35 200
2026-06-11 09:53:40,149 [INFO] response: https://duckduckgo.com/?q=Domaine+Boudau+2024+wine+bottle 200
2026-06-11 09:53:40,151 [INFO] Bing returned 1 candidates for SKU S004496
2026-06-11 09:53:40,282 [INFO] response: https://duckduckgo.com/i.js?o=json&q=Domaine+Boudau+2024+wine+bottle&l=us-en&vqd=4-287562457840553019783188651209168542955&p=1&ct=AT 403
2026-06-11 09:53:40,349 [INFO] response: https://duckduckgo.com/?q=Domaine+Boudau+2024+wine+bottle 200
2026-06-11 09:53:40,565 [INFO] response: https://duckduckgo.com/i.js?o=json&q=Domaine+Boudau+2024+wine+bottle&l=us-en&vqd=4-287562457840553019783188651209168542955&p=1&ct=AT 403
2026-06-11 09:53:40,566 [INFO] HTTP Request: GET https://api.search.brave.com/res/v1/images/search?q=Domaine+Boudau+2024+wine+bottle&count=15&search_lang=en&country=ALL&safesearch=strict&spellcheck=true "HTTP/1.1 200 OK"
2026-06-11 09:53:40,568 [INFO] Brave returned 15 candidates for SKU S004496 (query='Domaine Boudau 2024 wine bottle')
2026-06-11 09:53:40,968 [INFO] response: https://www.bing.com/images/async?q=Domaine+Boudau+2024+wine+bottle&async=1&first=1&count=35 200
2026-06-11 09:53:40,980 [INFO] DuckDuckGo returned 15 candidates for SKU S004496
2026-06-11 09:53:41,379 [INFO] HTTP Request: POST https://google.serper.dev/images "HTTP/1.1 200 OK"
2026-06-11 09:53:41,381 [INFO] Serper (Google Images) returned 14 candidates for SKU S004496 (query='Domaine Boudau 2024 wine bottle')
2026-06-11 09:53:41,381 [INFO] SKU S004496 query='Domaine Boudau 2024 wine bottle' — brave=15 google_cse=0 google_images=14 bing=1 ddg=15
2026-06-11 09:53:41,381 [INFO] Merged 83 total candidates for SKU S004496 (all sources, 3 queries)
2026-06-11 09:53:43,433 [INFO] HTTP Request: GET https://www.karl-kerler.de/upload_sr03_alless01/gross_boudau-le-clos-rose-bio_57676.jpg "HTTP/1.1 200 OK"
2026-06-11 09:53:43,630 [INFO] SKU S004496 — first downloadable image: https://www.karl-kerler.de/upload_sr03_alless01/gross_boudau-le-clos-rose-bio_57676.jpg
2026-06-11 09:53:43,631 [ERROR]   Error: SQLite objects created in a thread can only be used in that same thread. The object was created in thread id 139320903170944 and this is thread id 139319268337216.
2026-06-11 09:53:43,631 [INFO] [12/141] S004497: Domaine Boudau Clot del Pila (Grenache Syrah blend), Cotes du Roussillon, France (x6)
2026-06-11 09:53:43,637 [ERROR] Brave Image Search failed: Event loop is closed
2026-06-11 09:53:43,637 [ERROR] Google search failed: Event loop is closed
2026-06-11 09:53:43,638 [ERROR] Serper search failed: Event loop is closed
2026-06-11 09:53:44,014 [INFO] response: https://duckduckgo.com/?q=Domaine+Boudau+Clot+del+Pila+%28Grenache+Syrah+blend%29%2C+Cotes+du+Roussillon%2C+France+%28x6%29+2022 200
2026-06-11 09:53:44,251 [INFO] response: https://www.bing.com/images/async?q=Domaine+Boudau+Clot+del+Pila+%28Grenache+Syrah+blend%29%2C+Cotes+du+Roussillon%2C+France+%28x6%29+2022&async=1&first=1&count=35 200
2026-06-11 09:53:44,252 [INFO] response: https://duckduckgo.com/i.js?o=json&q=Domaine+Boudau+Clot+del+Pila+%28Grenache+Syrah+blend%29%2C+Cotes+du+Roussillon%2C+France+%28x6%29+2022&l=us-en&vqd=4-165196117975632553183685915215577735774&p=1&ct=AT 403
2026-06-11 09:53:44,256 [INFO] Bing returned 15 candidates for SKU S004497
2026-06-11 09:53:44,423 [INFO] response: https://www.bing.com/images/async?q=Domaine+Boudau+Clot+del+Pila+%28Grenache+Syrah+blend%29%2C+Cotes+du+Roussillon%2C+France+%28x6%29+2022&async=1&first=1&count=35 200
2026-06-11 09:53:44,668 [INFO] DuckDuckGo returned 15 candidates for SKU S004497
2026-06-11 09:53:44,668 [INFO] SKU S004497 query='Domaine Boudau Clot del Pila (Grenache Syrah blend), Cotes du Roussill' — brave=0 google_cse=0 google_images=0 bing=15 ddg=15
2026-06-11 09:53:44,836 [INFO] response: https://duckduckgo.com/?q=Domaine+Boudau+Clot+del+Pila+%28Grenache+Syrah+blend%29%2C+Cotes+du+Roussillon%2C+France+%28x6%29+2022+wine+bottle 200
2026-06-11 09:53:45,070 [INFO] response: https://www.bing.com/images/async?q=Domaine+Boudau+Clot+del+Pila+%28Grenache+Syrah+blend%29%2C+Cotes+du+Roussillon%2C+France+%28x6%29+2022+wine+bottle&async=1&first=1&count=35 200
2026-06-11 09:53:45,071 [INFO] response: https://duckduckgo.com/i.js?o=json&q=Domaine+Boudau+Clot+del+Pila+%28Grenache+Syrah+blend%29%2C+Cotes+du+Roussillon%2C+France+%28x6%29+2022+wine+bottle&l=us-en&vqd=4-248760311869019078363085805121511966601&p=1&ct=AT 403
2026-06-11 09:53:45,073 [INFO] HTTP Request: GET https://www.googleapis.com/customsearch/v1?key=AIzaSyBZ5p08dd5cR_Q5bMHhaAFuH6kPUO9jxrY&cx=02211d6d3950b4d03&q=Domaine+Boudau+Clot+del+Pila+%28Grenache+Syrah+blend%29%2C+Cotes+du+Roussillon%2C+France+%28x6%29+2022+wine+bottle&searchType=image&num=10&imgSize=large&imgType=photo "HTTP/1.1 403 Forbidden"
2026-06-11 09:53:45,075 [WARNING] Custom Search JSON API returned 403: this GCP project likely has no JSON API entitlement (Google closed JSON API access for new projects; DDG/Bing fallback will be used). See https://developers.google.com/custom-search/v1/overview (Vertex AI Search or a third-party SERP API are alternatives).
2026-06-11 09:53:45,079 [INFO] Bing returned 15 candidates for SKU S004497
2026-06-11 09:53:45,243 [INFO] response: https://duckduckgo.com/?q=Domaine+Boudau+Clot+del+Pila+%28Grenache+Syrah+blend%29%2C+Cotes+du+Roussillon%2C+France+%28x6%29+2022+wine+bottle 200
2026-06-11 09:53:45,418 [INFO] response: https://duckduckgo.com/i.js?o=json&q=Domaine+Boudau+Clot+del+Pila+%28Grenache+Syrah+blend%29%2C+Cotes+du+Roussillon%2C+France+%28x6%29+2022+wine+bottle&l=us-en&vqd=4-248760311869019078363085805121511966601&p=1&ct=AT 403
2026-06-11 09:53:45,653 [INFO] response: https://www.bing.com/images/async?q=Domaine+Boudau+Clot+del+Pila+%28Grenache+Syrah+blend%29%2C+Cotes+du+Roussillon%2C+France+%28x6%29+2022+wine+bottle&async=1&first=1&count=35 200
2026-06-11 09:53:45,658 [INFO] DuckDuckGo returned 15 candidates for SKU S004497
2026-06-11 09:53:45,858 [INFO] HTTP Request: GET https://api.search.brave.com/res/v1/images/search?q=Domaine+Boudau+Clot+del+Pila+%28Grenache+Syrah+blend%29%2C+Cotes+du+Roussillon%2C+France+%28x6%29+2022+wine+bottle&count=15&search_lang=en&country=ALL&safesearch=strict&spellcheck=true "HTTP/1.1 200 OK"
2026-06-11 09:53:45,859 [INFO] Brave returned 15 candidates for SKU S004497 (query='Domaine Boudau Clot del Pila (Grenache Syrah blend), Cotes du Roussillon, France')
2026-06-11 09:53:46,209 [INFO] HTTP Request: POST https://google.serper.dev/images "HTTP/1.1 200 OK"
2026-06-11 09:53:46,223 [INFO] Serper (Google Images) returned 15 candidates for SKU S004497 (query='Domaine Boudau Clot del Pila (Grenache Syrah blend), Cotes du Roussillon, France')
2026-06-11 09:53:46,223 [INFO] SKU S004497 query='Domaine Boudau Clot del Pila (Grenache Syrah blend), Cotes du Roussill' — brave=15 google_cse=0 google_images=15 bing=15 ddg=15
2026-06-11 09:53:46,285 [INFO] HTTP Request: GET https://www.googleapis.com/customsearch/v1?key=AIzaSyBZ5p08dd5cR_Q5bMHhaAFuH6kPUO9jxrY&cx=02211d6d3950b4d03&q=Domaine+Boudau+2022+wine+bottle&searchType=image&num=10&imgSize=large&imgType=photo "HTTP/1.1 403 Forbidden"
2026-06-11 09:53:46,285 [WARNING] Custom Search JSON API returned 403: this GCP project likely has no JSON API entitlement (Google closed JSON API access for new projects; DDG/Bing fallback will be used). See https://developers.google.com/custom-search/v1/overview (Vertex AI Search or a third-party SERP API are alternatives).
2026-06-11 09:53:46,436 [INFO] response: https://www.bing.com/images/async?q=Domaine+Boudau+2022+wine+bottle&async=1&first=1&count=35 200
2026-06-11 09:53:46,451 [INFO] Bing returned 15 candidates for SKU S004497
2026-06-11 09:53:46,505 [INFO] response: https://duckduckgo.com/?q=Domaine+Boudau+2022+wine+bottle 200
2026-06-11 09:53:46,594 [INFO] response: https://duckduckgo.com/i.js?o=json&q=Domaine+Boudau+2022+wine+bottle&l=us-en&vqd=4-59430211253142535217717412231693272296&p=1&ct=AT 403
2026-06-11 09:53:46,780 [INFO] response: https://www.bing.com/images/async?q=Domaine+Boudau+2022+wine+bottle&async=1&first=1&count=35 200
2026-06-11 09:53:46,787 [INFO] DuckDuckGo returned 15 candidates for SKU S004497
2026-06-11 09:53:46,841 [INFO] HTTP Request: GET https://api.search.brave.com/res/v1/images/search?q=Domaine+Boudau+2022+wine+bottle&count=15&search_lang=en&country=ALL&safesearch=strict&spellcheck=true "HTTP/1.1 200 OK"
2026-06-11 09:53:46,842 [INFO] Brave returned 15 candidates for SKU S004497 (query='Domaine Boudau 2022 wine bottle')
2026-06-11 09:53:47,409 [INFO] HTTP Request: POST https://google.serper.dev/images "HTTP/1.1 200 OK"
2026-06-11 09:53:47,413 [INFO] Serper (Google Images) returned 15 candidates for SKU S004497 (query='Domaine Boudau 2022 wine bottle')
2026-06-11 09:53:47,414 [INFO] SKU S004497 query='Domaine Boudau 2022 wine bottle' — brave=15 google_cse=0 google_images=15 bing=15 ddg=15
2026-06-11 09:53:47,414 [INFO] Merged 105 total candidates for SKU S004497 (all sources, 3 queries)
2026-06-11 09:53:48,786 [INFO] HTTP Request: GET https://www.wein-riegger.de/media/3f/1a/86/1712678122/Clot_del_Pila_Domaine_Boudau-03042.webp?ts=1712678122 "HTTP/1.1 200 OK"
2026-06-11 09:53:49,073 [INFO] SKU S004497 — first downloadable image: https://www.wein-riegger.de/media/3f/1a/86/1712678122/Clot_del_Pila_Domaine_Boudau-03042.w
2026-06-11 09:53:49,073 [ERROR]   Error: SQLite objects created in a thread can only be used in that same thread. The object was created in thread id 139320903170944 and this is thread id 139319268337216.
2026-06-11 09:53:49,074 [INFO] [13/141] S004499: Domaine Boudau Le Clos Blanc, Cotes du Roussillon, France
2026-06-11 09:53:49,080 [ERROR] Brave Image Search failed: Event loop is closed
2026-06-11 09:53:49,080 [ERROR] Google search failed: Event loop is closed
2026-06-11 09:53:49,081 [ERROR] Serper search failed: Event loop is closed
2026-06-11 09:53:49,197 [INFO] response: https://duckduckgo.com/?q=Domaine+Boudau+Le+Clos+Blanc%2C+Cotes+du+Roussillon%2C+France+2024 200
2026-06-11 09:53:49,273 [INFO] response: https://duckduckgo.com/i.js?o=json&q=Domaine+Boudau+Le+Clos+Blanc%2C+Cotes+du+Roussillon%2C+France+2024&l=us-en&vqd=4-78437878791480163980110707050758343252&p=1&ct=AT 403
2026-06-11 09:53:49,278 [INFO] response: https://www.bing.com/images/async?q=Domaine+Boudau+Le+Clos+Blanc%2C+Cotes+du+Roussillon%2C+France+2024&async=1&first=1&count=35 200
2026-06-11 09:53:49,289 [INFO] Bing returned 15 candidates for SKU S004499
2026-06-11 09:53:50,108 [INFO] response: https://www.bing.com/images/async?q=Domaine+Boudau+Le+Clos+Blanc%2C+Cotes+du+Roussillon%2C+France+2024&async=1&first=1&count=35 200
2026-06-11 09:53:50,121 [INFO] DuckDuckGo returned 15 candidates for SKU S004499
2026-06-11 09:53:50,121 [INFO] SKU S004499 query='Domaine Boudau Le Clos Blanc, Cotes du Roussillon, France 2024' — brave=0 google_cse=0 google_images=0 bing=15 ddg=15
2026-06-11 09:53:50,238 [INFO] response: https://duckduckgo.com/?q=Domaine+Boudau+Le+Clos+Blanc%2C+Cotes+du+Roussillon%2C+France+2024+wine+bottle 200
2026-06-11 09:53:50,293 [INFO] HTTP Request: GET https://www.googleapis.com/customsearch/v1?key=AIzaSyBZ5p08dd5cR_Q5bMHhaAFuH6kPUO9jxrY&cx=02211d6d3950b4d03&q=Domaine+Boudau+Le+Clos+Blanc%2C+Cotes+du+Roussillon%2C+France+2024+wine+bottle&searchType=image&num=10&imgSize=large&imgType=photo "HTTP/1.1 403 Forbidden"
2026-06-11 09:53:50,294 [WARNING] Custom Search JSON API returned 403: this GCP project likely has no JSON API entitlement (Google closed JSON API access for new projects; DDG/Bing fallback will be used). See https://developers.google.com/custom-search/v1/overview (Vertex AI Search or a third-party SERP API are alternatives).
2026-06-11 09:53:50,321 [INFO] response: https://duckduckgo.com/i.js?o=json&q=Domaine+Boudau+Le+Clos+Blanc%2C+Cotes+du+Roussillon%2C+France+2024+wine+bottle&l=us-en&vqd=4-302288402897248932289109255596983037314&p=1&ct=AT 403
2026-06-11 09:53:50,374 [INFO] response: https://www.bing.com/images/async?q=Domaine+Boudau+Le+Clos+Blanc%2C+Cotes+du+Roussillon%2C+France+2024+wine+bottle&async=1&first=1&count=35 200
2026-06-11 09:53:50,393 [INFO] Bing returned 15 candidates for SKU S004499
2026-06-11 09:53:50,513 [INFO] response: https://www.bing.com/images/async?q=Domaine+Boudau+Le+Clos+Blanc%2C+Cotes+du+Roussillon%2C+France+2024+wine+bottle&async=1&first=1&count=35 200
2026-06-11 09:53:50,525 [INFO] DuckDuckGo returned 15 candidates for SKU S004499
2026-06-11 09:53:51,171 [INFO] HTTP Request: GET https://api.search.brave.com/res/v1/images/search?q=Domaine+Boudau+Le+Clos+Blanc%2C+Cotes+du+Roussillon%2C+France+2024+wine+bottle&count=15&search_lang=en&country=ALL&safesearch=strict&spellcheck=true "HTTP/1.1 200 OK"
2026-06-11 09:53:51,172 [INFO] Brave returned 15 candidates for SKU S004499 (query='Domaine Boudau Le Clos Blanc, Cotes du Roussillon, France 2024 wine bottle')
2026-06-11 09:53:51,519 [INFO] HTTP Request: POST https://google.serper.dev/images "HTTP/1.1 200 OK"
2026-06-11 09:53:51,533 [INFO] Serper (Google Images) returned 15 candidates for SKU S004499 (query='Domaine Boudau Le Clos Blanc, Cotes du Roussillon, France 2024 wine bottle')
2026-06-11 09:53:51,534 [INFO] SKU S004499 query='Domaine Boudau Le Clos Blanc, Cotes du Roussillon, France 2024 wine bo' — brave=15 google_cse=0 google_images=15 bing=15 ddg=15
2026-06-11 09:53:51,602 [INFO] HTTP Request: GET https://www.googleapis.com/customsearch/v1?key=AIzaSyBZ5p08dd5cR_Q5bMHhaAFuH6kPUO9jxrY&cx=02211d6d3950b4d03&q=Domaine+Boudau+2024+wine+bottle&searchType=image&num=10&imgSize=large&imgType=photo "HTTP/1.1 403 Forbidden"
2026-06-11 09:53:51,603 [WARNING] Custom Search JSON API returned 403: this GCP project likely has no JSON API entitlement (Google closed JSON API access for new projects; DDG/Bing fallback will be used). See https://developers.google.com/custom-search/v1/overview (Vertex AI Search or a third-party SERP API are alternatives).
2026-06-11 09:53:51,659 [INFO] response: https://duckduckgo.com/?q=Domaine+Boudau+2024+wine+bottle 200
2026-06-11 09:53:51,692 [INFO] response: https://www.bing.com/images/async?q=Domaine+Boudau+2024+wine+bottle&async=1&first=1&count=35 200
2026-06-11 09:53:51,695 [INFO] Bing returned 1 candidates for SKU S004499
2026-06-11 09:53:51,721 [INFO] HTTP Request: GET https://api.search.brave.com/res/v1/images/search?q=Domaine+Boudau+2024+wine+bottle&count=15&search_lang=en&country=ALL&safesearch=strict&spellcheck=true "HTTP/1.1 200 OK"
2026-06-11 09:53:51,722 [INFO] Brave returned 15 candidates for SKU S004499 (query='Domaine Boudau 2024 wine bottle')
2026-06-11 09:53:51,747 [INFO] response: https://duckduckgo.com/i.js?o=json&q=Domaine+Boudau+2024+wine+bottle&l=us-en&vqd=4-287562457840553019783188651209168542955&p=1&ct=AT 403
2026-06-11 09:53:51,987 [INFO] response: https://www.bing.com/images/async?q=Domaine+Boudau+2024+wine+bottle&async=1&first=1&count=35 200
2026-06-11 09:53:51,989 [INFO] DuckDuckGo returned 1 candidates for SKU S004499
2026-06-11 09:53:52,890 [INFO] HTTP Request: POST https://google.serper.dev/images "HTTP/1.1 200 OK"
2026-06-11 09:53:52,895 [INFO] Serper (Google Images) returned 14 candidates for SKU S004499 (query='Domaine Boudau 2024 wine bottle')
2026-06-11 09:53:52,896 [INFO] SKU S004499 query='Domaine Boudau 2024 wine bottle' — brave=15 google_cse=0 google_images=14 bing=1 ddg=1
2026-06-11 09:53:52,896 [INFO] Merged 73 total candidates for SKU S004499 (all sources, 3 queries)
2026-06-11 09:53:54,490 [INFO] HTTP Request: GET https://optimuswine.com/4090-large_default/domaine-boudau-le-clos-blanc-cotes-du-roussillon-2024-75cl.jpg "HTTP/1.1 200 OK"
2026-06-11 09:53:55,107 [INFO] SKU S004499 — first downloadable image: https://optimuswine.com/4090-large_default/domaine-boudau-le-clos-blanc-cotes-du-roussillo
2026-06-11 09:53:55,108 [ERROR]   Error: SQLite objects created in a thread can only be used in that same thread. The object was created in thread id 139320903170944 and this is thread id 139319268337216.
2026-06-11 09:53:55,108 [INFO] [14/141] S004500: Borgo 105 Vermentino, Toscana IGT, Italy
2026-06-11 09:53:55,113 [ERROR] Brave Image Search failed: Event loop is closed
2026-06-11 09:53:55,114 [ERROR] Google search failed: Event loop is closed
2026-06-11 09:53:55,114 [ERROR] Serper search failed: Event loop is closed
2026-06-11 09:53:55,241 [INFO] response: https://duckduckgo.com/?q=Borgo+105+Vermentino%2C+Toscana+IGT%2C+Italy+2024 200
2026-06-11 09:53:55,302 [INFO] response: https://www.bing.com/images/async?q=Borgo+105+Vermentino%2C+Toscana+IGT%2C+Italy+2024&async=1&first=1&count=35 200
2026-06-11 09:53:55,319 [INFO] response: https://duckduckgo.com/i.js?o=json&q=Borgo+105+Vermentino%2C+Toscana+IGT%2C+Italy+2024&l=us-en&vqd=4-1579428214907867754846704105243789960&p=1&ct=AT 403
2026-06-11 09:53:55,327 [INFO] Bing returned 15 candidates for SKU S004500
2026-06-11 09:53:55,379 [INFO] response: https://duckduckgo.com/?q=Borgo+105+Vermentino%2C+Toscana+IGT%2C+Italy+2024 200
2026-06-11 09:53:55,487 [INFO] response: https://duckduckgo.com/i.js?o=json&q=Borgo+105+Vermentino%2C+Toscana+IGT%2C+Italy+2024&l=us-en&vqd=4-1579428214907867754846704105243789960&p=1&ct=AT 403
2026-06-11 09:53:55,775 [INFO] response: https://www.bing.com/images/async?q=Borgo+105+Vermentino%2C+Toscana+IGT%2C+Italy+2024&async=1&first=1&count=35 200
2026-06-11 09:53:55,826 [INFO] DuckDuckGo returned 15 candidates for SKU S004500
2026-06-11 09:53:55,827 [INFO] SKU S004500 query='Borgo 105 Vermentino, Toscana IGT, Italy 2024' — brave=0 google_cse=0 google_images=0 bing=15 ddg=15
2026-06-11 09:53:55,964 [INFO] response: https://duckduckgo.com/?q=Borgo+105+Vermentino%2C+Toscana+IGT%2C+Italy+2024+wine+bottle 200
2026-06-11 09:53:56,009 [INFO] HTTP Request: GET https://www.googleapis.com/customsearch/v1?key=AIzaSyBZ5p08dd5cR_Q5bMHhaAFuH6kPUO9jxrY&cx=02211d6d3950b4d03&q=Borgo+105+Vermentino%2C+Toscana+IGT%2C+Italy+2024+wine+bottle&searchType=image&num=10&imgSize=large&imgType=photo "HTTP/1.1 403 Forbidden"
2026-06-11 09:53:56,010 [WARNING] Custom Search JSON API returned 403: this GCP project likely has no JSON API entitlement (Google closed JSON API access for new projects; DDG/Bing fallback will be used). See https://developers.google.com/custom-search/v1/overview (Vertex AI Search or a third-party SERP API are alternatives).
2026-06-11 09:53:56,015 [INFO] response: https://www.bing.com/images/async?q=Borgo+105+Vermentino%2C+Toscana+IGT%2C+Italy+2024+wine+bottle&async=1&first=1&count=35 200
2026-06-11 09:53:56,063 [INFO] response: https://duckduckgo.com/i.js?o=json&q=Borgo+105+Vermentino%2C+Toscana+IGT%2C+Italy+2024+wine+bottle&l=us-en&vqd=4-337477014921205803424197990354020180524&p=1&ct=AT 403
2026-06-11 09:53:56,068 [INFO] Bing returned 15 candidates for SKU S004500
2026-06-11 09:53:56,124 [INFO] response: https://duckduckgo.com/?q=Borgo+105+Vermentino%2C+Toscana+IGT%2C+Italy+2024+wine+bottle 200
2026-06-11 09:53:56,218 [INFO] response: https://duckduckgo.com/i.js?o=json&q=Borgo+105+Vermentino%2C+Toscana+IGT%2C+Italy+2024+wine+bottle&l=us-en&vqd=4-337477014921205803424197990354020180524&p=1&ct=AT 403
2026-06-11 09:53:56,408 [INFO] response: https://www.bing.com/images/async?q=Borgo+105+Vermentino%2C+Toscana+IGT%2C+Italy+2024+wine+bottle&async=1&first=1&count=35 200
2026-06-11 09:53:56,437 [INFO] DuckDuckGo returned 15 candidates for SKU S004500
2026-06-11 09:53:57,006 [INFO] HTTP Request: GET https://api.search.brave.com/res/v1/images/search?q=Borgo+105+Vermentino%2C+Toscana+IGT%2C+Italy+2024+wine+bottle&count=15&search_lang=en&country=ALL&safesearch=strict&spellcheck=true "HTTP/1.1 200 OK"
2026-06-11 09:53:57,007 [INFO] Brave returned 15 candidates for SKU S004500 (query='Borgo 105 Vermentino, Toscana IGT, Italy 2024 wine bottle')
2026-06-11 09:53:57,415 [INFO] HTTP Request: POST https://google.serper.dev/images "HTTP/1.1 200 OK"
2026-06-11 09:53:57,417 [INFO] Serper (Google Images) returned 15 candidates for SKU S004500 (query='Borgo 105 Vermentino, Toscana IGT, Italy 2024 wine bottle')
2026-06-11 09:53:57,417 [INFO] SKU S004500 query='Borgo 105 Vermentino, Toscana IGT, Italy 2024 wine bottle' — brave=15 google_cse=0 google_images=15 bing=15 ddg=15
2026-06-11 09:53:57,612 [INFO] HTTP Request: GET https://www.googleapis.com/customsearch/v1?key=AIzaSyBZ5p08dd5cR_Q5bMHhaAFuH6kPUO9jxrY&cx=02211d6d3950b4d03&q=Borgo+2024+wine+bottle&searchType=image&num=10&imgSize=large&imgType=photo "HTTP/1.1 403 Forbidden"
2026-06-11 09:53:57,613 [INFO] response: https://duckduckgo.com/?q=Borgo+2024+wine+bottle 200
2026-06-11 09:53:57,613 [INFO] response: https://www.bing.com/images/async?q=Borgo+2024+wine+bottle&async=1&first=1&count=35 200
2026-06-11 09:53:57,614 [WARNING] Custom Search JSON API returned 403: this GCP project likely has no JSON API entitlement (Google closed JSON API access for new projects; DDG/Bing fallback will be used). See https://developers.google.com/custom-search/v1/overview (Vertex AI Search or a third-party SERP API are alternatives).
2026-06-11 09:53:57,615 [INFO] Bing returned 1 candidates for SKU S004500
2026-06-11 09:53:57,698 [INFO] response: https://duckduckgo.com/i.js?o=json&q=Borgo+2024+wine+bottle&l=us-en&vqd=4-333482965462832308430980299854528716260&p=1&ct=AT 403
2026-06-11 09:53:57,770 [INFO] response: https://duckduckgo.com/?q=Borgo+2024+wine+bottle 200
2026-06-11 09:53:57,940 [INFO] response: https://duckduckgo.com/i.js?o=json&q=Borgo+2024+wine+bottle&l=us-en&vqd=4-333482965462832308430980299854528716260&p=1&ct=AT 403
2026-06-11 09:53:58,145 [INFO] response: https://www.bing.com/images/async?q=Borgo+2024+wine+bottle&async=1&first=1&count=35 200
2026-06-11 09:53:58,158 [INFO] HTTP Request: GET https://api.search.brave.com/res/v1/images/search?q=Borgo+2024+wine+bottle&count=15&search_lang=en&country=ALL&safesearch=strict&spellcheck=true "HTTP/1.1 200 OK"
2026-06-11 09:53:58,158 [INFO] Brave returned 15 candidates for SKU S004500 (query='Borgo 2024 wine bottle')
2026-06-11 09:54:01,773 [INFO] HTTP Request: POST https://google.serper.dev/images "HTTP/1.1 200 OK"
2026-06-11 09:54:01,785 [INFO] Serper (Google Images) returned 15 candidates for SKU S004500 (query='Borgo 2024 wine bottle')
2026-06-11 09:54:01,785 [INFO] SKU S004500 query='Borgo 2024 wine bottle' — brave=15 google_cse=0 google_images=15 bing=1 ddg=0
2026-06-11 09:54:01,785 [INFO] Merged 82 total candidates for SKU S004500 (all sources, 3 queries)
2026-06-11 09:54:03,117 [INFO] HTTP Request: GET https://cdn.shoplightspeed.com/shops/607989/files/74227762/800x1024x2/borgo-105-borgo-105-vermentino-2024-toscana-italy.jpg "HTTP/1.1 200 OK"
2026-06-11 09:54:03,155 [INFO] SKU S004500 — first downloadable image: https://cdn.shoplightspeed.com/shops/607989/files/74227762/800x1024x2/borgo-105-borgo-105-
2026-06-11 09:54:03,156 [ERROR]   Error: SQLite objects created in a thread can only be used in that same thread. The object was created in thread id 139320903170944 and this is thread id 139319268337216.
2026-06-11 09:54:03,156 [INFO] [15/141] S004502: Bollini Chardonnay, Trentino, Italy
2026-06-11 09:54:03,158 [ERROR] Brave Image Search failed: Event loop is closed
2026-06-11 09:54:03,160 [ERROR] Serper search failed: Event loop is closed
2026-06-11 09:54:03,272 [INFO] response: https://duckduckgo.com/?q=Bollini+Chardonnay%2C+Trentino%2C+Italy+2018 200
2026-06-11 09:54:03,340 [INFO] HTTP Request: GET https://www.googleapis.com/customsearch/v1?key=AIzaSyBZ5p08dd5cR_Q5bMHhaAFuH6kPUO9jxrY&cx=02211d6d3950b4d03&q=Bollini+Chardonnay%2C+Trentino%2C+Italy+2018&searchType=image&num=10&imgSize=large&imgType=photo "HTTP/1.1 403 Forbidden"
2026-06-11 09:54:03,341 [WARNING] Custom Search JSON API returned 403: this GCP project likely has no JSON API entitlement (Google closed JSON API access for new projects; DDG/Bing fallback will be used). See https://developers.google.com/custom-search/v1/overview (Vertex AI Search or a third-party SERP API are alternatives).
2026-06-11 09:54:03,368 [INFO] response: https://www.bing.com/images/async?q=Bollini+Chardonnay%2C+Trentino%2C+Italy+2018&async=1&first=1&count=35 200
2026-06-11 09:54:03,388 [INFO] response: https://duckduckgo.com/i.js?o=json&q=Bollini+Chardonnay%2C+Trentino%2C+Italy+2018&l=us-en&vqd=4-5081399017000033354458171128692460923&p=1&ct=AT 403
2026-06-11 09:54:03,391 [INFO] Bing returned 15 candidates for SKU S004502
2026-06-11 09:54:03,458 [INFO] response: https://duckduckgo.com/?q=Bollini+Chardonnay%2C+Trentino%2C+Italy+2018 200
2026-06-11 09:54:03,553 [INFO] response: https://duckduckgo.com/i.js?o=json&q=Bollini+Chardonnay%2C+Trentino%2C+Italy+2018&l=us-en&vqd=4-5081399017000033354458171128692460923&p=1&ct=AT 403
2026-06-11 09:54:03,762 [INFO] response: https://www.bing.com/images/async?q=Bollini+Chardonnay%2C+Trentino%2C+Italy+2018&async=1&first=1&count=35 200
2026-06-11 09:54:03,769 [INFO] DuckDuckGo returned 15 candidates for SKU S004502
2026-06-11 09:54:03,770 [INFO] SKU S004502 query='Bollini Chardonnay, Trentino, Italy 2018' — brave=0 google_cse=0 google_images=0 bing=15 ddg=15
2026-06-11 09:54:03,829 [INFO] HTTP Request: GET https://www.googleapis.com/customsearch/v1?key=AIzaSyBZ5p08dd5cR_Q5bMHhaAFuH6kPUO9jxrY&cx=02211d6d3950b4d03&q=Bollini+Chardonnay%2C+Trentino%2C+Italy+2018+wine+bottle&searchType=image&num=10&imgSize=large&imgType=photo "HTTP/1.1 403 Forbidden"
2026-06-11 09:54:03,829 [WARNING] Custom Search JSON API returned 403: this GCP project likely has no JSON API entitlement (Google closed JSON API access for new projects; DDG/Bing fallback will be used). See https://developers.google.com/custom-search/v1/overview (Vertex AI Search or a third-party SERP API are alternatives).
2026-06-11 09:54:03,915 [INFO] response: https://duckduckgo.com/?q=Bollini+Chardonnay%2C+Trentino%2C+Italy+2018+wine+bottle 200
2026-06-11 09:54:04,025 [INFO] response: https://duckduckgo.com/i.js?o=json&q=Bollini+Chardonnay%2C+Trentino%2C+Italy+2018+wine+bottle&l=us-en&vqd=4-273446655089981684129995945060008542157&p=1&ct=AT 403
2026-06-11 09:54:04,028 [INFO] response: https://www.bing.com/images/async?q=Bollini+Chardonnay%2C+Trentino%2C+Italy+2018+wine+bottle&async=1&first=1&count=35 200
2026-06-11 09:54:04,030 [INFO] Bing returned 1 candidates for SKU S004502
2026-06-11 09:54:04,162 [ERROR] Serper search failed: Event loop is closed
2026-06-11 09:54:04,874 [INFO] HTTP Request: GET https://api.search.brave.com/res/v1/images/search?q=Bollini+Chardonnay%2C+Trentino%2C+Italy+2018+wine+bottle&count=15&search_lang=en&country=ALL&safesearch=strict&spellcheck=true "HTTP/1.1 200 OK"
2026-06-11 09:54:04,875 [INFO] Brave returned 15 candidates for SKU S004502 (query='Bollini Chardonnay, Trentino, Italy 2018 wine bottle')
2026-06-11 09:54:05,361 [INFO] response: https://www.bing.com/images/async?q=Bollini+Chardonnay%2C+Trentino%2C+Italy+2018+wine+bottle&async=1&first=1&count=35 200
2026-06-11 09:54:05,370 [INFO] DuckDuckGo returned 15 candidates for SKU S004502
2026-06-11 09:54:05,370 [INFO] SKU S004502 query='Bollini Chardonnay, Trentino, Italy 2018 wine bottle' — brave=15 google_cse=0 google_images=0 bing=1 ddg=15
2026-06-11 09:54:05,449 [INFO] HTTP Request: GET https://www.googleapis.com/customsearch/v1?key=AIzaSyBZ5p08dd5cR_Q5bMHhaAFuH6kPUO9jxrY&cx=02211d6d3950b4d03&q=Bollini+2018+wine+bottle&searchType=image&num=10&imgSize=large&imgType=photo "HTTP/1.1 403 Forbidden"
2026-06-11 09:54:05,449 [WARNING] Custom Search JSON API returned 403: this GCP project likely has no JSON API entitlement (Google closed JSON API access for new projects; DDG/Bing fallback will be used). See https://developers.google.com/custom-search/v1/overview (Vertex AI Search or a third-party SERP API are alternatives).
2026-06-11 09:54:05,540 [INFO] response: https://duckduckgo.com/?q=Bollini+2018+wine+bottle 200
2026-06-11 09:54:05,560 [INFO] response: https://www.bing.com/images/async?q=Bollini+2018+wine+bottle&async=1&first=1&count=35 200
2026-06-11 09:54:05,577 [INFO] Bing returned 15 candidates for SKU S004502
2026-06-11 09:54:05,642 [INFO] response: https://duckduckgo.com/i.js?o=json&q=Bollini+2018+wine+bottle&l=us-en&vqd=4-178101582235869132408628379119486173984&p=1&ct=AT 403
2026-06-11 09:54:05,718 [INFO] response: https://duckduckgo.com/?q=Bollini+2018+wine+bottle 200
2026-06-11 09:54:05,913 [INFO] response: https://duckduckgo.com/i.js?o=json&q=Bollini+2018+wine+bottle&l=us-en&vqd=4-178101582235869132408628379119486173984&p=1&ct=AT 403
2026-06-11 09:54:06,023 [INFO] HTTP Request: GET https://api.search.brave.com/res/v1/images/search?q=Bollini+2018+wine+bottle&count=15&search_lang=en&country=ALL&safesearch=strict&spellcheck=true "HTTP/1.1 200 OK"
2026-06-11 09:54:06,023 [INFO] Brave returned 15 candidates for SKU S004502 (query='Bollini 2018 wine bottle')
2026-06-11 09:54:06,125 [INFO] response: https://www.bing.com/images/async?q=Bollini+2018+wine+bottle&async=1&first=1&count=35 200
2026-06-11 09:54:06,143 [INFO] DuckDuckGo returned 15 candidates for SKU S004502
2026-06-11 09:54:06,600 [INFO] HTTP Request: POST https://google.serper.dev/images "HTTP/1.1 200 OK"
2026-06-11 09:54:06,618 [INFO] Serper (Google Images) returned 15 candidates for SKU S004502 (query='Bollini 2018 wine bottle')
2026-06-11 09:54:06,619 [INFO] SKU S004502 query='Bollini 2018 wine bottle' — brave=15 google_cse=0 google_images=15 bing=15 ddg=15
2026-06-11 09:54:06,619 [INFO] Merged 72 total candidates for SKU S004502 (all sources, 3 queries)
2026-06-11 09:54:06,916 [INFO] HTTP Request: GET https://www.singaporewines.com/wp-content/uploads/2023/09/BolliniChardonnay.jpg "HTTP/1.1 403 Forbidden"
2026-06-11 09:54:06,933 [ERROR] Image download failed for https://www.singaporewines.com/wp-content/uploads/2023/09/BolliniChardonnay.jpg: Client error '403 Forbidden' for url 'https://www.singaporewines.com/wp-content/uploads/2023/09/BolliniChardonnay.jpg'
For more information check: https://developer.mozilla.org/en-US/docs/Web/HTTP/Status/403
2026-06-11 09:54:08,414 [INFO] HTTP Request: GET https://cdn.ct-static.com/labels/010f9648-27ad-4f64-8980-52700d5a72db.jpg "HTTP/1.1 200 OK"
2026-06-11 09:54:08,517 [INFO] SKU S004502 — first downloadable image: https://cdn.ct-static.com/labels/010f9648-27ad-4f64-8980-52700d5a72db.jpg
2026-06-11 09:54:08,517 [ERROR]   Error: SQLite objects created in a thread can only be used in that same thread. The object was created in thread id 139320903170944 and this is thread id 139319268337216.
2026-06-11 09:54:08,517 [INFO] [16/141] S004503: Bollini Pinot Grigio, Trentino DOG, Italy
2026-06-11 09:54:08,521 [ERROR] Brave Image Search failed: Event loop is closed
2026-06-11 09:54:08,521 [ERROR] Google search failed: Event loop is closed
2026-06-11 09:54:08,522 [ERROR] Serper search failed: Event loop is closed
2026-06-11 09:54:08,653 [INFO] response: https://duckduckgo.com/?q=Bollini+Pinot+Grigio%2C+Trentino+DOG%2C+Italy+2024 200
2026-06-11 09:54:08,703 [INFO] response: https://www.bing.com/images/async?q=Bollini+Pinot+Grigio%2C+Trentino+DOG%2C+Italy+2024&async=1&first=1&count=35 200
2026-06-11 09:54:08,705 [INFO] Bing returned 1 candidates for SKU S004503
2026-06-11 09:54:08,762 [INFO] response: https://duckduckgo.com/i.js?o=json&q=Bollini+Pinot+Grigio%2C+Trentino+DOG%2C+Italy+2024&l=us-en&vqd=4-51785954810399792635983256179181330164&p=1&ct=AT 403
2026-06-11 09:54:09,226 [INFO] response: https://www.bing.com/images/async?q=Bollini+Pinot+Grigio%2C+Trentino+DOG%2C+Italy+2024&async=1&first=1&count=35 200
2026-06-11 09:54:09,247 [INFO] DuckDuckGo returned 1 candidates for SKU S004503
2026-06-11 09:54:09,247 [INFO] SKU S004503 query='Bollini Pinot Grigio, Trentino DOG, Italy 2024' — brave=0 google_cse=0 google_images=0 bing=1 ddg=1
2026-06-11 09:54:09,380 [INFO] response: https://duckduckgo.com/?q=Bollini+Pinot+Grigio%2C+Trentino+DOG%2C+Italy+2024+wine+bottle 200
2026-06-11 09:54:09,413 [INFO] HTTP Request: GET https://www.googleapis.com/customsearch/v1?key=AIzaSyBZ5p08dd5cR_Q5bMHhaAFuH6kPUO9jxrY&cx=02211d6d3950b4d03&q=Bollini+Pinot+Grigio%2C+Trentino+DOG%2C+Italy+2024+wine+bottle&searchType=image&num=10&imgSize=large&imgType=photo "HTTP/1.1 403 Forbidden"
2026-06-11 09:54:09,413 [WARNING] Custom Search JSON API returned 403: this GCP project likely has no JSON API entitlement (Google closed JSON API access for new projects; DDG/Bing fallback will be used). See https://developers.google.com/custom-search/v1/overview (Vertex AI Search or a third-party SERP API are alternatives).
2026-06-11 09:54:09,436 [INFO] response: https://www.bing.com/images/async?q=Bollini+Pinot+Grigio%2C+Trentino+DOG%2C+Italy+2024+wine+bottle&async=1&first=1&count=35 200
2026-06-11 09:54:09,449 [INFO] Bing returned 1 candidates for SKU S004503
2026-06-11 09:54:09,470 [INFO] response: https://duckduckgo.com/i.js?o=json&q=Bollini+Pinot+Grigio%2C+Trentino+DOG%2C+Italy+2024+wine+bottle&l=us-en&vqd=4-105272425771566416952411756281604205014&p=1&ct=AT 403
2026-06-11 09:54:09,629 [INFO] response: https://www.bing.com/images/async?q=Bollini+Pinot+Grigio%2C+Trentino+DOG%2C+Italy+2024+wine+bottle&async=1&first=1&count=35 200
2026-06-11 09:54:09,647 [INFO] DuckDuckGo returned 1 candidates for SKU S004503
2026-06-11 09:54:10,214 [INFO] HTTP Request: GET https://api.search.brave.com/res/v1/images/search?q=Bollini+Pinot+Grigio%2C+Trentino+DOG%2C+Italy+2024+wine+bottle&count=15&search_lang=en&country=ALL&safesearch=strict&spellcheck=true "HTTP/1.1 200 OK"
2026-06-11 09:54:10,216 [INFO] Brave returned 14 candidates for SKU S004503 (query='Bollini Pinot Grigio, Trentino DOG, Italy 2024 wine bottle')
2026-06-11 09:54:11,949 [INFO] HTTP Request: POST https://google.serper.dev/images "HTTP/1.1 200 OK"
2026-06-11 09:54:11,955 [INFO] Serper (Google Images) returned 15 candidates for SKU S004503 (query='Bollini Pinot Grigio, Trentino DOG, Italy 2024 wine bottle')
2026-06-11 09:54:11,955 [INFO] SKU S004503 query='Bollini Pinot Grigio, Trentino DOG, Italy 2024 wine bottle' — brave=14 google_cse=0 google_images=15 bing=1 ddg=1
2026-06-11 09:54:12,051 [INFO] HTTP Request: GET https://www.googleapis.com/customsearch/v1?key=AIzaSyBZ5p08dd5cR_Q5bMHhaAFuH6kPUO9jxrY&cx=02211d6d3950b4d03&q=Bollini+2024+wine+bottle&searchType=image&num=10&imgSize=large&imgType=photo "HTTP/1.1 403 Forbidden"
2026-06-11 09:54:12,053 [WARNING] Custom Search JSON API returned 403: this GCP project likely has no JSON API entitlement (Google closed JSON API access for new projects; DDG/Bing fallback will be used). See https://developers.google.com/custom-search/v1/overview (Vertex AI Search or a third-party SERP API are alternatives).
2026-06-11 09:54:12,150 [INFO] response: https://duckduckgo.com/?q=Bollini+2024+wine+bottle 200
2026-06-11 09:54:12,253 [INFO] response: https://duckduckgo.com/i.js?o=json&q=Bollini+2024+wine+bottle&l=us-en&vqd=4-205036817570741488463405920664797957397&p=1&ct=AT 403
2026-06-11 09:54:12,327 [INFO] response: https://duckduckgo.com/?q=Bollini+2024+wine+bottle 200
2026-06-11 09:54:12,481 [INFO] response: https://duckduckgo.com/i.js?o=json&q=Bollini+2024+wine+bottle&l=us-en&vqd=4-205036817570741488463405920664797957397&p=1&ct=AT 403
2026-06-11 09:54:12,705 [INFO] response: https://www.bing.com/images/async?q=Bollini+2024+wine+bottle&async=1&first=1&count=35 200
2026-06-11 09:54:12,706 [INFO] HTTP Request: GET https://api.search.brave.com/res/v1/images/search?q=Bollini+2024+wine+bottle&count=15&search_lang=en&country=ALL&safesearch=strict&spellcheck=true "HTTP/1.1 200 OK"
2026-06-11 09:54:12,708 [INFO] Brave returned 15 candidates for SKU S004503 (query='Bollini 2024 wine bottle')
2026-06-11 09:54:12,711 [INFO] Bing returned 15 candidates for SKU S004503
2026-06-11 09:54:12,717 [INFO] response: https://www.bing.com/images/async?q=Bollini+2024+wine+bottle&async=1&first=1&count=35 200
2026-06-11 09:54:12,738 [INFO] DuckDuckGo returned 15 candidates for SKU S004503
2026-06-11 09:54:13,302 [INFO] HTTP Request: POST https://google.serper.dev/images "HTTP/1.1 200 OK"
2026-06-11 09:54:13,304 [INFO] Serper (Google Images) returned 13 candidates for SKU S004503 (query='Bollini 2024 wine bottle')
2026-06-11 09:54:13,304 [INFO] SKU S004503 query='Bollini 2024 wine bottle' — brave=15 google_cse=0 google_images=13 bing=15 ddg=15
2026-06-11 09:54:13,304 [INFO] Merged 70 total candidates for SKU S004503 (all sources, 3 queries)
2026-06-11 09:54:14,120 [INFO] HTTP Request: GET https://www.jametro.or.jp/demo/images/japan/nagoya/route_l.jpg "HTTP/1.1 200 OK"
2026-06-11 09:54:14,549 [INFO] SKU S004503 — first downloadable image: https://www.jametro.or.jp/demo/images/japan/nagoya/route_l.jpg
2026-06-11 09:54:14,550 [ERROR]   Error: SQLite objects created in a thread can only be used in that same thread. The object was created in thread id 139320903170944 and this is thread id 139319268337216.
2026-06-11 09:54:14,550 [INFO] [17/141] S004507: Buehler Chardonnay, Russian River Valley, California
2026-06-11 09:54:14,554 [ERROR] Brave Image Search failed: Event loop is closed
2026-06-11 09:54:14,554 [ERROR] Google search failed: Event loop is closed
2026-06-11 09:54:14,554 [ERROR] Serper search failed: Event loop is closed
2026-06-11 09:54:14,699 [INFO] response: https://duckduckgo.com/?q=Buehler+Chardonnay%2C+Russian+River+Valley%2C+California+2022 200
2026-06-11 09:54:14,729 [INFO] response: https://www.bing.com/images/async?q=Buehler+Chardonnay%2C+Russian+River+Valley%2C+California+2022&async=1&first=1&count=35 200
2026-06-11 09:54:14,759 [INFO] Bing returned 1 candidates for SKU S004507
2026-06-11 09:54:14,849 [INFO] response: https://duckduckgo.com/i.js?o=json&q=Buehler+Chardonnay%2C+Russian+River+Valley%2C+California+2022&l=us-en&vqd=4-245412396251954833193336342400541856666&p=1&ct=AT 403
2026-06-11 09:54:15,086 [INFO] response: https://www.bing.com/images/async?q=Buehler+Chardonnay%2C+Russian+River+Valley%2C+California+2022&async=1&first=1&count=35 200
2026-06-11 09:54:15,088 [INFO] SKU S004507 query='Buehler Chardonnay, Russian River Valley, California 2022' — brave=0 google_cse=0 google_images=0 bing=1 ddg=0
2026-06-11 09:54:15,231 [INFO] response: https://duckduckgo.com/?q=Buehler+Chardonnay%2C+Russian+River+Valley%2C+California+2022+wine+bottle 200
2026-06-11 09:54:15,238 [INFO] HTTP Request: GET https://www.googleapis.com/customsearch/v1?key=AIzaSyBZ5p08dd5cR_Q5bMHhaAFuH6kPUO9jxrY&cx=02211d6d3950b4d03&q=Buehler+Chardonnay%2C+Russian+River+Valley%2C+California+2022+wine+bottle&searchType=image&num=10&imgSize=large&imgType=photo "HTTP/1.1 403 Forbidden"
2026-06-11 09:54:15,239 [WARNING] Custom Search JSON API returned 403: this GCP project likely has no JSON API entitlement (Google closed JSON API access for new projects; DDG/Bing fallback will be used). See https://developers.google.com/custom-search/v1/overview (Vertex AI Search or a third-party SERP API are alternatives).
2026-06-11 09:54:15,267 [INFO] response: https://www.bing.com/images/async?q=Buehler+Chardonnay%2C+Russian+River+Valley%2C+California+2022+wine+bottle&async=1&first=1&count=35 200
2026-06-11 09:54:15,268 [INFO] Bing returned 1 candidates for SKU S004507
2026-06-11 09:54:15,319 [INFO] response: https://duckduckgo.com/i.js?o=json&q=Buehler+Chardonnay%2C+Russian+River+Valley%2C+California+2022+wine+bottle&l=us-en&vqd=4-316131060178045412947143110189759876363&p=1&ct=AT 403
2026-06-11 09:54:15,386 [INFO] response: https://duckduckgo.com/?q=Buehler+Chardonnay%2C+Russian+River+Valley%2C+California+2022+wine+bottle 200
2026-06-11 09:54:15,486 [INFO] response: https://duckduckgo.com/i.js?o=json&q=Buehler+Chardonnay%2C+Russian+River+Valley%2C+California+2022+wine+bottle&l=us-en&vqd=4-316131060178045412947143110189759876363&p=1&ct=AT 403
2026-06-11 09:54:15,638 [INFO] response: https://www.bing.com/images/async?q=Buehler+Chardonnay%2C+Russian+River+Valley%2C+California+2022+wine+bottle&async=1&first=1&count=35 200
2026-06-11 09:54:15,755 [INFO] DuckDuckGo returned 1 candidates for SKU S004507
2026-06-11 09:54:16,005 [INFO] HTTP Request: GET https://api.search.brave.com/res/v1/images/search?q=Buehler+Chardonnay%2C+Russian+River+Valley%2C+California+2022+wine+bottle&count=15&search_lang=en&country=ALL&safesearch=strict&spellcheck=true "HTTP/1.1 200 OK"
2026-06-11 09:54:16,005 [INFO] Brave returned 15 candidates for SKU S004507 (query='Buehler Chardonnay, Russian River Valley, California 2022 wine bottle')
2026-06-11 09:54:18,648 [INFO] HTTP Request: POST https://google.serper.dev/images "HTTP/1.1 200 OK"
2026-06-11 09:54:18,664 [INFO] Serper (Google Images) returned 15 candidates for SKU S004507 (query='Buehler Chardonnay, Russian River Valley, California 2022 wine bottle')
2026-06-11 09:54:18,664 [INFO] SKU S004507 query='Buehler Chardonnay, Russian River Valley, California 2022 wine bottle' — brave=15 google_cse=0 google_images=15 bing=1 ddg=1
2026-06-11 09:54:18,955 [INFO] response: https://www.bing.com/images/async?q=Buehler+2022+wine+bottle&async=1&first=1&count=35 200
2026-06-11 09:54:18,964 [INFO] Bing returned 1 candidates for SKU S004507
2026-06-11 09:54:18,993 [INFO] HTTP Request: GET https://www.googleapis.com/customsearch/v1?key=AIzaSyBZ5p08dd5cR_Q5bMHhaAFuH6kPUO9jxrY&cx=02211d6d3950b4d03&q=Buehler+2022+wine+bottle&searchType=image&num=10&imgSize=large&imgType=photo "HTTP/1.1 403 Forbidden"
2026-06-11 09:54:18,994 [WARNING] Custom Search JSON API returned 403: this GCP project likely has no JSON API entitlement (Google closed JSON API access for new projects; DDG/Bing fallback will be used). See https://developers.google.com/custom-search/v1/overview (Vertex AI Search or a third-party SERP API are alternatives).
2026-06-11 09:54:19,006 [INFO] response: https://duckduckgo.com/?q=Buehler+2022+wine+bottle 200
2026-06-11 09:54:19,087 [INFO] response: https://duckduckgo.com/i.js?o=json&q=Buehler+2022+wine+bottle&l=us-en&vqd=4-269964921473999953557068723830164665292&p=1&ct=AT 403
2026-06-11 09:54:19,675 [INFO] response: https://www.bing.com/images/async?q=Buehler+2022+wine+bottle&async=1&first=1&count=35 200
2026-06-11 09:54:19,711 [INFO] DuckDuckGo returned 1 candidates for SKU S004507
2026-06-11 09:54:19,713 [INFO] HTTP Request: GET https://api.search.brave.com/res/v1/images/search?q=Buehler+2022+wine+bottle&count=15&search_lang=en&country=ALL&safesearch=strict&spellcheck=true "HTTP/1.1 200 OK"
2026-06-11 09:54:19,714 [INFO] Brave returned 15 candidates for SKU S004507 (query='Buehler 2022 wine bottle')
2026-06-11 09:54:20,123 [INFO] HTTP Request: POST https://google.serper.dev/images "HTTP/1.1 200 OK"
2026-06-11 09:54:20,137 [INFO] Serper (Google Images) returned 13 candidates for SKU S004507 (query='Buehler 2022 wine bottle')
2026-06-11 09:54:20,137 [INFO] SKU S004507 query='Buehler 2022 wine bottle' — brave=15 google_cse=0 google_images=13 bing=1 ddg=1
2026-06-11 09:54:20,138 [INFO] Merged 59 total candidates for SKU S004507 (all sources, 3 queries)
2026-06-11 09:54:21,478 [INFO] HTTP Request: GET https://gd-filems.dancf.com/saas/xi19e5/0/2792a195-b17d-418e-a605-5d36d75e56b919498.png?x-oss-process=image/resize,w_800,type_6/sharpen,120/interlace,1 "HTTP/1.1 200 OK"
2026-06-11 09:54:22,948 [INFO] SKU S004507 — first downloadable image: https://gd-filems.dancf.com/saas/xi19e5/0/2792a195-b17d-418e-a605-5d36d75e56b919498.png?x-
2026-06-11 09:54:22,949 [ERROR]   Error: SQLite objects created in a thread can only be used in that same thread. The object was created in thread id 139320903170944 and this is thread id 139319268337216.
2026-06-11 09:54:22,949 [INFO] [18/141] S004521: Cline Classic Cashmere, California
2026-06-11 09:54:22,954 [ERROR] Brave Image Search failed: Event loop is closed
2026-06-11 09:54:22,954 [ERROR] Google search failed: Event loop is closed
2026-06-11 09:54:22,954 [ERROR] Serper search failed: Event loop is closed
2026-06-11 09:54:23,068 [INFO] response: https://duckduckgo.com/?q=Cline+Classic+Cashmere%2C+California+2019 200
2026-06-11 09:54:23,124 [INFO] response: https://www.bing.com/images/async?q=Cline+Classic+Cashmere%2C+California+2019&async=1&first=1&count=35 200
2026-06-11 09:54:23,127 [INFO] Bing returned 1 candidates for SKU S004521
2026-06-11 09:54:23,150 [INFO] response: https://duckduckgo.com/i.js?o=json&q=Cline+Classic+Cashmere%2C+California+2019&l=us-en&vqd=4-16152774368376395398544094790372830495&p=1&ct=AT 403
2026-06-11 09:54:23,298 [INFO] response: https://www.bing.com/images/async?q=Cline+Classic+Cashmere%2C+California+2019&async=1&first=1&count=35 200
2026-06-11 09:54:23,302 [INFO] DuckDuckGo returned 1 candidates for SKU S004521
2026-06-11 09:54:23,302 [INFO] SKU S004521 query='Cline Classic Cashmere, California 2019' — brave=0 google_cse=0 google_images=0 bing=1 ddg=1
2026-06-11 09:54:23,439 [INFO] response: https://duckduckgo.com/?q=Cline+Classic+Cashmere%2C+California+2019+wine+bottle 200
2026-06-11 09:54:23,496 [INFO] response: https://www.bing.com/images/async?q=Cline+Classic+Cashmere%2C+California+2019+wine+bottle&async=1&first=1&count=35 200
2026-06-11 09:54:23,504 [INFO] HTTP Request: GET https://www.googleapis.com/customsearch/v1?key=AIzaSyBZ5p08dd5cR_Q5bMHhaAFuH6kPUO9jxrY&cx=02211d6d3950b4d03&q=Cline+Classic+Cashmere%2C+California+2019+wine+bottle&searchType=image&num=10&imgSize=large&imgType=photo "HTTP/1.1 403 Forbidden"
2026-06-11 09:54:23,504 [WARNING] Custom Search JSON API returned 403: this GCP project likely has no JSON API entitlement (Google closed JSON API access for new projects; DDG/Bing fallback will be used). See https://developers.google.com/custom-search/v1/overview (Vertex AI Search or a third-party SERP API are alternatives).
2026-06-11 09:54:23,512 [INFO] Bing returned 15 candidates for SKU S004521
2026-06-11 09:54:23,522 [INFO] response: https://duckduckgo.com/i.js?o=json&q=Cline+Classic+Cashmere%2C+California+2019+wine+bottle&l=us-en&vqd=4-64185164149013691913601643883510182264&p=1&ct=AT 403
2026-06-11 09:54:23,685 [INFO] response: https://www.bing.com/images/async?q=Cline+Classic+Cashmere%2C+California+2019+wine+bottle&async=1&first=1&count=35 200
2026-06-11 09:54:23,696 [INFO] DuckDuckGo returned 15 candidates for SKU S004521
2026-06-11 09:54:24,346 [INFO] HTTP Request: GET https://api.search.brave.com/res/v1/images/search?q=Cline+Classic+Cashmere%2C+California+2019+wine+bottle&count=15&search_lang=en&country=ALL&safesearch=strict&spellcheck=true "HTTP/1.1 200 OK"
2026-06-11 09:54:24,347 [INFO] Brave returned 15 candidates for SKU S004521 (query='Cline Classic Cashmere, California 2019 wine bottle')
2026-06-11 09:54:25,267 [INFO] HTTP Request: POST https://google.serper.dev/images "HTTP/1.1 200 OK"
2026-06-11 09:54:25,270 [INFO] Serper (Google Images) returned 15 candidates for SKU S004521 (query='Cline Classic Cashmere, California 2019 wine bottle')
2026-06-11 09:54:25,270 [INFO] SKU S004521 query='Cline Classic Cashmere, California 2019 wine bottle' — brave=15 google_cse=0 google_images=15 bing=15 ddg=15
2026-06-11 09:54:25,335 [INFO] HTTP Request: GET https://www.googleapis.com/customsearch/v1?key=AIzaSyBZ5p08dd5cR_Q5bMHhaAFuH6kPUO9jxrY&cx=02211d6d3950b4d03&q=Cline+2019+wine+bottle&searchType=image&num=10&imgSize=large&imgType=photo "HTTP/1.1 403 Forbidden"
2026-06-11 09:54:25,336 [WARNING] Custom Search JSON API returned 403: this GCP project likely has no JSON API entitlement (Google closed JSON API access for new projects; DDG/Bing fallback will be used). See https://developers.google.com/custom-search/v1/overview (Vertex AI Search or a third-party SERP API are alternatives).
2026-06-11 09:54:25,383 [INFO] response: https://duckduckgo.com/?q=Cline+2019+wine+bottle 200
2026-06-11 09:54:25,443 [INFO] response: https://www.bing.com/images/async?q=Cline+2019+wine+bottle&async=1&first=1&count=35 200
2026-06-11 09:54:25,449 [INFO] Bing returned 1 candidates for SKU S004521
2026-06-11 09:54:25,472 [INFO] response: https://duckduckgo.com/i.js?o=json&q=Cline+2019+wine+bottle&l=us-en&vqd=4-12176221969033865218254590528012207588&p=1&ct=AT 403
2026-06-11 09:54:25,676 [INFO] response: https://www.bing.com/images/async?q=Cline+2019+wine+bottle&async=1&first=1&count=35 200
2026-06-11 09:54:25,678 [INFO] DuckDuckGo returned 1 candidates for SKU S004521
2026-06-11 09:54:25,984 [INFO] HTTP Request: GET https://api.search.brave.com/res/v1/images/search?q=Cline+2019+wine+bottle&count=15&search_lang=en&country=ALL&safesearch=strict&spellcheck=true "HTTP/1.1 200 OK"
2026-06-11 09:54:25,985 [INFO] Brave returned 15 candidates for SKU S004521 (query='Cline 2019 wine bottle')
2026-06-11 09:54:26,779 [INFO] HTTP Request: POST https://google.serper.dev/images "HTTP/1.1 200 OK"
2026-06-11 09:54:26,781 [INFO] Serper (Google Images) returned 15 candidates for SKU S004521 (query='Cline 2019 wine bottle')
2026-06-11 09:54:26,781 [INFO] SKU S004521 query='Cline 2019 wine bottle' — brave=15 google_cse=0 google_images=15 bing=1 ddg=1
2026-06-11 09:54:26,781 [INFO] Merged 78 total candidates for SKU S004521 (all sources, 3 queries)
2026-06-11 09:54:29,480 [INFO] HTTP Request: GET https://c8.alamy.com/comp/DH0090/watarrka-national-park-northern-territory-australia-DH0090.jpg "HTTP/1.1 200 OK"
2026-06-11 09:54:29,916 [INFO] SKU S004521 — first downloadable image: https://c8.alamy.com/comp/DH0090/watarrka-national-park-northern-territory-australia-DH009
2026-06-11 09:54:29,917 [ERROR]   Error: SQLite objects created in a thread can only be used in that same thread. The object was created in thread id 139320903170944 and this is thread id 139319268337216.
2026-06-11 09:54:29,917 [INFO] [19/141] S004522: Cline Classic Syrah California
2026-06-11 09:54:29,922 [ERROR] Brave Image Search failed: Event loop is closed
2026-06-11 09:54:29,922 [ERROR] Google search failed: Event loop is closed
2026-06-11 09:54:29,922 [ERROR] Serper search failed: Event loop is closed
2026-06-11 09:54:30,096 [INFO] response: https://duckduckgo.com/?q=Cline+Classic+Syrah+California+2021 200
2026-06-11 09:54:30,108 [INFO] response: https://www.bing.com/images/async?q=Cline+Classic+Syrah+California+2021&async=1&first=1&count=35 200
2026-06-11 09:54:30,131 [INFO] Bing returned 15 candidates for SKU S004522
2026-06-11 09:54:30,178 [INFO] response: https://duckduckgo.com/i.js?o=json&q=Cline+Classic+Syrah+California+2021&l=us-en&vqd=4-276168863628865481110653321594510660210&p=1&ct=AT 403
2026-06-11 09:54:30,383 [INFO] response: https://www.bing.com/images/async?q=Cline+Classic+Syrah+California+2021&async=1&first=1&count=35 200
2026-06-11 09:54:30,389 [INFO] DuckDuckGo returned 15 candidates for SKU S004522
2026-06-11 09:54:30,389 [INFO] SKU S004522 query='Cline Classic Syrah California 2021' — brave=0 google_cse=0 google_images=0 bing=15 ddg=15
2026-06-11 09:54:30,524 [INFO] response: https://duckduckgo.com/?q=Cline+Classic+Syrah+California+2021+wine+bottle 200
2026-06-11 09:54:30,557 [INFO] HTTP Request: GET https://www.googleapis.com/customsearch/v1?key=AIzaSyBZ5p08dd5cR_Q5bMHhaAFuH6kPUO9jxrY&cx=02211d6d3950b4d03&q=Cline+Classic+Syrah+California+2021+wine+bottle&searchType=image&num=10&imgSize=large&imgType=photo "HTTP/1.1 403 Forbidden"
2026-06-11 09:54:30,572 [WARNING] Custom Search JSON API returned 403: this GCP project likely has no JSON API entitlement (Google closed JSON API access for new projects; DDG/Bing fallback will be used). See https://developers.google.com/custom-search/v1/overview (Vertex AI Search or a third-party SERP API are alternatives).
2026-06-11 09:54:30,576 [INFO] response: https://www.bing.com/images/async?q=Cline+Classic+Syrah+California+2021+wine+bottle&async=1&first=1&count=35 200
2026-06-11 09:54:30,590 [INFO] Bing returned 15 candidates for SKU S004522
2026-06-11 09:54:30,642 [INFO] response: https://duckduckgo.com/i.js?o=json&q=Cline+Classic+Syrah+California+2021+wine+bottle&l=us-en&vqd=4-126048075155148955961333208541033600378&p=1&ct=AT 403
2026-06-11 09:54:30,824 [INFO] response: https://www.bing.com/images/async?q=Cline+Classic+Syrah+California+2021+wine+bottle&async=1&first=1&count=35 200
2026-06-11 09:54:30,833 [INFO] DuckDuckGo returned 15 candidates for SKU S004522
2026-06-11 09:54:31,472 [INFO] HTTP Request: GET https://api.search.brave.com/res/v1/images/search?q=Cline+Classic+Syrah+California+2021+wine+bottle&count=15&search_lang=en&country=ALL&safesearch=strict&spellcheck=true "HTTP/1.1 200 OK"
2026-06-11 09:54:31,474 [INFO] Brave returned 15 candidates for SKU S004522 (query='Cline Classic Syrah California 2021 wine bottle')
2026-06-11 09:54:32,333 [INFO] HTTP Request: POST https://google.serper.dev/images "HTTP/1.1 200 OK"
2026-06-11 09:54:32,334 [INFO] Serper (Google Images) returned 14 candidates for SKU S004522 (query='Cline Classic Syrah California 2021 wine bottle')
2026-06-11 09:54:32,335 [INFO] SKU S004522 query='Cline Classic Syrah California 2021 wine bottle' — brave=15 google_cse=0 google_images=14 bing=15 ddg=15
2026-06-11 09:54:32,422 [INFO] HTTP Request: GET https://www.googleapis.com/customsearch/v1?key=AIzaSyBZ5p08dd5cR_Q5bMHhaAFuH6kPUO9jxrY&cx=02211d6d3950b4d03&q=Cline+2021+wine+bottle&searchType=image&num=10&imgSize=large&imgType=photo "HTTP/1.1 403 Forbidden"
2026-06-11 09:54:32,423 [WARNING] Custom Search JSON API returned 403: this GCP project likely has no JSON API entitlement (Google closed JSON API access for new projects; DDG/Bing fallback will be used). See https://developers.google.com/custom-search/v1/overview (Vertex AI Search or a third-party SERP API are alternatives).
2026-06-11 09:54:32,456 [INFO] response: https://duckduckgo.com/?q=Cline+2021+wine+bottle 200
2026-06-11 09:54:32,505 [INFO] response: https://www.bing.com/images/async?q=Cline+2021+wine+bottle&async=1&first=1&count=35 200
2026-06-11 09:54:32,510 [INFO] Bing returned 1 candidates for SKU S004522
2026-06-11 09:54:32,535 [INFO] response: https://duckduckgo.com/i.js?o=json&q=Cline+2021+wine+bottle&l=us-en&vqd=4-269993814766964515691616623694780411340&p=1&ct=AT 403
2026-06-11 09:54:32,682 [INFO] response: https://www.bing.com/images/async?q=Cline+2021+wine+bottle&async=1&first=1&count=35 200
2026-06-11 09:54:32,685 [INFO] DuckDuckGo returned 1 candidates for SKU S004522
2026-06-11 09:54:33,008 [INFO] HTTP Request: GET https://api.search.brave.com/res/v1/images/search?q=Cline+2021+wine+bottle&count=15&search_lang=en&country=ALL&safesearch=strict&spellcheck=true "HTTP/1.1 200 OK"
2026-06-11 09:54:33,009 [INFO] Brave returned 15 candidates for SKU S004522 (query='Cline 2021 wine bottle')
2026-06-11 09:54:33,988 [INFO] HTTP Request: POST https://google.serper.dev/images "HTTP/1.1 200 OK"
2026-06-11 09:54:33,999 [INFO] Serper (Google Images) returned 13 candidates for SKU S004522 (query='Cline 2021 wine bottle')
2026-06-11 09:54:33,999 [INFO] SKU S004522 query='Cline 2021 wine bottle' — brave=15 google_cse=0 google_images=13 bing=1 ddg=1
2026-06-11 09:54:33,999 [INFO] Merged 78 total candidates for SKU S004522 (all sources, 3 queries)
2026-06-11 09:54:34,460 [INFO] HTTP Request: GET https://buywinesonline.com/cdn/shop/files/ClineClassicSyrah_750ml.jpg?v=1708980496&width=900 "HTTP/1.1 200 OK"
2026-06-11 09:54:34,544 [INFO] SKU S004522 — first downloadable image: https://buywinesonline.com/cdn/shop/files/ClineClassicSyrah_750ml.jpg?v=1708980496&width=9
2026-06-11 09:54:34,545 [ERROR]   Error: SQLite objects created in a thread can only be used in that same thread. The object was created in thread id 139320903170944 and this is thread id 139319268337216.
2026-06-11 09:54:34,545 [INFO] [20/141] S004523: Cline Zinfandel Bridgehead, Contra Costa County, California
2026-06-11 09:54:34,557 [ERROR] Brave Image Search failed: Event loop is closed
2026-06-11 09:54:34,557 [ERROR] Google search failed: Event loop is closed
2026-06-11 09:54:34,558 [ERROR] Serper search failed: Event loop is closed
2026-06-11 09:54:34,776 [INFO] response: https://duckduckgo.com/?q=Cline+Zinfandel+Bridgehead%2C+Contra+Costa+County%2C+California+2018 200
2026-06-11 09:54:34,868 [INFO] response: https://duckduckgo.com/i.js?o=json&q=Cline+Zinfandel+Bridgehead%2C+Contra+Costa+County%2C+California+2018&l=us-en&vqd=4-263737309708627770381943118086034743545&p=1&ct=AT 403
2026-06-11 09:54:34,934 [INFO] response: https://duckduckgo.com/?q=Cline+Zinfandel+Bridgehead%2C+Contra+Costa+County%2C+California+2018 200
2026-06-11 09:54:34,991 [INFO] response: https://www.bing.com/images/async?q=Cline+Zinfandel+Bridgehead%2C+Contra+Costa+County%2C+California+2018&async=1&first=1&count=35 200
2026-06-11 09:54:34,993 [INFO] Bing returned 1 candidates for SKU S004523
2026-06-11 09:54:35,024 [INFO] response: https://duckduckgo.com/i.js?o=json&q=Cline+Zinfandel+Bridgehead%2C+Contra+Costa+County%2C+California+2018&l=us-en&vqd=4-263737309708627770381943118086034743545&p=1&ct=AT 403
2026-06-11 09:54:35,199 [INFO] response: https://www.bing.com/images/async?q=Cline+Zinfandel+Bridgehead%2C+Contra+Costa+County%2C+California+2018&async=1&first=1&count=35 200
2026-06-11 09:54:35,201 [INFO] DuckDuckGo returned 1 candidates for SKU S004523
2026-06-11 09:54:35,201 [INFO] SKU S004523 query='Cline Zinfandel Bridgehead, Contra Costa County, California 2018' — brave=0 google_cse=0 google_images=0 bing=1 ddg=1
2026-06-11 09:54:35,318 [INFO] response: https://duckduckgo.com/?q=Cline+Zinfandel+Bridgehead%2C+Contra+Costa+County%2C+California+2018+wine+bottle 200
2026-06-11 09:54:35,353 [INFO] HTTP Request: GET https://www.googleapis.com/customsearch/v1?key=AIzaSyBZ5p08dd5cR_Q5bMHhaAFuH6kPUO9jxrY&cx=02211d6d3950b4d03&q=Cline+Zinfandel+Bridgehead%2C+Contra+Costa+County%2C+California+2018+wine+bottle&searchType=image&num=10&imgSize=large&imgType=photo "HTTP/1.1 403 Forbidden"
2026-06-11 09:54:35,355 [WARNING] Custom Search JSON API returned 403: this GCP project likely has no JSON API entitlement (Google closed JSON API access for new projects; DDG/Bing fallback will be used). See https://developers.google.com/custom-search/v1/overview (Vertex AI Search or a third-party SERP API are alternatives).
2026-06-11 09:54:35,359 [INFO] response: https://www.bing.com/images/async?q=Cline+Zinfandel+Bridgehead%2C+Contra+Costa+County%2C+California+2018+wine+bottle&async=1&first=1&count=35 200
2026-06-11 09:54:35,361 [INFO] Bing returned 1 candidates for SKU S004523
2026-06-11 09:54:35,402 [INFO] response: https://duckduckgo.com/i.js?o=json&q=Cline+Zinfandel+Bridgehead%2C+Contra+Costa+County%2C+California+2018+wine+bottle&l=us-en&vqd=4-159570278976522724830089205277817736720&p=1&ct=AT 403
2026-06-11 09:54:35,567 [INFO] response: https://www.bing.com/images/async?q=Cline+Zinfandel+Bridgehead%2C+Contra+Costa+County%2C+California+2018+wine+bottle&async=1&first=1&count=35 200
2026-06-11 09:54:35,568 [INFO] DuckDuckGo returned 1 candidates for SKU S004523
2026-06-11 09:54:36,156 [INFO] HTTP Request: GET https://api.search.brave.com/res/v1/images/search?q=Cline+Zinfandel+Bridgehead%2C+Contra+Costa+County%2C+California+2018+wine+bottle&count=15&search_lang=en&country=ALL&safesearch=strict&spellcheck=true "HTTP/1.1 200 OK"
2026-06-11 09:54:36,157 [INFO] Brave returned 15 candidates for SKU S004523 (query='Cline Zinfandel Bridgehead, Contra Costa County, California 2018 wine bottle')
2026-06-11 09:54:37,762 [INFO] HTTP Request: POST https://google.serper.dev/images "HTTP/1.1 200 OK"
2026-06-11 09:54:37,764 [INFO] Serper (Google Images) returned 15 candidates for SKU S004523 (query='Cline Zinfandel Bridgehead, Contra Costa County, California 2018 wine bottle')
2026-06-11 09:54:37,764 [INFO] SKU S004523 query='Cline Zinfandel Bridgehead, Contra Costa County, California 2018 wine ' — brave=15 google_cse=0 google_images=15 bing=1 ddg=1
2026-06-11 09:54:37,819 [INFO] HTTP Request: GET https://www.googleapis.com/customsearch/v1?key=AIzaSyBZ5p08dd5cR_Q5bMHhaAFuH6kPUO9jxrY&cx=02211d6d3950b4d03&q=Cline+2018+wine+bottle&searchType=image&num=10&imgSize=large&imgType=photo "HTTP/1.1 403 Forbidden"
2026-06-11 09:54:37,821 [WARNING] Custom Search JSON API returned 403: this GCP project likely has no JSON API entitlement (Google closed JSON API access for new projects; DDG/Bing fallback will be used). See https://developers.google.com/custom-search/v1/overview (Vertex AI Search or a third-party SERP API are alternatives).
2026-06-11 09:54:37,883 [INFO] response: https://duckduckgo.com/?q=Cline+2018+wine+bottle 200
2026-06-11 09:54:37,949 [INFO] response: https://www.bing.com/images/async?q=Cline+2018+wine+bottle&async=1&first=1&count=35 200
2026-06-11 09:54:37,953 [INFO] Bing returned 1 candidates for SKU S004523
2026-06-11 09:54:37,983 [INFO] response: https://duckduckgo.com/i.js?o=json&q=Cline+2018+wine+bottle&l=us-en&vqd=4-71671656472752530996431430896085053084&p=1&ct=AT 403
2026-06-11 09:54:38,042 [INFO] response: https://duckduckgo.com/?q=Cline+2018+wine+bottle 200
2026-06-11 09:54:38,133 [INFO] response: https://duckduckgo.com/i.js?o=json&q=Cline+2018+wine+bottle&l=us-en&vqd=4-71671656472752530996431430896085053084&p=1&ct=AT 403
2026-06-11 09:54:38,294 [INFO] response: https://www.bing.com/images/async?q=Cline+2018+wine+bottle&async=1&first=1&count=35 200
2026-06-11 09:54:38,298 [INFO] DuckDuckGo returned 1 candidates for SKU S004523
2026-06-11 09:54:38,473 [INFO] HTTP Request: GET https://api.search.brave.com/res/v1/images/search?q=Cline+2018+wine+bottle&count=15&search_lang=en&country=ALL&safesearch=strict&spellcheck=true "HTTP/1.1 200 OK"
2026-06-11 09:54:38,475 [INFO] Brave returned 15 candidates for SKU S004523 (query='Cline 2018 wine bottle')
2026-06-11 09:54:38,812 [INFO] HTTP Request: POST https://google.serper.dev/images "HTTP/1.1 200 OK"
2026-06-11 09:54:38,829 [INFO] Serper (Google Images) returned 14 candidates for SKU S004523 (query='Cline 2018 wine bottle')
2026-06-11 09:54:38,829 [INFO] SKU S004523 query='Cline 2018 wine bottle' — brave=15 google_cse=0 google_images=14 bing=1 ddg=1
2026-06-11 09:54:38,829 [INFO] Merged 63 total candidates for SKU S004523 (all sources, 3 queries)
2026-06-11 09:54:39,234 [INFO] HTTP Request: GET https://d28jzcg6y4v9j1.cloudfront.net/2025/01/08/weikav_4_1736329736744.jpg "HTTP/1.1 200 OK"
2026-06-11 09:54:39,635 [INFO] HTTP Request: GET http://www.fukunavi.or.jp/fukunavi/common/images/map.gif "HTTP/1.1 301 Moved Permanently"
2026-06-11 09:54:40,074 [INFO] HTTP Request: GET https://www.fukunavi.or.jp/fukunavi/common/images/map.gif "HTTP/1.1 200 OK"
2026-06-11 09:54:40,343 [INFO] HTTP Request: GET https://www.wine-searcher.com/images/labels/51/38/11615138.jpg "HTTP/1.1 200 OK"
2026-06-11 09:54:40,364 [INFO] SKU S004523 — first downloadable image: https://www.wine-searcher.com/images/labels/51/38/11615138.jpg
2026-06-11 09:54:40,364 [ERROR]   Error: SQLite objects created in a thread can only be used in that same thread. The object was created in thread id 139320903170944 and this is thread id 139319268337216.
2026-06-11 09:54:40,364 [INFO] [21/141] S004524: Cline Ancient Vines Zinfandel, Contra Costa County, California
2026-06-11 09:54:40,370 [ERROR] Brave Image Search failed: Event loop is closed
2026-06-11 09:54:40,370 [ERROR] Google search failed: Event loop is closed
2026-06-11 09:54:40,371 [ERROR] Serper search failed: Event loop is closed
2026-06-11 09:54:40,494 [INFO] response: https://duckduckgo.com/?q=Cline+Ancient+Vines+Zinfandel%2C+Contra+Costa+County%2C+California+2022 200
2026-06-11 09:54:40,576 [INFO] response: https://duckduckgo.com/i.js?o=json&q=Cline+Ancient+Vines+Zinfandel%2C+Contra+Costa+County%2C+California+2022&l=us-en&vqd=4-223053816300452366806420633663095885471&p=1&ct=AT 403
2026-06-11 09:54:40,578 [INFO] response: https://www.bing.com/images/async?q=Cline+Ancient+Vines+Zinfandel%2C+Contra+Costa+County%2C+California+2022&async=1&first=1&count=35 200
2026-06-11 09:54:40,587 [INFO] Bing returned 15 candidates for SKU S004524
2026-06-11 09:54:40,733 [INFO] response: https://www.bing.com/images/async?q=Cline+Ancient+Vines+Zinfandel%2C+Contra+Costa+County%2C+California+2022&async=1&first=1&count=35 200
2026-06-11 09:54:40,737 [INFO] DuckDuckGo returned 1 candidates for SKU S004524
2026-06-11 09:54:40,738 [INFO] SKU S004524 query='Cline Ancient Vines Zinfandel, Contra Costa County, California 2022' — brave=0 google_cse=0 google_images=0 bing=15 ddg=1
2026-06-11 09:54:40,852 [INFO] response: https://duckduckgo.com/?q=Cline+Ancient+Vines+Zinfandel%2C+Contra+Costa+County%2C+California+2022+wine+bottle 200
2026-06-11 09:54:40,875 [INFO] HTTP Request: GET https://www.googleapis.com/customsearch/v1?key=AIzaSyBZ5p08dd5cR_Q5bMHhaAFuH6kPUO9jxrY&cx=02211d6d3950b4d03&q=Cline+Ancient+Vines+Zinfandel%2C+Contra+Costa+County%2C+California+2022+wine+bottle&searchType=image&num=10&imgSize=large&imgType=photo "HTTP/1.1 403 Forbidden"
2026-06-11 09:54:40,875 [WARNING] Custom Search JSON API returned 403: this GCP project likely has no JSON API entitlement (Google closed JSON API access for new projects; DDG/Bing fallback will be used). See https://developers.google.com/custom-search/v1/overview (Vertex AI Search or a third-party SERP API are alternatives).
2026-06-11 09:54:40,889 [INFO] response: https://www.bing.com/images/async?q=Cline+Ancient+Vines+Zinfandel%2C+Contra+Costa+County%2C+California+2022+wine+bottle&async=1&first=1&count=35 200
2026-06-11 09:54:40,893 [INFO] Bing returned 1 candidates for SKU S004524
2026-06-11 09:54:40,943 [INFO] response: https://duckduckgo.com/i.js?o=json&q=Cline+Ancient+Vines+Zinfandel%2C+Contra+Costa+County%2C+California+2022+wine+bottle&l=us-en&vqd=4-248128828050330599880033689838978274822&p=1&ct=AT 403
2026-06-11 09:54:41,138 [INFO] response: https://www.bing.com/images/async?q=Cline+Ancient+Vines+Zinfandel%2C+Contra+Costa+County%2C+California+2022+wine+bottle&async=1&first=1&count=35 200
2026-06-11 09:54:41,140 [INFO] DuckDuckGo returned 1 candidates for SKU S004524
2026-06-11 09:54:41,971 [INFO] HTTP Request: GET https://api.search.brave.com/res/v1/images/search?q=Cline+Ancient+Vines+Zinfandel%2C+Contra+Costa+County%2C+California+2022+wine+bottle&count=15&search_lang=en&country=ALL&safesearch=strict&spellcheck=true "HTTP/1.1 200 OK"
2026-06-11 09:54:41,972 [INFO] Brave returned 15 candidates for SKU S004524 (query='Cline Ancient Vines Zinfandel, Contra Costa County, California 2022 wine bottle')
2026-06-11 09:54:42,664 [INFO] HTTP Request: POST https://google.serper.dev/images "HTTP/1.1 200 OK"
2026-06-11 09:54:42,665 [INFO] Serper (Google Images) returned 14 candidates for SKU S004524 (query='Cline Ancient Vines Zinfandel, Contra Costa County, California 2022 wine bottle')
2026-06-11 09:54:42,665 [INFO] SKU S004524 query='Cline Ancient Vines Zinfandel, Contra Costa County, California 2022 wi' — brave=15 google_cse=0 google_images=14 bing=1 ddg=1
2026-06-11 09:54:42,740 [INFO] HTTP Request: GET https://www.googleapis.com/customsearch/v1?key=AIzaSyBZ5p08dd5cR_Q5bMHhaAFuH6kPUO9jxrY&cx=02211d6d3950b4d03&q=Cline+2022+wine+bottle&searchType=image&num=10&imgSize=large&imgType=photo "HTTP/1.1 403 Forbidden"
2026-06-11 09:54:42,741 [WARNING] Custom Search JSON API returned 403: this GCP project likely has no JSON API entitlement (Google closed JSON API access for new projects; DDG/Bing fallback will be used). See https://developers.google.com/custom-search/v1/overview (Vertex AI Search or a third-party SERP API are alternatives).
2026-06-11 09:54:42,787 [INFO] response: https://duckduckgo.com/?q=Cline+2022+wine+bottle 200
2026-06-11 09:54:42,865 [INFO] response: https://duckduckgo.com/i.js?o=json&q=Cline+2022+wine+bottle&l=us-en&vqd=4-239352821118571378122193251331394843349&p=1&ct=AT 403
2026-06-11 09:54:42,997 [INFO] response: https://duckduckgo.com/?q=Cline+2022+wine+bottle 200
2026-06-11 09:54:43,079 [INFO] response: https://duckduckgo.com/i.js?o=json&q=Cline+2022+wine+bottle&l=us-en&vqd=4-239352821118571378122193251331394843349&p=1&ct=AT 403
2026-06-11 09:54:43,225 [INFO] response: https://www.bing.com/images/async?q=Cline+2022+wine+bottle&async=1&first=1&count=35 200
2026-06-11 09:54:43,237 [INFO] DuckDuckGo returned 1 candidates for SKU S004524
2026-06-11 09:54:43,407 [INFO] HTTP Request: GET https://api.search.brave.com/res/v1/images/search?q=Cline+2022+wine+bottle&count=15&search_lang=en&country=ALL&safesearch=strict&spellcheck=true "HTTP/1.1 200 OK"
2026-06-11 09:54:43,408 [INFO] Brave returned 15 candidates for SKU S004524 (query='Cline 2022 wine bottle')
2026-06-11 09:54:43,818 [INFO] HTTP Request: POST https://google.serper.dev/images "HTTP/1.1 200 OK"
2026-06-11 09:54:43,822 [INFO] Serper (Google Images) returned 14 candidates for SKU S004524 (query='Cline 2022 wine bottle')
2026-06-11 09:54:44,430 [INFO] response: https://www.bing.com/images/async?q=Cline+2022+wine+bottle&async=1&first=1&count=35 200
2026-06-11 09:54:44,432 [INFO] Bing returned 1 candidates for SKU S004524
2026-06-11 09:54:44,433 [INFO] SKU S004524 query='Cline 2022 wine bottle' — brave=15 google_cse=0 google_images=14 bing=1 ddg=1
2026-06-11 09:54:44,433 [INFO] Merged 67 total candidates for SKU S004524 (all sources, 3 queries)
2026-06-11 09:54:45,134 [INFO] HTTP Request: GET https://2chav.com/wp-content/uploads/202409avgif006-14.gif "HTTP/1.1 200 OK"
2026-06-11 09:55:08,115 [ERROR] Image download failed for https://www.carblogindia.com/wp-content/uploads/2019/08/Ertiga-720x477.jpg: 
2026-06-11 09:55:08,699 [INFO] HTTP Request: GET https://2chav.com/wp-content/uploads/202409avgif002-16.gif "HTTP/1.1 200 OK"
2026-06-11 09:55:12,781 [INFO] HTTP Request: GET https://img.erogazoo-img02.com/wp-content/uploads/2023/09/11/230913-306s.gif "HTTP/1.1 200 OK"
2026-06-11 09:55:14,526 [INFO] HTTP Request: GET https://www.okazurand.net/wp-content/uploads/2025/07/nhdtb-922-thumb.gif "HTTP/1.1 200 OK"
2026-06-11 09:55:16,664 [INFO] HTTP Request: GET https://morokoshi.work/wp-content/uploads/2024/02/watanabemao-kotoishiyumeru-mukc00026.gif "HTTP/1.1 200 OK"
2026-06-11 09:55:17,530 [INFO] HTTP Request: GET https://hgamefree.info/wp-content/uploads/2025/04/amu2.gif "HTTP/1.1 200 OK"
2026-06-11 09:55:20,121 [INFO] HTTP Request: GET https://storage200000.contents.fc2.com/file/383/38288919/1750321876.86.gif "HTTP/1.1 200 OK"
2026-06-11 09:55:25,974 [INFO] HTTP Request: GET https://www.dlsite.com/modpub/promo/maniax/RJ367420_m1/img/fv.gif "HTTP/1.1 200 OK"
2026-06-11 09:55:27,363 [INFO] HTTP Request: GET https://img.pcolle.com/30215c9f3d85177a7/24799167461344703cb/032820_JKsuikanSex20smnp2.gif "HTTP/1.1 200 OK"
2026-06-11 09:55:27,728 [INFO] HTTP Request: GET http://eleggp.com/i/2025/09/02/105537.gif "HTTP/1.1 301 Moved Permanently"
2026-06-11 09:55:28,369 [INFO] HTTP Request: GET https://eleggp.com/i/2025/09/02/105537.gif "HTTP/1.1 200 OK"
2026-06-11 09:55:33,293 [INFO] HTTP Request: GET https://2chav.com/wp-content/uploads/202409avgif004-15.gif "HTTP/1.1 200 OK"
2026-06-11 09:55:35,093 [ERROR]   Error: SQLite objects created in a thread can only be used in that same thread. The object was created in thread id 139320903170944 and this is thread id 139319268337216.
2026-06-11 09:55:35,093 [INFO] [22/141] S004525: Cline Classic Old Vine Zinfandel, California
2026-06-11 09:55:35,096 [ERROR] Brave Image Search failed: Event loop is closed
2026-06-11 09:55:35,301 [INFO] HTTP Request: GET https://www.googleapis.com/customsearch/v1?key=AIzaSyBZ5p08dd5cR_Q5bMHhaAFuH6kPUO9jxrY&cx=02211d6d3950b4d03&q=Cline+Classic+Old+Vine+Zinfandel%2C+California+2024&searchType=image&num=10&imgSize=large&imgType=photo "HTTP/1.1 403 Forbidden"
2026-06-11 09:55:35,303 [WARNING] Custom Search JSON API returned 403: this GCP project likely has no JSON API entitlement (Google closed JSON API access for new projects; DDG/Bing fallback will be used). See https://developers.google.com/custom-search/v1/overview (Vertex AI Search or a third-party SERP API are alternatives).
2026-06-11 09:55:35,475 [INFO] response: https://duckduckgo.com/?q=Cline+Classic+Old+Vine+Zinfandel%2C+California+2024 200
2026-06-11 09:55:35,554 [INFO] response: https://duckduckgo.com/i.js?o=json&q=Cline+Classic+Old+Vine+Zinfandel%2C+California+2024&l=us-en&vqd=4-317308875510596208700616571372300629322&p=1&ct=AT 403
2026-06-11 09:55:35,638 [INFO] response: https://duckduckgo.com/?q=Cline+Classic+Old+Vine+Zinfandel%2C+California+2024 200
2026-06-11 09:55:35,723 [INFO] response: https://duckduckgo.com/i.js?o=json&q=Cline+Classic+Old+Vine+Zinfandel%2C+California+2024&l=us-en&vqd=4-317308875510596208700616571372300629322&p=1&ct=AT 403
2026-06-11 09:55:36,294 [INFO] response: https://www.bing.com/images/async?q=Cline+Classic+Old+Vine+Zinfandel%2C+California+2024&async=1&first=1&count=35 200
2026-06-11 09:55:36,301 [INFO] DuckDuckGo returned 15 candidates for SKU S004525
2026-06-11 09:55:36,538 [INFO] response: https://www.bing.com/images/async?q=Cline+Classic+Old+Vine+Zinfandel%2C+California+2024&async=1&first=1&count=35 200
2026-06-11 09:55:36,542 [INFO] Bing returned 1 candidates for SKU S004525
2026-06-11 09:55:36,770 [INFO] HTTP Request: POST https://google.serper.dev/images "HTTP/1.1 200 OK"
2026-06-11 09:55:36,789 [INFO] Serper (Google Images) returned 15 candidates for SKU S004525 (query='Cline Classic Old Vine Zinfandel, California 2024')
2026-06-11 09:55:36,789 [INFO] SKU S004525 query='Cline Classic Old Vine Zinfandel, California 2024' — brave=0 google_cse=0 google_images=15 bing=1 ddg=15
2026-06-11 09:55:36,849 [INFO] HTTP Request: GET https://www.googleapis.com/customsearch/v1?key=AIzaSyBZ5p08dd5cR_Q5bMHhaAFuH6kPUO9jxrY&cx=02211d6d3950b4d03&q=Cline+Classic+Old+Vine+Zinfandel%2C+California+2024+wine+bottle&searchType=image&num=10&imgSize=large&imgType=photo "HTTP/1.1 403 Forbidden"
2026-06-11 09:55:36,850 [WARNING] Custom Search JSON API returned 403: this GCP project likely has no JSON API entitlement (Google closed JSON API access for new projects; DDG/Bing fallback will be used). See https://developers.google.com/custom-search/v1/overview (Vertex AI Search or a third-party SERP API are alternatives).
2026-06-11 09:55:36,935 [INFO] response: https://duckduckgo.com/?q=Cline+Classic+Old+Vine+Zinfandel%2C+California+2024+wine+bottle 200
2026-06-11 09:55:36,958 [INFO] response: https://www.bing.com/images/async?q=Cline+Classic+Old+Vine+Zinfandel%2C+California+2024+wine+bottle&async=1&first=1&count=35 200
2026-06-11 09:55:36,962 [INFO] Bing returned 1 candidates for SKU S004525
2026-06-11 09:55:37,032 [INFO] response: https://duckduckgo.com/i.js?o=json&q=Cline+Classic+Old+Vine+Zinfandel%2C+California+2024+wine+bottle&l=us-en&vqd=4-140512945746090869143048902690563886482&p=1&ct=AT 403
2026-06-11 09:55:37,096 [INFO] response: https://duckduckgo.com/?q=Cline+Classic+Old+Vine+Zinfandel%2C+California+2024+wine+bottle 200
2026-06-11 09:55:37,171 [INFO] response: https://duckduckgo.com/i.js?o=json&q=Cline+Classic+Old+Vine+Zinfandel%2C+California+2024+wine+bottle&l=us-en&vqd=4-140512945746090869143048902690563886482&p=1&ct=AT 403
2026-06-11 09:55:37,339 [INFO] response: https://www.bing.com/images/async?q=Cline+Classic+Old+Vine+Zinfandel%2C+California+2024+wine+bottle&async=1&first=1&count=35 200
2026-06-11 09:55:37,363 [INFO] DuckDuckGo returned 15 candidates for SKU S004525
2026-06-11 09:55:37,788 [INFO] HTTP Request: GET https://api.search.brave.com/res/v1/images/search?q=Cline+Classic+Old+Vine+Zinfandel%2C+California+2024+wine+bottle&count=15&search_lang=en&country=ALL&safesearch=strict&spellcheck=true "HTTP/1.1 200 OK"
2026-06-11 09:55:37,789 [INFO] Brave returned 15 candidates for SKU S004525 (query='Cline Classic Old Vine Zinfandel, California 2024 wine bottle')
2026-06-11 09:55:38,005 [INFO] HTTP Request: POST https://google.serper.dev/images "HTTP/1.1 200 OK"
2026-06-11 09:55:38,023 [INFO] Serper (Google Images) returned 15 candidates for SKU S004525 (query='Cline Classic Old Vine Zinfandel, California 2024 wine bottle')
2026-06-11 09:55:38,024 [INFO] SKU S004525 query='Cline Classic Old Vine Zinfandel, California 2024 wine bottle' — brave=15 google_cse=0 google_images=15 bing=1 ddg=15
2026-06-11 09:55:38,084 [INFO] HTTP Request: GET https://www.googleapis.com/customsearch/v1?key=AIzaSyBZ5p08dd5cR_Q5bMHhaAFuH6kPUO9jxrY&cx=02211d6d3950b4d03&q=Cline+2024+wine+bottle&searchType=image&num=10&imgSize=large&imgType=photo "HTTP/1.1 403 Forbidden"
2026-06-11 09:55:38,085 [WARNING] Custom Search JSON API returned 403: this GCP project likely has no JSON API entitlement (Google closed JSON API access for new projects; DDG/Bing fallback will be used). See https://developers.google.com/custom-search/v1/overview (Vertex AI Search or a third-party SERP API are alternatives).
2026-06-11 09:55:38,158 [INFO] response: https://duckduckgo.com/?q=Cline+2024+wine+bottle 200
2026-06-11 09:55:38,211 [INFO] response: https://www.bing.com/images/async?q=Cline+2024+wine+bottle&async=1&first=1&count=35 200
2026-06-11 09:55:38,248 [INFO] response: https://duckduckgo.com/i.js?o=json&q=Cline+2024+wine+bottle&l=us-en&vqd=4-308363978513194749554868468701389854999&p=1&ct=AT 403
2026-06-11 09:55:38,254 [INFO] Bing returned 13 candidates for SKU S004525
2026-06-11 09:55:38,313 [INFO] response: https://duckduckgo.com/?q=Cline+2024+wine+bottle 200
2026-06-11 09:55:38,413 [INFO] response: https://duckduckgo.com/i.js?o=json&q=Cline+2024+wine+bottle&l=us-en&vqd=4-308363978513194749554868468701389854999&p=1&ct=AT 403
2026-06-11 09:55:38,639 [INFO] HTTP Request: GET https://api.search.brave.com/res/v1/images/search?q=Cline+2024+wine+bottle&count=15&search_lang=en&country=ALL&safesearch=strict&spellcheck=true "HTTP/1.1 200 OK"
2026-06-11 09:55:38,641 [INFO] Brave returned 8 candidates for SKU S004525 (query='Cline 2024 wine bottle')
2026-06-11 09:55:38,895 [INFO] response: https://www.bing.com/images/async?q=Cline+2024+wine+bottle&async=1&first=1&count=35 200
2026-06-11 09:55:38,899 [INFO] DuckDuckGo returned 1 candidates for SKU S004525
2026-06-11 09:55:39,406 [INFO] HTTP Request: POST https://google.serper.dev/images "HTTP/1.1 200 OK"
2026-06-11 09:55:39,418 [INFO] Serper (Google Images) returned 13 candidates for SKU S004525 (query='Cline 2024 wine bottle')
2026-06-11 09:55:39,418 [INFO] SKU S004525 query='Cline 2024 wine bottle' — brave=8 google_cse=0 google_images=13 bing=13 ddg=1
2026-06-11 09:55:39,419 [INFO] Merged 98 total candidates for SKU S004525 (all sources, 3 queries)
2026-06-11 09:55:39,899 [INFO] HTTP Request: GET http://wineonsale.com/cdn/shop/products/ClineClassicOldVineZinfandel.jpg?v=1702761376 "HTTP/1.1 301 Moved Permanently"
2026-06-11 09:55:40,012 [INFO] HTTP Request: GET https://wineonsale.com/cdn/shop/products/ClineClassicOldVineZinfandel.jpg?v=1702761376 "HTTP/1.1 200 OK"
2026-06-11 09:55:40,085 [INFO] SKU S004525 — first downloadable image: http://wineonsale.com/cdn/shop/products/ClineClassicOldVineZinfandel.jpg?v=1702761376
2026-06-11 09:55:40,085 [ERROR]   Error: SQLite objects created in a thread can only be used in that same thread. The object was created in thread id 139320903170944 and this is thread id 139319268337216.
2026-06-11 09:55:40,085 [INFO] [23/141] S004528: Cypress Merlot, California
2026-06-11 09:55:40,090 [ERROR] Brave Image Search failed: Event loop is closed
2026-06-11 09:55:40,090 [ERROR] Google search failed: Event loop is closed
2026-06-11 09:55:40,091 [ERROR] Serper search failed: Event loop is closed
2026-06-11 09:55:40,278 [INFO] response: https://www.bing.com/images/async?q=Cypress+Merlot%2C+California+2022&async=1&first=1&count=35 200
2026-06-11 09:55:40,336 [INFO] response: https://duckduckgo.com/?q=Cypress+Merlot%2C+California+2022 200
2026-06-11 09:55:40,419 [INFO] response: https://duckduckgo.com/i.js?o=json&q=Cypress+Merlot%2C+California+2022&l=us-en&vqd=4-332972943620708936957424949600714485492&p=1&ct=AT 403
2026-06-11 09:55:40,480 [INFO] response: https://duckduckgo.com/?q=Cypress+Merlot%2C+California+2022 200
2026-06-11 09:55:40,569 [INFO] response: https://duckduckgo.com/i.js?o=json&q=Cypress+Merlot%2C+California+2022&l=us-en&vqd=4-332972943620708936957424949600714485492&p=1&ct=AT 403
2026-06-11 09:55:40,724 [INFO] response: https://www.bing.com/images/async?q=Cypress+Merlot%2C+California+2022&async=1&first=1&count=35 200
2026-06-11 09:55:40,725 [INFO] DuckDuckGo returned 1 candidates for SKU S004528
2026-06-11 09:55:40,726 [INFO] SKU S004528 query='Cypress Merlot, California 2022' — brave=0 google_cse=0 google_images=0 bing=0 ddg=1
2026-06-11 09:55:40,841 [INFO] response: https://duckduckgo.com/?q=Cypress+Merlot%2C+California+2022+wine+bottle 200
2026-06-11 09:55:40,878 [INFO] HTTP Request: GET https://www.googleapis.com/customsearch/v1?key=AIzaSyBZ5p08dd5cR_Q5bMHhaAFuH6kPUO9jxrY&cx=02211d6d3950b4d03&q=Cypress+Merlot%2C+California+2022+wine+bottle&searchType=image&num=10&imgSize=large&imgType=photo "HTTP/1.1 403 Forbidden"
2026-06-11 09:55:40,879 [WARNING] Custom Search JSON API returned 403: this GCP project likely has no JSON API entitlement (Google closed JSON API access for new projects; DDG/Bing fallback will be used). See https://developers.google.com/custom-search/v1/overview (Vertex AI Search or a third-party SERP API are alternatives).
2026-06-11 09:55:40,913 [INFO] response: https://www.bing.com/images/async?q=Cypress+Merlot%2C+California+2022+wine+bottle&async=1&first=1&count=35 200
2026-06-11 09:55:40,916 [INFO] Bing returned 1 candidates for SKU S004528
2026-06-11 09:55:40,922 [INFO] response: https://duckduckgo.com/i.js?o=json&q=Cypress+Merlot%2C+California+2022+wine+bottle&l=us-en&vqd=4-334129875112316754196252293749370202391&p=1&ct=AT 403
2026-06-11 09:55:40,993 [INFO] response: https://duckduckgo.com/?q=Cypress+Merlot%2C+California+2022+wine+bottle 200
2026-06-11 09:55:41,074 [INFO] response: https://duckduckgo.com/i.js?o=json&q=Cypress+Merlot%2C+California+2022+wine+bottle&l=us-en&vqd=4-334129875112316754196252293749370202391&p=1&ct=AT 403
2026-06-11 09:55:41,235 [INFO] response: https://www.bing.com/images/async?q=Cypress+Merlot%2C+California+2022+wine+bottle&async=1&first=1&count=35 200
2026-06-11 09:55:41,237 [INFO] DuckDuckGo returned 1 candidates for SKU S004528
2026-06-11 09:55:41,935 [INFO] HTTP Request: GET https://api.search.brave.com/res/v1/images/search?q=Cypress+Merlot%2C+California+2022+wine+bottle&count=15&search_lang=en&country=ALL&safesearch=strict&spellcheck=true "HTTP/1.1 200 OK"
2026-06-11 09:55:41,936 [INFO] Brave returned 13 candidates for SKU S004528 (query='Cypress Merlot, California 2022 wine bottle')
2026-06-11 09:55:42,412 [INFO] HTTP Request: POST https://google.serper.dev/images "HTTP/1.1 200 OK"
2026-06-11 09:55:42,417 [INFO] Serper (Google Images) returned 15 candidates for SKU S004528 (query='Cypress Merlot, California 2022 wine bottle')
2026-06-11 09:55:42,418 [INFO] SKU S004528 query='Cypress Merlot, California 2022 wine bottle' — brave=13 google_cse=0 google_images=15 bing=1 ddg=1
2026-06-11 09:55:42,814 [INFO] HTTP Request: GET https://www.googleapis.com/customsearch/v1?key=AIzaSyBZ5p08dd5cR_Q5bMHhaAFuH6kPUO9jxrY&cx=02211d6d3950b4d03&q=Cypress+2022+wine+bottle&searchType=image&num=10&imgSize=large&imgType=photo "HTTP/1.1 403 Forbidden"
2026-06-11 09:55:42,815 [INFO] response: https://duckduckgo.com/?q=Cypress+2022+wine+bottle 200
2026-06-11 09:55:42,815 [WARNING] Custom Search JSON API returned 403: this GCP project likely has no JSON API entitlement (Google closed JSON API access for new projects; DDG/Bing fallback will be used). See https://developers.google.com/custom-search/v1/overview (Vertex AI Search or a third-party SERP API are alternatives).
2026-06-11 09:55:42,815 [INFO] response: https://www.bing.com/images/async?q=Cypress+2022+wine+bottle&async=1&first=1&count=35 200
2026-06-11 09:55:42,817 [INFO] Bing returned 1 candidates for SKU S004528
2026-06-11 09:55:43,193 [INFO] response: https://duckduckgo.com/i.js?o=json&q=Cypress+2022+wine+bottle&l=us-en&vqd=4-46963669157255615455371974489072706249&p=1&ct=AT 403
2026-06-11 09:55:43,266 [INFO] response: https://duckduckgo.com/?q=Cypress+2022+wine+bottle 200
2026-06-11 09:55:43,633 [INFO] response: https://duckduckgo.com/i.js?o=json&q=Cypress+2022+wine+bottle&l=us-en&vqd=4-46963669157255615455371974489072706249&p=1&ct=AT 403
2026-06-11 09:55:43,634 [INFO] HTTP Request: GET https://api.search.brave.com/res/v1/images/search?q=Cypress+2022+wine+bottle&count=15&search_lang=en&country=ALL&safesearch=strict&spellcheck=true "HTTP/1.1 200 OK"
2026-06-11 09:55:43,635 [INFO] Brave returned 14 candidates for SKU S004528 (query='Cypress 2022 wine bottle')
2026-06-11 09:55:43,711 [INFO] HTTP Request: POST https://google.serper.dev/images "HTTP/1.1 200 OK"
2026-06-11 09:55:43,719 [INFO] Serper (Google Images) returned 14 candidates for SKU S004528 (query='Cypress 2022 wine bottle')
2026-06-11 09:55:44,490 [INFO] response: https://www.bing.com/images/async?q=Cypress+2022+wine+bottle&async=1&first=1&count=35 200
2026-06-11 09:55:44,505 [INFO] DuckDuckGo returned 1 candidates for SKU S004528
2026-06-11 09:55:44,505 [INFO] SKU S004528 query='Cypress 2022 wine bottle' — brave=14 google_cse=0 google_images=14 bing=1 ddg=1
2026-06-11 09:55:44,505 [INFO] Merged 60 total candidates for SKU S004528 (all sources, 3 queries)
2026-06-11 09:55:50,531 [INFO] HTTP Request: GET https://i.pinimg.com/originals/e3/6f/fe/e36ffe666afd3a9967b7497369a9b3f3.jpg "HTTP/1.1 200 OK"
2026-06-11 09:55:50,568 [INFO] SKU S004528 — first downloadable image: https://i.pinimg.com/originals/e3/6f/fe/e36ffe666afd3a9967b7497369a9b3f3.jpg
2026-06-11 09:55:50,569 [ERROR]   Error: SQLite objects created in a thread can only be used in that same thread. The object was created in thread id 139320903170944 and this is thread id 139319268337216.
2026-06-11 09:55:50,569 [INFO] [24/141] S004529: Cypress Cabernet Sauvignon, California
2026-06-11 09:55:50,570 [ERROR] Brave Image Search failed: Event loop is closed
2026-06-11 09:55:50,724 [INFO] response: https://duckduckgo.com/?q=Cypress+Cabernet+Sauvignon%2C+California+2019 200
2026-06-11 09:55:50,796 [INFO] HTTP Request: GET https://www.googleapis.com/customsearch/v1?key=AIzaSyBZ5p08dd5cR_Q5bMHhaAFuH6kPUO9jxrY&cx=02211d6d3950b4d03&q=Cypress+Cabernet+Sauvignon%2C+California+2019&searchType=image&num=10&imgSize=large&imgType=photo "HTTP/1.1 403 Forbidden"
2026-06-11 09:55:50,797 [WARNING] Custom Search JSON API returned 403: this GCP project likely has no JSON API entitlement (Google closed JSON API access for new projects; DDG/Bing fallback will be used). See https://developers.google.com/custom-search/v1/overview (Vertex AI Search or a third-party SERP API are alternatives).
2026-06-11 09:55:50,823 [INFO] response: https://duckduckgo.com/i.js?o=json&q=Cypress+Cabernet+Sauvignon%2C+California+2019&l=us-en&vqd=4-150869444518014487017727135066179641604&p=1&ct=AT 403
2026-06-11 09:55:51,084 [INFO] response: https://www.bing.com/images/async?q=Cypress+Cabernet+Sauvignon%2C+California+2019&async=1&first=1&count=35 200
2026-06-11 09:55:51,086 [INFO] DuckDuckGo returned 1 candidates for SKU S004529
2026-06-11 09:55:51,789 [INFO] response: https://www.bing.com/images/async?q=Cypress+Cabernet+Sauvignon%2C+California+2019&async=1&first=1&count=35 200
2026-06-11 09:55:51,791 [INFO] Bing returned 1 candidates for SKU S004529
2026-06-11 09:55:52,002 [INFO] HTTP Request: POST https://google.serper.dev/images "HTTP/1.1 200 OK"
2026-06-11 09:55:52,003 [INFO] Serper (Google Images) returned 15 candidates for SKU S004529 (query='Cypress Cabernet Sauvignon, California 2019')
2026-06-11 09:55:52,003 [INFO] SKU S004529 query='Cypress Cabernet Sauvignon, California 2019' — brave=0 google_cse=0 google_images=15 bing=1 ddg=1
2026-06-11 09:55:52,083 [INFO] HTTP Request: GET https://www.googleapis.com/customsearch/v1?key=AIzaSyBZ5p08dd5cR_Q5bMHhaAFuH6kPUO9jxrY&cx=02211d6d3950b4d03&q=Cypress+Cabernet+Sauvignon%2C+California+2019+wine+bottle&searchType=image&num=10&imgSize=large&imgType=photo "HTTP/1.1 403 Forbidden"
2026-06-11 09:55:52,084 [WARNING] Custom Search JSON API returned 403: this GCP project likely has no JSON API entitlement (Google closed JSON API access for new projects; DDG/Bing fallback will be used). See https://developers.google.com/custom-search/v1/overview (Vertex AI Search or a third-party SERP API are alternatives).
2026-06-11 09:55:52,145 [INFO] response: https://duckduckgo.com/?q=Cypress+Cabernet+Sauvignon%2C+California+2019+wine+bottle 200
2026-06-11 09:55:52,216 [INFO] response: https://www.bing.com/images/async?q=Cypress+Cabernet+Sauvignon%2C+California+2019+wine+bottle&async=1&first=1&count=35 200
2026-06-11 09:55:52,270 [INFO] Bing returned 1 candidates for SKU S004529
2026-06-11 09:55:52,404 [INFO] response: https://duckduckgo.com/i.js?o=json&q=Cypress+Cabernet+Sauvignon%2C+California+2019+wine+bottle&l=us-en&vqd=4-49443503213907042612703195435039146438&p=1&ct=AT 403
2026-06-11 09:55:52,563 [INFO] response: https://www.bing.com/images/async?q=Cypress+Cabernet+Sauvignon%2C+California+2019+wine+bottle&async=1&first=1&count=35 200
2026-06-11 09:55:52,576 [INFO] DuckDuckGo returned 1 candidates for SKU S004529
2026-06-11 09:55:53,053 [INFO] HTTP Request: GET https://api.search.brave.com/res/v1/images/search?q=Cypress+Cabernet+Sauvignon%2C+California+2019+wine+bottle&count=15&search_lang=en&country=ALL&safesearch=strict&spellcheck=true "HTTP/1.1 200 OK"
2026-06-11 09:55:53,054 [INFO] Brave returned 15 candidates for SKU S004529 (query='Cypress Cabernet Sauvignon, California 2019 wine bottle')
2026-06-11 09:55:53,954 [INFO] HTTP Request: POST https://google.serper.dev/images "HTTP/1.1 200 OK"
2026-06-11 09:55:53,955 [INFO] Serper (Google Images) returned 15 candidates for SKU S004529 (query='Cypress Cabernet Sauvignon, California 2019 wine bottle')
2026-06-11 09:55:53,956 [INFO] SKU S004529 query='Cypress Cabernet Sauvignon, California 2019 wine bottle' — brave=15 google_cse=0 google_images=15 bing=1 ddg=1
2026-06-11 09:55:54,048 [INFO] HTTP Request: GET https://www.googleapis.com/customsearch/v1?key=AIzaSyBZ5p08dd5cR_Q5bMHhaAFuH6kPUO9jxrY&cx=02211d6d3950b4d03&q=Cypress+2019+wine+bottle&searchType=image&num=10&imgSize=large&imgType=photo "HTTP/1.1 403 Forbidden"
2026-06-11 09:55:54,049 [WARNING] Custom Search JSON API returned 403: this GCP project likely has no JSON API entitlement (Google closed JSON API access for new projects; DDG/Bing fallback will be used). See https://developers.google.com/custom-search/v1/overview (Vertex AI Search or a third-party SERP API are alternatives).
2026-06-11 09:55:54,080 [INFO] response: https://duckduckgo.com/?q=Cypress+2019+wine+bottle 200
2026-06-11 09:55:54,145 [INFO] response: https://www.bing.com/images/async?q=Cypress+2019+wine+bottle&async=1&first=1&count=35 200
2026-06-11 09:55:54,150 [INFO] Bing returned 1 candidates for SKU S004529
2026-06-11 09:55:54,160 [INFO] response: https://duckduckgo.com/i.js?o=json&q=Cypress+2019+wine+bottle&l=us-en&vqd=4-14852548325551451436400679829116008582&p=1&ct=AT 403
2026-06-11 09:55:54,321 [INFO] response: https://www.bing.com/images/async?q=Cypress+2019+wine+bottle&async=1&first=1&count=35 200
2026-06-11 09:55:54,325 [INFO] DuckDuckGo returned 1 candidates for SKU S004529
2026-06-11 09:55:54,669 [INFO] HTTP Request: GET https://api.search.brave.com/res/v1/images/search?q=Cypress+2019+wine+bottle&count=15&search_lang=en&country=ALL&safesearch=strict&spellcheck=true "HTTP/1.1 200 OK"
2026-06-11 09:55:54,701 [INFO] Brave returned 14 candidates for SKU S004529 (query='Cypress 2019 wine bottle')
2026-06-11 09:55:55,483 [INFO] HTTP Request: POST https://google.serper.dev/images "HTTP/1.1 200 OK"
2026-06-11 09:55:55,498 [INFO] Serper (Google Images) returned 12 candidates for SKU S004529 (query='Cypress 2019 wine bottle')
2026-06-11 09:55:55,498 [INFO] SKU S004529 query='Cypress 2019 wine bottle' — brave=14 google_cse=0 google_images=12 bing=1 ddg=1
2026-06-11 09:55:55,498 [INFO] Merged 57 total candidates for SKU S004529 (all sources, 3 queries)
2026-06-11 09:55:55,616 [INFO] HTTP Request: GET http://wineonsale.com/cdn/shop/products/CypressVineyardsCabernetSauvignon.jpg?v=1702764221 "HTTP/1.1 301 Moved Permanently"
2026-06-11 09:55:56,295 [INFO] HTTP Request: GET https://wineonsale.com/cdn/shop/products/CypressVineyardsCabernetSauvignon.jpg?v=1702764221 "HTTP/1.1 200 OK"
2026-06-11 09:55:56,367 [INFO] SKU S004529 — first downloadable image: http://wineonsale.com/cdn/shop/products/CypressVineyardsCabernetSauvignon.jpg?v=1702764221
2026-06-11 09:55:56,367 [ERROR]   Error: SQLite objects created in a thread can only be used in that same thread. The object was created in thread id 139320903170944 and this is thread id 139319268337216.
2026-06-11 09:55:56,367 [INFO] [25/141] S004531: Cypress Chardonnay, California
2026-06-11 09:55:56,371 [ERROR] Brave Image Search failed: Event loop is closed
2026-06-11 09:55:56,371 [ERROR] Google search failed: Event loop is closed
2026-06-11 09:55:56,371 [ERROR] Serper search failed: Event loop is closed
2026-06-11 09:55:56,495 [INFO] response: https://duckduckgo.com/?q=Cypress+Chardonnay%2C+California+2022 200
2026-06-11 09:55:56,539 [INFO] response: https://www.bing.com/images/async?q=Cypress+Chardonnay%2C+California+2022&async=1&first=1&count=35 200
2026-06-11 09:55:56,562 [INFO] Bing returned 1 candidates for SKU S004531
2026-06-11 09:55:56,577 [INFO] response: https://duckduckgo.com/i.js?o=json&q=Cypress+Chardonnay%2C+California+2022&l=us-en&vqd=4-318876247257577301846785647528136228370&p=1&ct=AT 403
2026-06-11 09:55:56,814 [INFO] response: https://duckduckgo.com/?q=Cypress+Chardonnay%2C+California+2022 200
2026-06-11 09:55:57,035 [INFO] response: https://duckduckgo.com/i.js?o=json&q=Cypress+Chardonnay%2C+California+2022&l=us-en&vqd=4-318876247257577301846785647528136228370&p=1&ct=AT 403
2026-06-11 09:55:57,273 [INFO] response: https://www.bing.com/images/async?q=Cypress+Chardonnay%2C+California+2022&async=1&first=1&count=35 200
2026-06-11 09:55:57,275 [INFO] DuckDuckGo returned 1 candidates for SKU S004531
2026-06-11 09:55:57,275 [INFO] SKU S004531 query='Cypress Chardonnay, California 2022' — brave=0 google_cse=0 google_images=0 bing=1 ddg=1
2026-06-11 09:55:57,405 [INFO] response: https://duckduckgo.com/?q=Cypress+Chardonnay%2C+California+2022+wine+bottle 200
2026-06-11 09:55:57,596 [INFO] response: https://duckduckgo.com/i.js?o=json&q=Cypress+Chardonnay%2C+California+2022+wine+bottle&l=us-en&vqd=4-49992377798793105909601273278665363254&p=1&ct=AT 403
2026-06-11 09:55:57,598 [INFO] HTTP Request: GET https://www.googleapis.com/customsearch/v1?key=AIzaSyBZ5p08dd5cR_Q5bMHhaAFuH6kPUO9jxrY&cx=02211d6d3950b4d03&q=Cypress+Chardonnay%2C+California+2022+wine+bottle&searchType=image&num=10&imgSize=large&imgType=photo "HTTP/1.1 403 Forbidden"
2026-06-11 09:55:57,599 [WARNING] Custom Search JSON API returned 403: this GCP project likely has no JSON API entitlement (Google closed JSON API access for new projects; DDG/Bing fallback will be used). See https://developers.google.com/custom-search/v1/overview (Vertex AI Search or a third-party SERP API are alternatives).
2026-06-11 09:55:57,832 [INFO] response: https://www.bing.com/images/async?q=Cypress+Chardonnay%2C+California+2022+wine+bottle&async=1&first=1&count=35 200
2026-06-11 09:55:57,833 [INFO] DuckDuckGo returned 1 candidates for SKU S004531
2026-06-11 09:55:58,418 [INFO] HTTP Request: GET https://api.search.brave.com/res/v1/images/search?q=Cypress+Chardonnay%2C+California+2022+wine+bottle&count=15&search_lang=en&country=ALL&safesearch=strict&spellcheck=true "HTTP/1.1 200 OK"
2026-06-11 09:55:58,418 [INFO] response: https://www.bing.com/images/async?q=Cypress+Chardonnay%2C+California+2022+wine+bottle&async=1&first=1&count=35 200
2026-06-11 09:55:58,419 [INFO] Brave returned 15 candidates for SKU S004531 (query='Cypress Chardonnay, California 2022 wine bottle')
2026-06-11 09:55:58,420 [INFO] Bing returned 1 candidates for SKU S004531
2026-06-11 09:55:58,620 [INFO] HTTP Request: POST https://google.serper.dev/images "HTTP/1.1 200 OK"
2026-06-11 09:55:58,634 [INFO] Serper (Google Images) returned 15 candidates for SKU S004531 (query='Cypress Chardonnay, California 2022 wine bottle')
2026-06-11 09:55:58,634 [INFO] SKU S004531 query='Cypress Chardonnay, California 2022 wine bottle' — brave=15 google_cse=0 google_images=15 bing=1 ddg=1
2026-06-11 09:55:58,774 [INFO] HTTP Request: GET https://www.googleapis.com/customsearch/v1?key=AIzaSyBZ5p08dd5cR_Q5bMHhaAFuH6kPUO9jxrY&cx=02211d6d3950b4d03&q=Cypress+2022+wine+bottle&searchType=image&num=10&imgSize=large&imgType=photo "HTTP/1.1 403 Forbidden"
2026-06-11 09:55:58,774 [INFO] response: https://duckduckgo.com/?q=Cypress+2022+wine+bottle 200
2026-06-11 09:55:58,776 [WARNING] Custom Search JSON API returned 403: this GCP project likely has no JSON API entitlement (Google closed JSON API access for new projects; DDG/Bing fallback will be used). See https://developers.google.com/custom-search/v1/overview (Vertex AI Search or a third-party SERP API are alternatives).
2026-06-11 09:55:58,798 [INFO] response: https://www.bing.com/images/async?q=Cypress+2022+wine+bottle&async=1&first=1&count=35 200
2026-06-11 09:55:58,800 [INFO] Bing returned 1 candidates for SKU S004531
2026-06-11 09:55:58,831 [INFO] HTTP Request: GET https://api.search.brave.com/res/v1/images/search?q=Cypress+2022+wine+bottle&count=15&search_lang=en&country=ALL&safesearch=strict&spellcheck=true "HTTP/1.1 200 OK"
2026-06-11 09:55:58,833 [INFO] Brave returned 14 candidates for SKU S004531 (query='Cypress 2022 wine bottle')
2026-06-11 09:55:58,978 [INFO] response: https://duckduckgo.com/i.js?o=json&q=Cypress+2022+wine+bottle&l=us-en&vqd=4-46963669157255615455371974489072706249&p=1&ct=AT 403
2026-06-11 09:56:00,413 [INFO] HTTP Request: POST https://google.serper.dev/images "HTTP/1.1 200 OK"
2026-06-11 09:56:00,414 [INFO] Serper (Google Images) returned 14 candidates for SKU S004531 (query='Cypress 2022 wine bottle')
2026-06-11 09:56:03,981 [INFO] Error in engine duckduckgo: TimeoutException(TimeoutError('error sending request for url (https://duckduckgo.com/?q=Cypress+2022+wine+bottle)', 'https://duckduckgo.com/?q=Cypress+2022+wine+bottle'))
2026-06-11 09:56:04,194 [INFO] response: https://www.bing.com/images/async?q=Cypress+2022+wine+bottle&async=1&first=1&count=35 200
2026-06-11 09:56:04,196 [ERROR] DuckDuckGo image search failed: ('error sending request for url (https://duckduckgo.com/?q=Cypress+2022+wine+bottle)', 'https://duckduckgo.com/?q=Cypress+2022+wine+bottle')
2026-06-11 09:56:04,196 [INFO] SKU S004531 query='Cypress 2022 wine bottle' — brave=14 google_cse=0 google_images=14 bing=1 ddg=0
2026-06-11 09:56:04,197 [INFO] Merged 61 total candidates for SKU S004531 (all sources, 3 queries)
2026-06-11 09:56:04,481 [INFO] HTTP Request: GET https://livedoor.blogimg.jp/shanpu4194/imgs/1/9/19ea8723-s.jpg "HTTP/1.1 200 OK"
2026-06-11 09:56:04,538 [INFO] SKU S004531 — first downloadable image: https://livedoor.blogimg.jp/shanpu4194/imgs/1/9/19ea8723-s.jpg
2026-06-11 09:56:04,539 [ERROR]   Error: SQLite objects created in a thread can only be used in that same thread. The object was created in thread id 139320903170944 and this is thread id 139319268337216.
2026-06-11 09:56:04,539 [INFO] [26/141] S004532: Chateau des Bardes, Saint-Emilion Grand Cru, Bordeaux, France
2026-06-11 09:56:04,540 [ERROR] Brave Image Search failed: Event loop is closed
2026-06-11 09:56:04,546 [ERROR] Serper search failed: Event loop is closed
2026-06-11 09:56:04,730 [INFO] HTTP Request: GET https://www.googleapis.com/customsearch/v1?key=AIzaSyBZ5p08dd5cR_Q5bMHhaAFuH6kPUO9jxrY&cx=02211d6d3950b4d03&q=Chateau+des+Bardes%2C+Saint-Emilion+Grand+Cru%2C+Bordeaux%2C+France+2021&searchType=image&num=10&imgSize=large&imgType=photo "HTTP/1.1 403 Forbidden"
2026-06-11 09:56:04,730 [WARNING] Custom Search JSON API returned 403: this GCP project likely has no JSON API entitlement (Google closed JSON API access for new projects; DDG/Bing fallback will be used). See https://developers.google.com/custom-search/v1/overview (Vertex AI Search or a third-party SERP API are alternatives).
2026-06-11 09:56:04,731 [INFO] response: https://www.bing.com/images/async?q=Chateau+des+Bardes%2C+Saint-Emilion+Grand+Cru%2C+Bordeaux%2C+France+2021&async=1&first=1&count=35 200
2026-06-11 09:56:04,738 [INFO] Bing returned 15 candidates for SKU S004532
2026-06-11 09:56:09,741 [INFO] response: https://www.bing.com/images/async?q=Chateau+des+Bardes%2C+Saint-Emilion+Grand+Cru%2C+Bordeaux%2C+France+2021&async=1&first=1&count=35 200
2026-06-11 09:56:09,761 [INFO] DuckDuckGo returned 15 candidates for SKU S004532
2026-06-11 09:56:09,761 [INFO] SKU S004532 query='Chateau des Bardes, Saint-Emilion Grand Cru, Bordeaux, France 2021' — brave=0 google_cse=0 google_images=0 bing=15 ddg=15
2026-06-11 09:56:09,926 [INFO] response: https://www.bing.com/images/async?q=Chateau+des+Bardes%2C+Saint-Emilion+Grand+Cru%2C+Bordeaux%2C+France+2021+wine+bottle&async=1&first=1&count=35 200
2026-06-11 09:56:09,927 [INFO] Bing returned 1 candidates for SKU S004532
2026-06-11 09:56:09,939 [INFO] HTTP Request: GET https://www.googleapis.com/customsearch/v1?key=AIzaSyBZ5p08dd5cR_Q5bMHhaAFuH6kPUO9jxrY&cx=02211d6d3950b4d03&q=Chateau+des+Bardes%2C+Saint-Emilion+Grand+Cru%2C+Bordeaux%2C+France+2021+wine+bottle&searchType=image&num=10&imgSize=large&imgType=photo "HTTP/1.1 403 Forbidden"
2026-06-11 09:56:09,940 [WARNING] Custom Search JSON API returned 403: this GCP project likely has no JSON API entitlement (Google closed JSON API access for new projects; DDG/Bing fallback will be used). See https://developers.google.com/custom-search/v1/overview (Vertex AI Search or a third-party SERP API are alternatives).
2026-06-11 09:56:10,860 [INFO] HTTP Request: GET https://api.search.brave.com/res/v1/images/search?q=Chateau+des+Bardes%2C+Saint-Emilion+Grand+Cru%2C+Bordeaux%2C+France+2021+wine+bottle&count=15&search_lang=en&country=ALL&safesearch=strict&spellcheck=true "HTTP/1.1 200 OK"
2026-06-11 09:56:10,862 [INFO] Brave returned 15 candidates for SKU S004532 (query='Chateau des Bardes, Saint-Emilion Grand Cru, Bordeaux, France 2021 wine bottle')
2026-06-11 09:56:11,881 [INFO] HTTP Request: POST https://google.serper.dev/images "HTTP/1.1 200 OK"
2026-06-11 09:56:11,883 [INFO] Serper (Google Images) returned 15 candidates for SKU S004532 (query='Chateau des Bardes, Saint-Emilion Grand Cru, Bordeaux, France 2021 wine bottle')
2026-06-11 09:56:14,929 [INFO] response: https://www.bing.com/images/async?q=Chateau+des+Bardes%2C+Saint-Emilion+Grand+Cru%2C+Bordeaux%2C+France+2021+wine+bottle&async=1&first=1&count=35 200
2026-06-11 09:56:14,932 [INFO] DuckDuckGo returned 1 candidates for SKU S004532
2026-06-11 09:56:14,932 [INFO] SKU S004532 query='Chateau des Bardes, Saint-Emilion Grand Cru, Bordeaux, France 2021 win' — brave=15 google_cse=0 google_images=15 bing=1 ddg=1
2026-06-11 09:56:14,996 [INFO] HTTP Request: GET https://www.googleapis.com/customsearch/v1?key=AIzaSyBZ5p08dd5cR_Q5bMHhaAFuH6kPUO9jxrY&cx=02211d6d3950b4d03&q=Chateau+des+Bardes%2C+2021+wine+bottle&searchType=image&num=10&imgSize=large&imgType=photo "HTTP/1.1 403 Forbidden"
2026-06-11 09:56:14,996 [WARNING] Custom Search JSON API returned 403: this GCP project likely has no JSON API entitlement (Google closed JSON API access for new projects; DDG/Bing fallback will be used). See https://developers.google.com/custom-search/v1/overview (Vertex AI Search or a third-party SERP API are alternatives).
2026-06-11 09:56:15,119 [INFO] response: https://www.bing.com/images/async?q=Chateau+des+Bardes%2C+2021+wine+bottle&async=1&first=1&count=35 200
2026-06-11 09:56:15,123 [INFO] Bing returned 1 candidates for SKU S004532
2026-06-11 09:56:15,564 [INFO] HTTP Request: GET https://api.search.brave.com/res/v1/images/search?q=Chateau+des+Bardes%2C+2021+wine+bottle&count=15&search_lang=en&country=ALL&safesearch=strict&spellcheck=true "HTTP/1.1 200 OK"
2026-06-11 09:56:15,564 [INFO] Brave returned 15 candidates for SKU S004532 (query='Chateau des Bardes, 2021 wine bottle')
2026-06-11 09:56:16,168 [INFO] HTTP Request: POST https://google.serper.dev/images "HTTP/1.1 200 OK"
2026-06-11 09:56:16,169 [INFO] Serper (Google Images) returned 15 candidates for SKU S004532 (query='Chateau des Bardes, 2021 wine bottle')
2026-06-11 09:56:24,944 [INFO] Error in engine duckduckgo: TimeoutException(TimeoutError('error sending request for url (https://duckduckgo.com/?q=Chateau+des+Bardes%2C+2021+wine+bottle)', 'https://duckduckgo.com/?q=Chateau+des+Bardes%2C+2021+wine+bottle'))
2026-06-11 09:56:25,181 [INFO] response: https://www.bing.com/images/async?q=Chateau+des+Bardes%2C+2021+wine+bottle&async=1&first=1&count=35 200
2026-06-11 09:56:25,183 [ERROR] DuckDuckGo image search failed: ('error sending request for url (https://duckduckgo.com/?q=Chateau+des+Bardes%2C+2021+wine+bottle)', 'https://duckduckgo.com/?q=Chateau+des+Bardes%2C+2021+wine+bottle')
2026-06-11 09:56:25,183 [INFO] SKU S004532 query='Chateau des Bardes, 2021 wine bottle' — brave=15 google_cse=0 google_images=15 bing=1 ddg=0
2026-06-11 09:56:25,183 [INFO] Merged 67 total candidates for SKU S004532 (all sources, 3 queries)
2026-06-11 09:56:25,430 [INFO] HTTP Request: GET https://www.vinello.fr/media/image/29/bb/3f/chateau-bardes-1.png "HTTP/1.1 200 OK"
2026-06-11 09:56:25,489 [INFO] SKU S004532 — first downloadable image: https://www.vinello.fr/media/image/29/bb/3f/chateau-bardes-1.png
2026-06-11 09:56:25,490 [ERROR]   Error: SQLite objects created in a thread can only be used in that same thread. The object was created in thread id 139320903170944 and this is thread id 139319268337216.
2026-06-11 09:56:25,490 [INFO] [27/141] S004534: Donkey & Goat Twinkle Mourvedre, California
2026-06-11 09:56:25,493 [ERROR] Brave Image Search failed: Event loop is closed
2026-06-11 09:56:25,666 [INFO] HTTP Request: GET https://www.googleapis.com/customsearch/v1?key=AIzaSyBZ5p08dd5cR_Q5bMHhaAFuH6kPUO9jxrY&cx=02211d6d3950b4d03&q=Donkey+%26+Goat+Twinkle+Mourvedre%2C+California+2024&searchType=image&num=10&imgSize=large&imgType=photo "HTTP/1.1 403 Forbidden"
2026-06-11 09:56:25,667 [WARNING] Custom Search JSON API returned 403: this GCP project likely has no JSON API entitlement (Google closed JSON API access for new projects; DDG/Bing fallback will be used). See https://developers.google.com/custom-search/v1/overview (Vertex AI Search or a third-party SERP API are alternatives).
2026-06-11 09:56:26,920 [INFO] HTTP Request: POST https://google.serper.dev/images "HTTP/1.1 200 OK"
2026-06-11 09:56:26,923 [INFO] Serper (Google Images) returned 15 candidates for SKU S004534 (query='Donkey & Goat Twinkle Mourvedre, California 2024')
2026-06-11 09:56:27,370 [INFO] response: https://www.bing.com/images/async?q=Donkey+%26+Goat+Twinkle+Mourvedre%2C+California+2024&async=1&first=1&count=35 200
2026-06-11 09:56:27,375 [INFO] Bing returned 15 candidates for SKU S004534
2026-06-11 09:56:35,499 [INFO] Error in engine duckduckgo: TimeoutException(TimeoutError('error sending request for url (https://duckduckgo.com/?q=Donkey+%26+Goat+Twinkle+Mourvedre%2C+California+2024)', 'https://duckduckgo.com/?q=Donkey+%26+Goat+Twinkle+Mourvedre%2C+California+2024'))
2026-06-11 09:56:35,828 [INFO] response: https://www.bing.com/images/async?q=Donkey+%26+Goat+Twinkle+Mourvedre%2C+California+2024&async=1&first=1&count=35 200
2026-06-11 09:56:35,833 [ERROR] DuckDuckGo image search failed: ('error sending request for url (https://duckduckgo.com/?q=Donkey+%26+Goat+Twinkle+Mourvedre%2C+California+2024)', 'https://duckduckgo.com/?q=Donkey+%26+Goat+Twinkle+Mourvedre%2C+California+2024')
2026-06-11 09:56:35,834 [INFO] SKU S004534 query='Donkey & Goat Twinkle Mourvedre, California 2024' — brave=0 google_cse=0 google_images=15 bing=15 ddg=0
2026-06-11 09:56:36,060 [INFO] HTTP Request: GET https://www.googleapis.com/customsearch/v1?key=AIzaSyBZ5p08dd5cR_Q5bMHhaAFuH6kPUO9jxrY&cx=02211d6d3950b4d03&q=Donkey+%26+Goat+Twinkle+Mourvedre%2C+California+2024+wine+bottle&searchType=image&num=10&imgSize=large&imgType=photo "HTTP/1.1 403 Forbidden"
2026-06-11 09:56:36,060 [WARNING] Custom Search JSON API returned 403: this GCP project likely has no JSON API entitlement (Google closed JSON API access for new projects; DDG/Bing fallback will be used). See https://developers.google.com/custom-search/v1/overview (Vertex AI Search or a third-party SERP API are alternatives).
2026-06-11 09:56:36,887 [INFO] HTTP Request: GET https://api.search.brave.com/res/v1/images/search?q=Donkey+%26+Goat+Twinkle+Mourvedre%2C+California+2024+wine+bottle&count=15&search_lang=en&country=ALL&safesearch=strict&spellcheck=true "HTTP/1.1 200 OK"
2026-06-11 09:56:36,888 [INFO] Brave returned 15 candidates for SKU S004534 (query='Donkey & Goat Twinkle Mourvedre, California 2024 wine bottle')
2026-06-11 09:56:36,900 [INFO] HTTP Request: POST https://google.serper.dev/images "HTTP/1.1 200 OK"
2026-06-11 09:56:36,902 [INFO] Serper (Google Images) returned 15 candidates for SKU S004534 (query='Donkey & Goat Twinkle Mourvedre, California 2024 wine bottle')
2026-06-11 09:56:37,782 [INFO] response: https://www.bing.com/images/async?q=Donkey+%26+Goat+Twinkle+Mourvedre%2C+California+2024+wine+bottle&async=1&first=1&count=35 200
2026-06-11 09:56:37,788 [INFO] Bing returned 15 candidates for SKU S004534
2026-06-11 09:56:45,842 [INFO] Error in engine duckduckgo: TimeoutException(TimeoutError('error sending request for url (https://duckduckgo.com/?q=Donkey+%26+Goat+Twinkle+Mourvedre%2C+California+2024+wine+bottle)', 'https://duckduckgo.com/?q=Donkey+%26+Goat+Twinkle+Mourvedre%2C+California+2024+wine+bottle'))
2026-06-11 09:56:46,078 [INFO] response: https://www.bing.com/images/async?q=Donkey+%26+Goat+Twinkle+Mourvedre%2C+California+2024+wine+bottle&async=1&first=1&count=35 200
2026-06-11 09:56:46,087 [ERROR] DuckDuckGo image search failed: ('error sending request for url (https://duckduckgo.com/?q=Donkey+%26+Goat+Twinkle+Mourvedre%2C+California+2024+wine+bottle)', 'https://duckduckgo.com/?q=Donkey+%26+Goat+Twinkle+Mourvedre%2C+California+2024+wine+bottle')
2026-06-11 09:56:46,088 [INFO] SKU S004534 query='Donkey & Goat Twinkle Mourvedre, California 2024 wine bottle' — brave=15 google_cse=0 google_images=15 bing=15 ddg=0
2026-06-11 09:56:46,282 [INFO] HTTP Request: GET https://www.googleapis.com/customsearch/v1?key=AIzaSyBZ5p08dd5cR_Q5bMHhaAFuH6kPUO9jxrY&cx=02211d6d3950b4d03&q=Donkey+2024+wine+bottle&searchType=image&num=10&imgSize=large&imgType=photo "HTTP/1.1 403 Forbidden"
2026-06-11 09:56:46,283 [WARNING] Custom Search JSON API returned 403: this GCP project likely has no JSON API entitlement (Google closed JSON API access for new projects; DDG/Bing fallback will be used). See https://developers.google.com/custom-search/v1/overview (Vertex AI Search or a third-party SERP API are alternatives).
2026-06-11 09:56:46,287 [INFO] response: https://www.bing.com/images/async?q=Donkey+2024+wine+bottle&async=1&first=1&count=35 200
2026-06-11 09:56:46,305 [INFO] Bing returned 15 candidates for SKU S004534
2026-06-11 09:56:47,174 [INFO] HTTP Request: GET https://api.search.brave.com/res/v1/images/search?q=Donkey+2024+wine+bottle&count=15&search_lang=en&country=ALL&safesearch=strict&spellcheck=true "HTTP/1.1 200 OK"
2026-06-11 09:56:47,175 [INFO] Brave returned 12 candidates for SKU S004534 (query='Donkey 2024 wine bottle')
2026-06-11 09:56:48,015 [INFO] HTTP Request: POST https://google.serper.dev/images "HTTP/1.1 200 OK"
2026-06-11 09:56:48,017 [INFO] Serper (Google Images) returned 12 candidates for SKU S004534 (query='Donkey 2024 wine bottle')
2026-06-11 09:56:56,098 [INFO] Error in engine duckduckgo: TimeoutException(TimeoutError('error sending request for url (https://duckduckgo.com/?q=Donkey+2024+wine+bottle)', 'https://duckduckgo.com/?q=Donkey+2024+wine+bottle'))
2026-06-11 09:56:56,674 [INFO] response: https://www.bing.com/images/async?q=Donkey+2024+wine+bottle&async=1&first=1&count=35 200
2026-06-11 09:56:56,688 [ERROR] DuckDuckGo image search failed: ('error sending request for url (https://duckduckgo.com/?q=Donkey+2024+wine+bottle)', 'https://duckduckgo.com/?q=Donkey+2024+wine+bottle')
2026-06-11 09:56:56,689 [INFO] SKU S004534 query='Donkey 2024 wine bottle' — brave=12 google_cse=0 google_images=12 bing=15 ddg=0
2026-06-11 09:56:56,689 [INFO] Merged 74 total candidates for SKU S004534 (all sources, 3 queries)
2026-06-11 09:56:57,791 [INFO] HTTP Request: GET https://cdn.shoplightspeed.com/shops/607076/files/74661354/300x400x2/donkey-goat-twinkle-2024-mourvedre-berkeley.jpg "HTTP/1.1 200 OK"
2026-06-11 09:56:57,806 [INFO] SKU S004534 — first downloadable image: https://cdn.shoplightspeed.com/shops/607076/files/74661354/300x400x2/donkey-goat-twinkle-2
2026-06-11 09:56:57,807 [ERROR]   Error: SQLite objects created in a thread can only be used in that same thread. The object was created in thread id 139320903170944 and this is thread id 139319268337216.
2026-06-11 09:56:57,807 [INFO] [28/141] S004535: Donkey & Goat If Then Red Blend, California
2026-06-11 09:56:57,808 [ERROR] Brave Image Search failed: Event loop is closed
2026-06-11 09:56:58,005 [INFO] response: https://www.bing.com/images/async?q=Donkey+%26+Goat+If+Then+Red+Blend%2C+California+2023&async=1&first=1&count=35 200
2026-06-11 09:56:58,024 [INFO] HTTP Request: GET https://www.googleapis.com/customsearch/v1?key=AIzaSyBZ5p08dd5cR_Q5bMHhaAFuH6kPUO9jxrY&cx=02211d6d3950b4d03&q=Donkey+%26+Goat+If+Then+Red+Blend%2C+California+2023&searchType=image&num=10&imgSize=large&imgType=photo "HTTP/1.1 403 Forbidden"
2026-06-11 09:56:58,026 [WARNING] Custom Search JSON API returned 403: this GCP project likely has no JSON API entitlement (Google closed JSON API access for new projects; DDG/Bing fallback will be used). See https://developers.google.com/custom-search/v1/overview (Vertex AI Search or a third-party SERP API are alternatives).
2026-06-11 09:56:58,031 [INFO] Bing returned 15 candidates for SKU S004535
2026-06-11 09:56:59,397 [INFO] HTTP Request: POST https://google.serper.dev/images "HTTP/1.1 200 OK"
2026-06-11 09:56:59,399 [INFO] Serper (Google Images) returned 14 candidates for SKU S004535 (query='Donkey & Goat If Then Red Blend, California 2023')
2026-06-11 09:57:07,814 [INFO] Error in engine duckduckgo: TimeoutException(TimeoutError('error sending request for url (https://duckduckgo.com/?q=Donkey+%26+Goat+If+Then+Red+Blend%2C+California+2023)', 'https://duckduckgo.com/?q=Donkey+%26+Goat+If+Then+Red+Blend%2C+California+2023'))
2026-06-11 09:57:08,000 [INFO] response: https://www.bing.com/images/async?q=Donkey+%26+Goat+If+Then+Red+Blend%2C+California+2023&async=1&first=1&count=35 200
2026-06-11 09:57:08,010 [ERROR] DuckDuckGo image search failed: ('error sending request for url (https://duckduckgo.com/?q=Donkey+%26+Goat+If+Then+Red+Blend%2C+California+2023)', 'https://duckduckgo.com/?q=Donkey+%26+Goat+If+Then+Red+Blend%2C+California+2023')
2026-06-11 09:57:08,010 [INFO] SKU S004535 query='Donkey & Goat If Then Red Blend, California 2023' — brave=0 google_cse=0 google_images=14 bing=15 ddg=0
2026-06-11 09:57:08,206 [INFO] HTTP Request: GET https://www.googleapis.com/customsearch/v1?key=AIzaSyBZ5p08dd5cR_Q5bMHhaAFuH6kPUO9jxrY&cx=02211d6d3950b4d03&q=Donkey+%26+Goat+If+Then+Red+Blend%2C+California+2023+wine+bottle&searchType=image&num=10&imgSize=large&imgType=photo "HTTP/1.1 403 Forbidden"
2026-06-11 09:57:08,207 [WARNING] Custom Search JSON API returned 403: this GCP project likely has no JSON API entitlement (Google closed JSON API access for new projects; DDG/Bing fallback will be used). See https://developers.google.com/custom-search/v1/overview (Vertex AI Search or a third-party SERP API are alternatives).
2026-06-11 09:57:08,215 [INFO] response: https://www.bing.com/images/async?q=Donkey+%26+Goat+If+Then+Red+Blend%2C+California+2023+wine+bottle&async=1&first=1&count=35 200
2026-06-11 09:57:08,240 [INFO] Bing returned 15 candidates for SKU S004535
2026-06-11 09:57:08,937 [INFO] HTTP Request: GET https://api.search.brave.com/res/v1/images/search?q=Donkey+%26+Goat+If+Then+Red+Blend%2C+California+2023+wine+bottle&count=15&search_lang=en&country=ALL&safesearch=strict&spellcheck=true "HTTP/1.1 200 OK"
2026-06-11 09:57:08,939 [INFO] Brave returned 15 candidates for SKU S004535 (query='Donkey & Goat If Then Red Blend, California 2023 wine bottle')
2026-06-11 09:57:09,098 [INFO] HTTP Request: POST https://google.serper.dev/images "HTTP/1.1 200 OK"
2026-06-11 09:57:09,111 [INFO] Serper (Google Images) returned 15 candidates for SKU S004535 (query='Donkey & Goat If Then Red Blend, California 2023 wine bottle')
2026-06-11 09:57:18,018 [INFO] Error in engine duckduckgo: TimeoutException(TimeoutError('error sending request for url (https://duckduckgo.com/?q=Donkey+%26+Goat+If+Then+Red+Blend%2C+California+2023+wine+bottle)', 'https://duckduckgo.com/?q=Donkey+%26+Goat+If+Then+Red+Blend%2C+California+2023+wine+bottle'))
2026-06-11 09:57:19,498 [INFO] response: https://www.bing.com/images/async?q=Donkey+%26+Goat+If+Then+Red+Blend%2C+California+2023+wine+bottle&async=1&first=1&count=35 200
2026-06-11 09:57:19,507 [ERROR] DuckDuckGo image search failed: ('error sending request for url (https://duckduckgo.com/?q=Donkey+%26+Goat+If+Then+Red+Blend%2C+California+2023+wine+bottle)', 'https://duckduckgo.com/?q=Donkey+%26+Goat+If+Then+Red+Blend%2C+California+2023+wine+bottle')
2026-06-11 09:57:19,507 [INFO] SKU S004535 query='Donkey & Goat If Then Red Blend, California 2023 wine bottle' — brave=15 google_cse=0 google_images=15 bing=15 ddg=0
2026-06-11 09:57:19,735 [INFO] response: https://www.bing.com/images/async?q=Donkey+2023+wine+bottle&async=1&first=1&count=35 200
2026-06-11 09:57:19,740 [INFO] Bing returned 15 candidates for SKU S004535
2026-06-11 09:57:19,811 [INFO] HTTP Request: GET https://www.googleapis.com/customsearch/v1?key=AIzaSyBZ5p08dd5cR_Q5bMHhaAFuH6kPUO9jxrY&cx=02211d6d3950b4d03&q=Donkey+2023+wine+bottle&searchType=image&num=10&imgSize=large&imgType=photo "HTTP/1.1 403 Forbidden"
2026-06-11 09:57:19,812 [WARNING] Custom Search JSON API returned 403: this GCP project likely has no JSON API entitlement (Google closed JSON API access for new projects; DDG/Bing fallback will be used). See https://developers.google.com/custom-search/v1/overview (Vertex AI Search or a third-party SERP API are alternatives).
2026-06-11 09:57:20,524 [INFO] HTTP Request: GET https://api.search.brave.com/res/v1/images/search?q=Donkey+2023+wine+bottle&count=15&search_lang=en&country=ALL&safesearch=strict&spellcheck=true "HTTP/1.1 200 OK"
2026-06-11 09:57:20,533 [INFO] Brave returned 15 candidates for SKU S004535 (query='Donkey 2023 wine bottle')
2026-06-11 09:57:21,607 [INFO] HTTP Request: POST https://google.serper.dev/images "HTTP/1.1 200 OK"
2026-06-11 09:57:21,618 [INFO] Serper (Google Images) returned 14 candidates for SKU S004535 (query='Donkey 2023 wine bottle')
2026-06-11 09:57:24,717 [INFO] response: https://www.bing.com/images/async?q=Donkey+2023+wine+bottle&async=1&first=1&count=35 200
2026-06-11 09:57:24,741 [INFO] DuckDuckGo returned 15 candidates for SKU S004535
2026-06-11 09:57:24,741 [INFO] SKU S004535 query='Donkey 2023 wine bottle' — brave=15 google_cse=0 google_images=14 bing=15 ddg=15
2026-06-11 09:57:24,741 [INFO] Merged 78 total candidates for SKU S004535 (all sources, 3 queries)
2026-06-11 09:57:25,125 [INFO] HTTP Request: GET http://shopgeraldines.com/cdn/shop/files/Donkey-and-Goat-If-Then-Red-Blend-2022.jpg?v=1736473353 "HTTP/1.1 301 Moved Permanently"
2026-06-11 09:57:26,113 [INFO] HTTP Request: GET https://shopgeraldines.com/cdn/shop/files/Donkey-and-Goat-If-Then-Red-Blend-2022.jpg?v=1736473353 "HTTP/1.1 200 OK"
2026-06-11 09:57:26,878 [INFO] SKU S004535 — first downloadable image: http://shopgeraldines.com/cdn/shop/files/Donkey-and-Goat-If-Then-Red-Blend-2022.jpg?v=1736
2026-06-11 09:57:26,879 [ERROR]   Error: SQLite objects created in a thread can only be used in that same thread. The object was created in thread id 139320903170944 and this is thread id 139319268337216.
2026-06-11 09:57:26,879 [INFO] [29/141] S004540: Domaine Serene Monogram Pinot Noir, Willamette Valley, Oregon
2026-06-11 09:57:26,882 [ERROR] Brave Image Search failed: Event loop is closed
2026-06-11 09:57:27,117 [INFO] HTTP Request: GET https://www.googleapis.com/customsearch/v1?key=AIzaSyBZ5p08dd5cR_Q5bMHhaAFuH6kPUO9jxrY&cx=02211d6d3950b4d03&q=Domaine+Serene+Monogram+Pinot+Noir%2C+Willamette+Valley%2C+Oregon+2012&searchType=image&num=10&imgSize=large&imgType=photo "HTTP/1.1 403 Forbidden"
2026-06-11 09:57:27,118 [WARNING] Custom Search JSON API returned 403: this GCP project likely has no JSON API entitlement (Google closed JSON API access for new projects; DDG/Bing fallback will be used). See https://developers.google.com/custom-search/v1/overview (Vertex AI Search or a third-party SERP API are alternatives).
2026-06-11 09:57:27,127 [INFO] response: https://www.bing.com/images/async?q=Domaine+Serene+Monogram+Pinot+Noir%2C+Willamette+Valley%2C+Oregon+2012&async=1&first=1&count=35 200
2026-06-11 09:57:27,237 [INFO] Bing returned 15 candidates for SKU S004540
2026-06-11 09:57:28,891 [INFO] HTTP Request: POST https://google.serper.dev/images "HTTP/1.1 200 OK"
2026-06-11 09:57:28,892 [INFO] Serper (Google Images) returned 13 candidates for SKU S004540 (query='Domaine Serene Monogram Pinot Noir, Willamette Valley, Oregon 2012')
2026-06-11 09:57:32,153 [INFO] response: https://www.bing.com/images/async?q=Domaine+Serene+Monogram+Pinot+Noir%2C+Willamette+Valley%2C+Oregon+2012&async=1&first=1&count=35 200
2026-06-11 09:57:32,154 [INFO] DuckDuckGo returned 1 candidates for SKU S004540
2026-06-11 09:57:32,154 [INFO] SKU S004540 query='Domaine Serene Monogram Pinot Noir, Willamette Valley, Oregon 2012' — brave=0 google_cse=0 google_images=13 bing=15 ddg=1
2026-06-11 09:57:32,308 [INFO] HTTP Request: GET https://www.googleapis.com/customsearch/v1?key=AIzaSyBZ5p08dd5cR_Q5bMHhaAFuH6kPUO9jxrY&cx=02211d6d3950b4d03&q=Domaine+Serene+Monogram+Pinot+Noir%2C+Willamette+Valley%2C+Oregon+2012+wine+bottle&searchType=image&num=10&imgSize=large&imgType=photo "HTTP/1.1 403 Forbidden"
2026-06-11 09:57:32,308 [WARNING] Custom Search JSON API returned 403: this GCP project likely has no JSON API entitlement (Google closed JSON API access for new projects; DDG/Bing fallback will be used). See https://developers.google.com/custom-search/v1/overview (Vertex AI Search or a third-party SERP API are alternatives).
2026-06-11 09:57:32,337 [INFO] response: https://www.bing.com/images/async?q=Domaine+Serene+Monogram+Pinot+Noir%2C+Willamette+Valley%2C+Oregon+2012+wine+bottle&async=1&first=1&count=35 200
2026-06-11 09:57:32,351 [INFO] Bing returned 15 candidates for SKU S004540
2026-06-11 09:57:33,206 [INFO] HTTP Request: POST https://google.serper.dev/images "HTTP/1.1 200 OK"
2026-06-11 09:57:33,241 [INFO] Serper (Google Images) returned 13 candidates for SKU S004540 (query='Domaine Serene Monogram Pinot Noir, Willamette Valley, Oregon 2012 wine bottle')
2026-06-11 09:57:33,242 [INFO] HTTP Request: GET https://api.search.brave.com/res/v1/images/search?q=Domaine+Serene+Monogram+Pinot+Noir%2C+Willamette+Valley%2C+Oregon+2012+wine+bottle&count=15&search_lang=en&country=ALL&safesearch=strict&spellcheck=true "HTTP/1.1 200 OK"
2026-06-11 09:57:33,244 [INFO] Brave returned 15 candidates for SKU S004540 (query='Domaine Serene Monogram Pinot Noir, Willamette Valley, Oregon 2012 wine bottle')
2026-06-11 09:57:37,341 [INFO] response: https://www.bing.com/images/async?q=Domaine+Serene+Monogram+Pinot+Noir%2C+Willamette+Valley%2C+Oregon+2012+wine+bottle&async=1&first=1&count=35 200
2026-06-11 09:57:37,362 [INFO] DuckDuckGo returned 15 candidates for SKU S004540
2026-06-11 09:57:37,362 [INFO] SKU S004540 query='Domaine Serene Monogram Pinot Noir, Willamette Valley, Oregon 2012 win' — brave=15 google_cse=0 google_images=13 bing=15 ddg=15
2026-06-11 09:57:37,627 [INFO] HTTP Request: GET https://www.googleapis.com/customsearch/v1?key=AIzaSyBZ5p08dd5cR_Q5bMHhaAFuH6kPUO9jxrY&cx=02211d6d3950b4d03&q=Domaine+Serene+2012+wine+bottle&searchType=image&num=10&imgSize=large&imgType=photo "HTTP/1.1 403 Forbidden"
2026-06-11 09:57:37,628 [WARNING] Custom Search JSON API returned 403: this GCP project likely has no JSON API entitlement (Google closed JSON API access for new projects; DDG/Bing fallback will be used). See https://developers.google.com/custom-search/v1/overview (Vertex AI Search or a third-party SERP API are alternatives).
2026-06-11 09:57:38,197 [INFO] HTTP Request: GET https://api.search.brave.com/res/v1/images/search?q=Domaine+Serene+2012+wine+bottle&count=15&search_lang=en&country=ALL&safesearch=strict&spellcheck=true "HTTP/1.1 200 OK"
2026-06-11 09:57:38,199 [INFO] Brave returned 15 candidates for SKU S004540 (query='Domaine Serene 2012 wine bottle')
2026-06-11 09:57:39,018 [INFO] HTTP Request: POST https://google.serper.dev/images "HTTP/1.1 200 OK"
2026-06-11 09:57:39,021 [INFO] Serper (Google Images) returned 15 candidates for SKU S004540 (query='Domaine Serene 2012 wine bottle')
2026-06-11 09:57:39,135 [INFO] response: https://www.bing.com/images/async?q=Domaine+Serene+2012+wine+bottle&async=1&first=1&count=35 200
2026-06-11 09:57:39,142 [INFO] Bing returned 15 candidates for SKU S004540
2026-06-11 09:57:47,375 [INFO] Error in engine duckduckgo: TimeoutException(TimeoutError('error sending request for url (https://duckduckgo.com/?q=Domaine+Serene+2012+wine+bottle)', 'https://duckduckgo.com/?q=Domaine+Serene+2012+wine+bottle'))
2026-06-11 09:57:47,822 [INFO] response: https://www.bing.com/images/async?q=Domaine+Serene+2012+wine+bottle&async=1&first=1&count=35 200
2026-06-11 09:57:47,830 [ERROR] DuckDuckGo image search failed: ('error sending request for url (https://duckduckgo.com/?q=Domaine+Serene+2012+wine+bottle)', 'https://duckduckgo.com/?q=Domaine+Serene+2012+wine+bottle')
2026-06-11 09:57:47,830 [INFO] SKU S004540 query='Domaine Serene 2012 wine bottle' — brave=15 google_cse=0 google_images=15 bing=15 ddg=0
2026-06-11 09:57:47,830 [INFO] Merged 115 total candidates for SKU S004540 (all sources, 3 queries)
2026-06-11 09:57:49,051 [INFO] HTTP Request: GET https://images.domaineserene.com/production/images/bottle-shots/web-NV_DS_Monogram.png?w=1200&h=630&q=82&auto=format&fit=clip&dm=1697144153&s=29d3aa7d1e9fb84658b7a1b914e4d199 "HTTP/1.1 200 OK"
2026-06-11 09:57:49,410 [INFO] SKU S004540 — first downloadable image: https://images.domaineserene.com/production/images/bottle-shots/web-NV_DS_Monogram.png?w=1
2026-06-11 09:57:49,410 [ERROR]   Error: SQLite objects created in a thread can only be used in that same thread. The object was created in thread id 139320903170944 and this is thread id 139319268337216.
2026-06-11 09:57:49,410 [INFO] [30/141] S004543: Evolution Pinot Noir Willamette Valley, Oregon
2026-06-11 09:57:49,411 [ERROR] Brave Image Search failed: Event loop is closed
2026-06-11 09:57:49,600 [INFO] response: https://www.bing.com/images/async?q=Evolution+Pinot+Noir+Willamette+Valley%2C+Oregon+2023&async=1&first=1&count=35 200
2026-06-11 09:57:49,811 [INFO] HTTP Request: GET https://www.googleapis.com/customsearch/v1?key=AIzaSyBZ5p08dd5cR_Q5bMHhaAFuH6kPUO9jxrY&cx=02211d6d3950b4d03&q=Evolution+Pinot+Noir+Willamette+Valley%2C+Oregon+2023&searchType=image&num=10&imgSize=large&imgType=photo "HTTP/1.1 403 Forbidden"
2026-06-11 09:57:49,812 [WARNING] Custom Search JSON API returned 403: this GCP project likely has no JSON API entitlement (Google closed JSON API access for new projects; DDG/Bing fallback will be used). See https://developers.google.com/custom-search/v1/overview (Vertex AI Search or a third-party SERP API are alternatives).
2026-06-11 09:57:49,852 [INFO] Bing returned 1 candidates for SKU S004543
2026-06-11 09:57:51,115 [INFO] HTTP Request: POST https://google.serper.dev/images "HTTP/1.1 200 OK"
2026-06-11 09:57:51,132 [INFO] Serper (Google Images) returned 15 candidates for SKU S004543 (query='Evolution Pinot Noir Willamette Valley, Oregon 2023')
2026-06-11 09:57:59,419 [INFO] Error in engine duckduckgo: TimeoutException(TimeoutError('error sending request for url (https://duckduckgo.com/?q=Evolution+Pinot+Noir+Willamette+Valley%2C+Oregon+2023)', 'https://duckduckgo.com/?q=Evolution+Pinot+Noir+Willamette+Valley%2C+Oregon+2023'))
2026-06-11 09:57:59,625 [INFO] response: https://www.bing.com/images/async?q=Evolution+Pinot+Noir+Willamette+Valley%2C+Oregon+2023&async=1&first=1&count=35 200
2026-06-11 09:57:59,627 [ERROR] DuckDuckGo image search failed: ('error sending request for url (https://duckduckgo.com/?q=Evolution+Pinot+Noir+Willamette+Valley%2C+Oregon+2023)', 'https://duckduckgo.com/?q=Evolution+Pinot+Noir+Willamette+Valley%2C+Oregon+2023')
2026-06-11 09:57:59,627 [INFO] SKU S004543 query='Evolution Pinot Noir Willamette Valley, Oregon 2023' — brave=0 google_cse=0 google_images=15 bing=1 ddg=0
2026-06-11 09:57:59,909 [INFO] response: https://www.bing.com/images/async?q=Evolution+Pinot+Noir+Willamette+Valley%2C+Oregon+2023+wine+bottle&async=1&first=1&count=35 200
2026-06-11 09:57:59,910 [INFO] Bing returned 1 candidates for SKU S004543
2026-06-11 09:57:59,977 [INFO] HTTP Request: GET https://www.googleapis.com/customsearch/v1?key=AIzaSyBZ5p08dd5cR_Q5bMHhaAFuH6kPUO9jxrY&cx=02211d6d3950b4d03&q=Evolution+Pinot+Noir+Willamette+Valley%2C+Oregon+2023+wine+bottle&searchType=image&num=10&imgSize=large&imgType=photo "HTTP/1.1 403 Forbidden"
2026-06-11 09:57:59,978 [WARNING] Custom Search JSON API returned 403: this GCP project likely has no JSON API entitlement (Google closed JSON API access for new projects; DDG/Bing fallback will be used). See https://developers.google.com/custom-search/v1/overview (Vertex AI Search or a third-party SERP API are alternatives).
2026-06-11 09:58:00,761 [INFO] HTTP Request: GET https://api.search.brave.com/res/v1/images/search?q=Evolution+Pinot+Noir+Willamette+Valley%2C+Oregon+2023+wine+bottle&count=15&search_lang=en&country=ALL&safesearch=strict&spellcheck=true "HTTP/1.1 200 OK"
2026-06-11 09:58:00,762 [INFO] Brave returned 15 candidates for SKU S004543 (query='Evolution Pinot Noir Willamette Valley, Oregon 2023 wine bottle')
2026-06-11 09:58:01,033 [INFO] HTTP Request: POST https://google.serper.dev/images "HTTP/1.1 200 OK"
2026-06-11 09:58:01,034 [INFO] Serper (Google Images) returned 15 candidates for SKU S004543 (query='Evolution Pinot Noir Willamette Valley, Oregon 2023 wine bottle')
2026-06-11 09:58:04,793 [INFO] response: https://www.bing.com/images/async?q=Evolution+Pinot+Noir+Willamette+Valley%2C+Oregon+2023+wine+bottle&async=1&first=1&count=35 200
2026-06-11 09:58:04,795 [INFO] DuckDuckGo returned 1 candidates for SKU S004543
2026-06-11 09:58:04,795 [INFO] SKU S004543 query='Evolution Pinot Noir Willamette Valley, Oregon 2023 wine bottle' — brave=15 google_cse=0 google_images=15 bing=1 ddg=1
2026-06-11 09:58:04,867 [INFO] HTTP Request: GET https://www.googleapis.com/customsearch/v1?key=AIzaSyBZ5p08dd5cR_Q5bMHhaAFuH6kPUO9jxrY&cx=02211d6d3950b4d03&q=Evolution+2023+wine+bottle&searchType=image&num=10&imgSize=large&imgType=photo "HTTP/1.1 403 Forbidden"
2026-06-11 09:58:04,868 [WARNING] Custom Search JSON API returned 403: this GCP project likely has no JSON API entitlement (Google closed JSON API access for new projects; DDG/Bing fallback will be used). See https://developers.google.com/custom-search/v1/overview (Vertex AI Search or a third-party SERP API are alternatives).
2026-06-11 09:58:04,970 [INFO] response: https://www.bing.com/images/async?q=Evolution+2023+wine+bottle&async=1&first=1&count=35 200
2026-06-11 09:58:05,539 [INFO] HTTP Request: GET https://api.search.brave.com/res/v1/images/search?q=Evolution+2023+wine+bottle&count=15&search_lang=en&country=ALL&safesearch=strict&spellcheck=true "HTTP/1.1 200 OK"
2026-06-11 09:58:05,540 [INFO] Brave returned 15 candidates for SKU S004543 (query='Evolution 2023 wine bottle')
2026-06-11 09:58:06,077 [INFO] HTTP Request: POST https://google.serper.dev/images "HTTP/1.1 200 OK"
2026-06-11 09:58:06,092 [INFO] Serper (Google Images) returned 14 candidates for SKU S004543 (query='Evolution 2023 wine bottle')
2026-06-11 09:58:10,044 [INFO] response: https://www.bing.com/images/async?q=Evolution+2023+wine+bottle&async=1&first=1&count=35 200
2026-06-11 09:58:10,046 [INFO] DuckDuckGo returned 1 candidates for SKU S004543
2026-06-11 09:58:10,047 [INFO] SKU S004543 query='Evolution 2023 wine bottle' — brave=15 google_cse=0 google_images=14 bing=0 ddg=1
2026-06-11 09:58:10,047 [INFO] Merged 58 total candidates for SKU S004543 (all sources, 3 queries)
2026-06-11 09:58:10,407 [INFO] HTTP Request: GET http://www.shawnfinewine.com/cdn/shop/files/IMG_7700.jpg?v=1735862314 "HTTP/1.1 301 Moved Permanently"
2026-06-11 09:58:10,600 [INFO] HTTP Request: GET https://www.shawnfinewine.com/cdn/shop/files/IMG_7700.jpg?v=1735862314 "HTTP/1.1 200 OK"
2026-06-11 09:58:10,813 [INFO] SKU S004543 — first downloadable image: http://www.shawnfinewine.com/cdn/shop/files/IMG_7700.jpg?v=1735862314
2026-06-11 09:58:10,814 [ERROR]   Error: SQLite objects created in a thread can only be used in that same thread. The object was created in thread id 139320903170944 and this is thread id 139319268337216.
2026-06-11 09:58:10,814 [INFO] [31/141] S004544: Evolution Grenache, Oregon
2026-06-11 09:58:10,815 [ERROR] Brave Image Search failed: Event loop is closed
2026-06-11 09:58:10,820 [ERROR] Serper search failed: Event loop is closed
2026-06-11 09:58:10,997 [INFO] response: https://www.bing.com/images/async?q=Evolution+Grenache%2C+Oregon+2020&async=1&first=1&count=35 200
2026-06-11 09:58:11,001 [INFO] Bing returned 1 candidates for SKU S004544
2026-06-11 09:58:11,028 [INFO] HTTP Request: GET https://www.googleapis.com/customsearch/v1?key=AIzaSyBZ5p08dd5cR_Q5bMHhaAFuH6kPUO9jxrY&cx=02211d6d3950b4d03&q=Evolution+Grenache%2C+Oregon+2020&searchType=image&num=10&imgSize=large&imgType=photo "HTTP/1.1 403 Forbidden"
2026-06-11 09:58:11,030 [WARNING] Custom Search JSON API returned 403: this GCP project likely has no JSON API entitlement (Google closed JSON API access for new projects; DDG/Bing fallback will be used). See https://developers.google.com/custom-search/v1/overview (Vertex AI Search or a third-party SERP API are alternatives).
2026-06-11 09:58:15,820 [INFO] Error in engine duckduckgo: TimeoutException(TimeoutError('error sending request for url (https://duckduckgo.com/?q=Evolution+Grenache%2C+Oregon+2020)', 'https://duckduckgo.com/?q=Evolution+Grenache%2C+Oregon+2020'))
2026-06-11 09:58:20,826 [INFO] Error in engine duckduckgo: TimeoutException(TimeoutError('error sending request for url (https://duckduckgo.com/?q=Evolution+Grenache%2C+Oregon+2020)', 'https://duckduckgo.com/?q=Evolution+Grenache%2C+Oregon+2020'))
2026-06-11 09:58:21,412 [INFO] response: https://www.bing.com/images/async?q=Evolution+Grenache%2C+Oregon+2020&async=1&first=1&count=35 200
2026-06-11 09:58:21,414 [ERROR] DuckDuckGo image search failed: ('error sending request for url (https://duckduckgo.com/?q=Evolution+Grenache%2C+Oregon+2020)', 'https://duckduckgo.com/?q=Evolution+Grenache%2C+Oregon+2020')
2026-06-11 09:58:21,414 [INFO] SKU S004544 query='Evolution Grenache, Oregon 2020' — brave=0 google_cse=0 google_images=0 bing=1 ddg=0
2026-06-11 09:58:21,586 [INFO] HTTP Request: GET https://www.googleapis.com/customsearch/v1?key=AIzaSyBZ5p08dd5cR_Q5bMHhaAFuH6kPUO9jxrY&cx=02211d6d3950b4d03&q=Evolution+Grenache%2C+Oregon+2020+wine+bottle&searchType=image&num=10&imgSize=large&imgType=photo "HTTP/1.1 403 Forbidden"
2026-06-11 09:58:21,586 [WARNING] Custom Search JSON API returned 403: this GCP project likely has no JSON API entitlement (Google closed JSON API access for new projects; DDG/Bing fallback will be used). See https://developers.google.com/custom-search/v1/overview (Vertex AI Search or a third-party SERP API are alternatives).
2026-06-11 09:58:21,629 [INFO] response: https://www.bing.com/images/async?q=Evolution+Grenache%2C+Oregon+2020+wine+bottle&async=1&first=1&count=35 200
2026-06-11 09:58:21,633 [INFO] Bing returned 1 candidates for SKU S004544
2026-06-11 09:58:22,379 [INFO] HTTP Request: GET https://api.search.brave.com/res/v1/images/search?q=Evolution+Grenache%2C+Oregon+2020+wine+bottle&count=15&search_lang=en&country=ALL&safesearch=strict&spellcheck=true "HTTP/1.1 200 OK"
2026-06-11 09:58:22,382 [INFO] Brave returned 15 candidates for SKU S004544 (query='Evolution Grenache, Oregon 2020 wine bottle')
2026-06-11 09:58:22,647 [INFO] HTTP Request: POST https://google.serper.dev/images "HTTP/1.1 200 OK"
2026-06-11 09:58:22,653 [INFO] Serper (Google Images) returned 15 candidates for SKU S004544 (query='Evolution Grenache, Oregon 2020 wine bottle')
2026-06-11 09:58:26,693 [INFO] response: https://www.bing.com/images/async?q=Evolution+Grenache%2C+Oregon+2020+wine+bottle&async=1&first=1&count=35 200
2026-06-11 09:58:26,700 [INFO] DuckDuckGo returned 15 candidates for SKU S004544
2026-06-11 09:58:26,701 [INFO] SKU S004544 query='Evolution Grenache, Oregon 2020 wine bottle' — brave=15 google_cse=0 google_images=15 bing=1 ddg=15
2026-06-11 09:58:26,986 [INFO] HTTP Request: GET https://www.googleapis.com/customsearch/v1?key=AIzaSyBZ5p08dd5cR_Q5bMHhaAFuH6kPUO9jxrY&cx=02211d6d3950b4d03&q=Evolution+2020+wine+bottle&searchType=image&num=10&imgSize=large&imgType=photo "HTTP/1.1 403 Forbidden"
2026-06-11 09:58:26,987 [WARNING] Custom Search JSON API returned 403: this GCP project likely has no JSON API entitlement (Google closed JSON API access for new projects; DDG/Bing fallback will be used). See https://developers.google.com/custom-search/v1/overview (Vertex AI Search or a third-party SERP API are alternatives).
2026-06-11 09:58:27,293 [INFO] response: https://www.bing.com/images/async?q=Evolution+2020+wine+bottle&async=1&first=1&count=35 200
2026-06-11 09:58:27,300 [INFO] Bing returned 8 candidates for SKU S004544
2026-06-11 09:58:27,455 [INFO] HTTP Request: GET https://api.search.brave.com/res/v1/images/search?q=Evolution+2020+wine+bottle&count=15&search_lang=en&country=ALL&safesearch=strict&spellcheck=true "HTTP/1.1 200 OK"
2026-06-11 09:58:27,456 [INFO] Brave returned 15 candidates for SKU S004544 (query='Evolution 2020 wine bottle')
2026-06-11 09:58:28,991 [INFO] HTTP Request: POST https://google.serper.dev/images "HTTP/1.1 200 OK"
2026-06-11 09:58:28,991 [INFO] Serper (Google Images) returned 15 candidates for SKU S004544 (query='Evolution 2020 wine bottle')
2026-06-11 09:58:31,864 [INFO] response: https://www.bing.com/images/async?q=Evolution+2020+wine+bottle&async=1&first=1&count=35 200
2026-06-11 09:58:31,869 [INFO] DuckDuckGo returned 1 candidates for SKU S004544
2026-06-11 09:58:31,870 [INFO] SKU S004544 query='Evolution 2020 wine bottle' — brave=15 google_cse=0 google_images=15 bing=8 ddg=1
2026-06-11 09:58:31,870 [INFO] Merged 84 total candidates for SKU S004544 (all sources, 3 queries)
2026-06-11 09:58:32,409 [INFO] HTTP Request: GET https://indoor-ball-game.kinimemo.com/wp-content/uploads/2026/02/volleyball-rotation-system-explanation_result.webp "HTTP/1.1 200 OK"
2026-06-11 09:58:32,540 [INFO] SKU S004544 — first downloadable image: https://indoor-ball-game.kinimemo.com/wp-content/uploads/2026/02/volleyball-rotation-syste
2026-06-11 09:58:32,541 [ERROR]   Error: SQLite objects created in a thread can only be used in that same thread. The object was created in thread id 139320903170944 and this is thread id 139319268337216.
2026-06-11 09:58:32,542 [INFO] [32/141] S004545: Evolution Big Time Red, Oregon
2026-06-11 09:58:32,544 [ERROR] Brave Image Search failed: Event loop is closed
2026-06-11 09:58:32,550 [ERROR] Serper search failed: Event loop is closed
2026-06-11 09:58:32,727 [INFO] response: https://www.bing.com/images/async?q=Evolution+Big+Time+Red%2C+Oregon+2023&async=1&first=1&count=35 200
2026-06-11 09:58:32,731 [INFO] Bing returned 1 candidates for SKU S004545
2026-06-11 09:58:32,920 [INFO] HTTP Request: GET https://www.googleapis.com/customsearch/v1?key=AIzaSyBZ5p08dd5cR_Q5bMHhaAFuH6kPUO9jxrY&cx=02211d6d3950b4d03&q=Evolution+Big+Time+Red%2C+Oregon+2023&searchType=image&num=10&imgSize=large&imgType=photo "HTTP/1.1 403 Forbidden"
2026-06-11 09:58:32,921 [WARNING] Custom Search JSON API returned 403: this GCP project likely has no JSON API entitlement (Google closed JSON API access for new projects; DDG/Bing fallback will be used). See https://developers.google.com/custom-search/v1/overview (Vertex AI Search or a third-party SERP API are alternatives).
2026-06-11 09:58:37,798 [INFO] response: https://www.bing.com/images/async?q=Evolution+Big+Time+Red%2C+Oregon+2023&async=1&first=1&count=35 200
2026-06-11 09:58:37,799 [INFO] DuckDuckGo returned 1 candidates for SKU S004545
2026-06-11 09:58:37,800 [INFO] SKU S004545 query='Evolution Big Time Red, Oregon 2023' — brave=0 google_cse=0 google_images=0 bing=1 ddg=1
2026-06-11 09:58:37,870 [INFO] HTTP Request: GET https://www.googleapis.com/customsearch/v1?key=AIzaSyBZ5p08dd5cR_Q5bMHhaAFuH6kPUO9jxrY&cx=02211d6d3950b4d03&q=Evolution+Big+Time+Red%2C+Oregon+2023+wine+bottle&searchType=image&num=10&imgSize=large&imgType=photo "HTTP/1.1 403 Forbidden"
2026-06-11 09:58:37,871 [WARNING] Custom Search JSON API returned 403: this GCP project likely has no JSON API entitlement (Google closed JSON API access for new projects; DDG/Bing fallback will be used). See https://developers.google.com/custom-search/v1/overview (Vertex AI Search or a third-party SERP API are alternatives).
2026-06-11 09:58:38,772 [INFO] response: https://www.bing.com/images/async?q=Evolution+Big+Time+Red%2C+Oregon+2023+wine+bottle&async=1&first=1&count=35 200
2026-06-11 09:58:38,773 [INFO] Bing returned 1 candidates for SKU S004545
2026-06-11 09:58:38,847 [INFO] HTTP Request: GET https://api.search.brave.com/res/v1/images/search?q=Evolution+Big+Time+Red%2C+Oregon+2023+wine+bottle&count=15&search_lang=en&country=ALL&safesearch=strict&spellcheck=true "HTTP/1.1 200 OK"
2026-06-11 09:58:38,851 [INFO] Brave returned 15 candidates for SKU S004545 (query='Evolution Big Time Red, Oregon 2023 wine bottle')
2026-06-11 09:58:39,380 [INFO] HTTP Request: POST https://google.serper.dev/images "HTTP/1.1 200 OK"
2026-06-11 09:58:39,392 [INFO] Serper (Google Images) returned 15 candidates for SKU S004545 (query='Evolution Big Time Red, Oregon 2023 wine bottle')
2026-06-11 09:58:43,248 [INFO] response: https://www.bing.com/images/async?q=Evolution+Big+Time+Red%2C+Oregon+2023+wine+bottle&async=1&first=1&count=35 200
2026-06-11 09:58:43,257 [INFO] DuckDuckGo returned 15 candidates for SKU S004545
2026-06-11 09:58:43,257 [INFO] SKU S004545 query='Evolution Big Time Red, Oregon 2023 wine bottle' — brave=15 google_cse=0 google_images=15 bing=1 ddg=15
2026-06-11 09:58:43,445 [INFO] response: https://www.bing.com/images/async?q=Evolution+2023+wine+bottle&async=1&first=1&count=35 200
2026-06-11 09:58:43,474 [INFO] HTTP Request: GET https://api.search.brave.com/res/v1/images/search?q=Evolution+2023+wine+bottle&count=15&search_lang=en&country=ALL&safesearch=strict&spellcheck=true "HTTP/1.1 200 OK"
2026-06-11 09:58:43,475 [INFO] Brave returned 15 candidates for SKU S004545 (query='Evolution 2023 wine bottle')
2026-06-11 09:58:43,476 [INFO] Bing returned 1 candidates for SKU S004545
2026-06-11 09:58:43,511 [INFO] HTTP Request: GET https://www.googleapis.com/customsearch/v1?key=AIzaSyBZ5p08dd5cR_Q5bMHhaAFuH6kPUO9jxrY&cx=02211d6d3950b4d03&q=Evolution+2023+wine+bottle&searchType=image&num=10&imgSize=large&imgType=photo "HTTP/1.1 403 Forbidden"
2026-06-11 09:58:43,512 [WARNING] Custom Search JSON API returned 403: this GCP project likely has no JSON API entitlement (Google closed JSON API access for new projects; DDG/Bing fallback will be used). See https://developers.google.com/custom-search/v1/overview (Vertex AI Search or a third-party SERP API are alternatives).
2026-06-11 09:58:44,472 [INFO] HTTP Request: POST https://google.serper.dev/images "HTTP/1.1 200 OK"
2026-06-11 09:58:44,478 [INFO] Serper (Google Images) returned 14 candidates for SKU S004545 (query='Evolution 2023 wine bottle')
2026-06-11 09:58:48,551 [INFO] response: https://www.bing.com/images/async?q=Evolution+2023+wine+bottle&async=1&first=1&count=35 200
2026-06-11 09:58:48,553 [INFO] DuckDuckGo returned 1 candidates for SKU S004545
2026-06-11 09:58:48,553 [INFO] SKU S004545 query='Evolution 2023 wine bottle' — brave=15 google_cse=0 google_images=14 bing=1 ddg=1
2026-06-11 09:58:48,554 [INFO] Merged 70 total candidates for SKU S004545 (all sources, 3 queries)
2026-06-11 09:58:49,780 [INFO] HTTP Request: GET https://www.3lpouches.com/images/3L-171-50204.jpg "HTTP/1.1 200 OK"
2026-06-11 09:58:50,411 [INFO] SKU S004545 — first downloadable image: https://www.3lpouches.com/images/3L-171-50204.jpg
2026-06-11 09:58:50,412 [ERROR]   Error: SQLite objects created in a thread can only be used in that same thread. The object was created in thread id 139320903170944 and this is thread id 139319268337216.
2026-06-11 09:58:50,412 [INFO] [33/141] S004546: Evolution Riesling, Columbia Valley, Washington
2026-06-11 09:58:50,413 [ERROR] Brave Image Search failed: Event loop is closed
2026-06-11 09:58:50,578 [INFO] HTTP Request: GET https://www.googleapis.com/customsearch/v1?key=AIzaSyBZ5p08dd5cR_Q5bMHhaAFuH6kPUO9jxrY&cx=02211d6d3950b4d03&q=Evolution+Riesling%2C+Columbia+Valley%2C+Washington+2022&searchType=image&num=10&imgSize=large&imgType=photo "HTTP/1.1 403 Forbidden"
2026-06-11 09:58:50,579 [WARNING] Custom Search JSON API returned 403: this GCP project likely has no JSON API entitlement (Google closed JSON API access for new projects; DDG/Bing fallback will be used). See https://developers.google.com/custom-search/v1/overview (Vertex AI Search or a third-party SERP API are alternatives).
2026-06-11 09:58:50,582 [INFO] response: https://www.bing.com/images/async?q=Evolution+Riesling%2C+Columbia+Valley%2C+Washington+2022&async=1&first=1&count=35 200
2026-06-11 09:58:50,595 [INFO] Bing returned 15 candidates for SKU S004546
2026-06-11 09:58:51,880 [INFO] HTTP Request: POST https://google.serper.dev/images "HTTP/1.1 200 OK"
2026-06-11 09:58:51,894 [INFO] Serper (Google Images) returned 15 candidates for SKU S004546 (query='Evolution Riesling, Columbia Valley, Washington 2022')
2026-06-11 09:58:55,720 [INFO] response: https://www.bing.com/images/async?q=Evolution+Riesling%2C+Columbia+Valley%2C+Washington+2022&async=1&first=1&count=35 200
2026-06-11 09:58:55,724 [INFO] DuckDuckGo returned 15 candidates for SKU S004546
2026-06-11 09:58:55,725 [INFO] SKU S004546 query='Evolution Riesling, Columbia Valley, Washington 2022' — brave=0 google_cse=0 google_images=15 bing=15 ddg=15
2026-06-11 09:58:55,891 [INFO] HTTP Request: GET https://www.googleapis.com/customsearch/v1?key=AIzaSyBZ5p08dd5cR_Q5bMHhaAFuH6kPUO9jxrY&cx=02211d6d3950b4d03&q=Evolution+Riesling%2C+Columbia+Valley%2C+Washington+2022+wine+bottle&searchType=image&num=10&imgSize=large&imgType=photo "HTTP/1.1 403 Forbidden"
2026-06-11 09:58:55,892 [WARNING] Custom Search JSON API returned 403: this GCP project likely has no JSON API entitlement (Google closed JSON API access for new projects; DDG/Bing fallback will be used). See https://developers.google.com/custom-search/v1/overview (Vertex AI Search or a third-party SERP API are alternatives).
2026-06-11 09:58:55,907 [INFO] response: https://www.bing.com/images/async?q=Evolution+Riesling%2C+Columbia+Valley%2C+Washington+2022+wine+bottle&async=1&first=1&count=35 200
2026-06-11 09:58:55,934 [INFO] Bing returned 15 candidates for SKU S004546
2026-06-11 09:58:56,802 [INFO] HTTP Request: GET https://api.search.brave.com/res/v1/images/search?q=Evolution+Riesling%2C+Columbia+Valley%2C+Washington+2022+wine+bottle&count=15&search_lang=en&country=ALL&safesearch=strict&spellcheck=true "HTTP/1.1 200 OK"
2026-06-11 09:58:56,803 [INFO] Brave returned 12 candidates for SKU S004546 (query='Evolution Riesling, Columbia Valley, Washington 2022 wine bottle')
2026-06-11 09:58:57,509 [INFO] HTTP Request: POST https://google.serper.dev/images "HTTP/1.1 200 OK"
2026-06-11 09:58:57,510 [INFO] Serper (Google Images) returned 15 candidates for SKU S004546 (query='Evolution Riesling, Columbia Valley, Washington 2022 wine bottle')
2026-06-11 09:59:05,733 [INFO] Error in engine duckduckgo: TimeoutException(TimeoutError('error sending request for url (https://duckduckgo.com/?q=Evolution+Riesling%2C+Columbia+Valley%2C+Washington+2022+wine+bottle)', 'https://duckduckgo.com/?q=Evolution+Riesling%2C+Columbia+Valley%2C+Washington+2022+wine+bottle'))
2026-06-11 09:59:05,961 [INFO] response: https://www.bing.com/images/async?q=Evolution+Riesling%2C+Columbia+Valley%2C+Washington+2022+wine+bottle&async=1&first=1&count=35 200
2026-06-11 09:59:05,969 [ERROR] DuckDuckGo image search failed: ('error sending request for url (https://duckduckgo.com/?q=Evolution+Riesling%2C+Columbia+Valley%2C+Washington+2022+wine+bottle)', 'https://duckduckgo.com/?q=Evolution+Riesling%2C+Columbia+Valley%2C+Washington+2022+wine+bottle')
2026-06-11 09:59:05,970 [INFO] SKU S004546 query='Evolution Riesling, Columbia Valley, Washington 2022 wine bottle' — brave=12 google_cse=0 google_images=15 bing=15 ddg=0
2026-06-11 09:59:06,123 [INFO] HTTP Request: GET https://www.googleapis.com/customsearch/v1?key=AIzaSyBZ5p08dd5cR_Q5bMHhaAFuH6kPUO9jxrY&cx=02211d6d3950b4d03&q=Evolution+2022+wine+bottle&searchType=image&num=10&imgSize=large&imgType=photo "HTTP/1.1 403 Forbidden"
2026-06-11 09:59:06,124 [WARNING] Custom Search JSON API returned 403: this GCP project likely has no JSON API entitlement (Google closed JSON API access for new projects; DDG/Bing fallback will be used). See https://developers.google.com/custom-search/v1/overview (Vertex AI Search or a third-party SERP API are alternatives).
2026-06-11 09:59:06,140 [INFO] response: https://www.bing.com/images/async?q=Evolution+2022+wine+bottle&async=1&first=1&count=35 200
2026-06-11 09:59:06,143 [INFO] Bing returned 1 candidates for SKU S004546
2026-06-11 09:59:07,191 [INFO] HTTP Request: POST https://google.serper.dev/images "HTTP/1.1 200 OK"
2026-06-11 09:59:07,193 [INFO] Serper (Google Images) returned 15 candidates for SKU S004546 (query='Evolution 2022 wine bottle')
2026-06-11 09:59:07,255 [INFO] HTTP Request: GET https://api.search.brave.com/res/v1/images/search?q=Evolution+2022+wine+bottle&count=15&search_lang=en&country=ALL&safesearch=strict&spellcheck=true "HTTP/1.1 200 OK"
2026-06-11 09:59:07,255 [INFO] Brave returned 15 candidates for SKU S004546 (query='Evolution 2022 wine bottle')
2026-06-11 09:59:15,978 [INFO] Error in engine duckduckgo: TimeoutException(TimeoutError('error sending request for url (https://duckduckgo.com/?q=Evolution+2022+wine+bottle)', 'https://duckduckgo.com/?q=Evolution+2022+wine+bottle'))
2026-06-11 09:59:16,200 [INFO] response: https://www.bing.com/images/async?q=Evolution+2022+wine+bottle&async=1&first=1&count=35 200
2026-06-11 09:59:16,217 [ERROR] DuckDuckGo image search failed: ('error sending request for url (https://duckduckgo.com/?q=Evolution+2022+wine+bottle)', 'https://duckduckgo.com/?q=Evolution+2022+wine+bottle')
2026-06-11 09:59:16,217 [INFO] SKU S004546 query='Evolution 2022 wine bottle' — brave=15 google_cse=0 google_images=15 bing=1 ddg=0
2026-06-11 09:59:16,217 [INFO] Merged 83 total candidates for SKU S004546 (all sources, 3 queries)
2026-06-11 09:59:16,463 [INFO] HTTP Request: GET https://ik.imagekit.io/empirewine/item-uuid/68953-04A1F319.jpg?tr=f-jpg,c-at_max,bg-FFFFFF,b-20_FFFFFF,h-250,w-250 "HTTP/1.1 200 OK"
2026-06-11 09:59:16,465 [INFO] SKU S004546 — first downloadable image: https://ik.imagekit.io/empirewine/item-uuid/68953-04A1F319.jpg?tr=f-jpg,c-at_max,bg-FFFFFF
2026-06-11 09:59:16,465 [ERROR]   Error: SQLite objects created in a thread can only be used in that same thread. The object was created in thread id 139320903170944 and this is thread id 139319268337216.
2026-06-11 09:59:16,466 [INFO] [34/141] S004547: Franck Bonville Blanc de Blancs Millesime Grand Cru, Champagne, France
2026-06-11 09:59:16,467 [ERROR] Brave Image Search failed: Event loop is closed
2026-06-11 09:59:16,613 [INFO] HTTP Request: GET https://www.googleapis.com/customsearch/v1?key=AIzaSyBZ5p08dd5cR_Q5bMHhaAFuH6kPUO9jxrY&cx=02211d6d3950b4d03&q=Franck+Bonville+Blanc+de+Blancs+Millesime+Grand+Cru%2C+Champagne%2C+France+2013&searchType=image&num=10&imgSize=large&imgType=photo "HTTP/1.1 403 Forbidden"
2026-06-11 09:59:16,614 [WARNING] Custom Search JSON API returned 403: this GCP project likely has no JSON API entitlement (Google closed JSON API access for new projects; DDG/Bing fallback will be used). See https://developers.google.com/custom-search/v1/overview (Vertex AI Search or a third-party SERP API are alternatives).
2026-06-11 09:59:16,647 [INFO] response: https://www.bing.com/images/async?q=Franck+Bonville+Blanc+de+Blancs+Millesime+Grand+Cru%2C+Champagne%2C+France+2013&async=1&first=1&count=35 200
2026-06-11 09:59:16,648 [INFO] Bing returned 1 candidates for SKU S004547
2026-06-11 09:59:18,365 [INFO] HTTP Request: POST https://google.serper.dev/images "HTTP/1.1 200 OK"
2026-06-11 09:59:18,367 [INFO] Serper (Google Images) returned 15 candidates for SKU S004547 (query='Franck Bonville Blanc de Blancs Millesime Grand Cru, Champagne, France 2013')
2026-06-11 09:59:26,472 [INFO] Error in engine duckduckgo: TimeoutException(TimeoutError('error sending request for url (https://duckduckgo.com/?q=Franck+Bonville+Blanc+de+Blancs+Millesime+Grand+Cru%2C+Champagne%2C+France+2013)', 'https://duckduckgo.com/?q=Franck+Bonville+Blanc+de+Blancs+Millesime+Grand+Cru%2C+Champagne%2C+France+2013'))
2026-06-11 09:59:26,977 [INFO] response: https://www.bing.com/images/async?q=Franck+Bonville+Blanc+de+Blancs+Millesime+Grand+Cru%2C+Champagne%2C+France+2013&async=1&first=1&count=35 200
2026-06-11 09:59:27,050 [ERROR] DuckDuckGo image search failed: ('error sending request for url (https://duckduckgo.com/?q=Franck+Bonville+Blanc+de+Blancs+Millesime+Grand+Cru%2C+Champagne%2C+France+2013)', 'https://duckduckgo.com/?q=Franck+Bonville+Blanc+de+Blancs+Millesime+Grand+Cru%2C+Champagne%2C+France+2013')
2026-06-11 09:59:27,050 [INFO] SKU S004547 query='Franck Bonville Blanc de Blancs Millesime Grand Cru, Champagne, France' — brave=0 google_cse=0 google_images=15 bing=1 ddg=0
2026-06-11 09:59:27,288 [INFO] response: https://www.bing.com/images/async?q=Franck+Bonville+Blanc+de+Blancs+Millesime+Grand+Cru%2C+Champagne%2C+France+2013+wine+bottle&async=1&first=1&count=35 200
2026-06-11 09:59:27,530 [INFO] HTTP Request: GET https://www.googleapis.com/customsearch/v1?key=AIzaSyBZ5p08dd5cR_Q5bMHhaAFuH6kPUO9jxrY&cx=02211d6d3950b4d03&q=Franck+Bonville+Blanc+de+Blancs+Millesime+Grand+Cru%2C+Champagne%2C+France+2013+wine+bottle&searchType=image&num=10&imgSize=large&imgType=photo "HTTP/1.1 403 Forbidden"
2026-06-11 09:59:27,533 [WARNING] Custom Search JSON API returned 403: this GCP project likely has no JSON API entitlement (Google closed JSON API access for new projects; DDG/Bing fallback will be used). See https://developers.google.com/custom-search/v1/overview (Vertex AI Search or a third-party SERP API are alternatives).
2026-06-11 09:59:28,747 [INFO] HTTP Request: GET https://api.search.brave.com/res/v1/images/search?q=Franck+Bonville+Blanc+de+Blancs+Millesime+Grand+Cru%2C+Champagne%2C+France+2013+wine+bottle&count=15&search_lang=en&country=ALL&safesearch=strict&spellcheck=true "HTTP/1.1 200 OK"
2026-06-11 09:59:28,749 [INFO] Brave returned 15 candidates for SKU S004547 (query='Franck Bonville Blanc de Blancs Millesime Grand Cru, Champagne, France 2013 wine')
2026-06-11 09:59:29,324 [INFO] HTTP Request: POST https://google.serper.dev/images "HTTP/1.1 200 OK"
2026-06-11 09:59:29,363 [INFO] Serper (Google Images) returned 15 candidates for SKU S004547 (query='Franck Bonville Blanc de Blancs Millesime Grand Cru, Champagne, France 2013 wine')
2026-06-11 09:59:32,273 [INFO] response: https://www.bing.com/images/async?q=Franck+Bonville+Blanc+de+Blancs+Millesime+Grand+Cru%2C+Champagne%2C+France+2013+wine+bottle&async=1&first=1&count=35 200
2026-06-11 09:59:32,281 [INFO] DuckDuckGo returned 10 candidates for SKU S004547
2026-06-11 09:59:32,281 [INFO] SKU S004547 query='Franck Bonville Blanc de Blancs Millesime Grand Cru, Champagne, France' — brave=15 google_cse=0 google_images=15 bing=0 ddg=10
2026-06-11 09:59:32,359 [INFO] HTTP Request: GET https://www.googleapis.com/customsearch/v1?key=AIzaSyBZ5p08dd5cR_Q5bMHhaAFuH6kPUO9jxrY&cx=02211d6d3950b4d03&q=Franck+2013+wine+bottle&searchType=image&num=10&imgSize=large&imgType=photo "HTTP/1.1 403 Forbidden"
2026-06-11 09:59:32,361 [WARNING] Custom Search JSON API returned 403: this GCP project likely has no JSON API entitlement (Google closed JSON API access for new projects; DDG/Bing fallback will be used). See https://developers.google.com/custom-search/v1/overview (Vertex AI Search or a third-party SERP API are alternatives).
2026-06-11 09:59:32,484 [INFO] response: https://www.bing.com/images/async?q=Franck+2013+wine+bottle&async=1&first=1&count=35 200
2026-06-11 09:59:32,486 [INFO] Bing returned 1 candidates for SKU S004547
2026-06-11 09:59:33,033 [INFO] HTTP Request: GET https://api.search.brave.com/res/v1/images/search?q=Franck+2013+wine+bottle&count=15&search_lang=en&country=ALL&safesearch=strict&spellcheck=true "HTTP/1.1 200 OK"
2026-06-11 09:59:33,034 [INFO] Brave returned 15 candidates for SKU S004547 (query='Franck 2013 wine bottle')
2026-06-11 09:59:33,794 [INFO] HTTP Request: POST https://google.serper.dev/images "HTTP/1.1 200 OK"
2026-06-11 09:59:33,821 [INFO] Serper (Google Images) returned 15 candidates for SKU S004547 (query='Franck 2013 wine bottle')
2026-06-11 09:59:37,455 [INFO] response: https://www.bing.com/images/async?q=Franck+2013+wine+bottle&async=1&first=1&count=35 200
2026-06-11 09:59:37,457 [INFO] DuckDuckGo returned 1 candidates for SKU S004547
2026-06-11 09:59:37,457 [INFO] SKU S004547 query='Franck 2013 wine bottle' — brave=15 google_cse=0 google_images=15 bing=1 ddg=1
2026-06-11 09:59:37,457 [INFO] Merged 78 total candidates for SKU S004547 (all sources, 3 queries)
2026-06-11 09:59:37,770 [INFO] HTTP Request: GET https://www.wine-searcher.com/images/labels/12/09/11121209.jpg?width=466&height=400&fit=bounds "HTTP/1.1 200 OK"
2026-06-11 09:59:37,777 [INFO] SKU S004547 — first downloadable image: https://www.wine-searcher.com/images/labels/12/09/11121209.jpg?width=466&height=400&fit=bo
2026-06-11 09:59:37,778 [ERROR]   Error: SQLite objects created in a thread can only be used in that same thread. The object was created in thread id 139320903170944 and this is thread id 139319268337216.
2026-06-11 09:59:37,779 [INFO] [35/141] S004550: Franck Bonville Blanc de Blancs, Champagne, France NV ( )
2026-06-11 09:59:37,780 [ERROR] Brave Image Search failed: Event loop is closed
2026-06-11 09:59:37,784 [ERROR] Serper search failed: Event loop is closed
2026-06-11 09:59:37,939 [INFO] response: https://www.bing.com/images/async?q=Franck+Bonville+Blanc+de+Blancs%2C+Champagne%2C+France+NV+%28+%29&async=1&first=1&count=35 200
2026-06-11 09:59:37,941 [INFO] Bing returned 1 candidates for SKU S004550
2026-06-11 09:59:37,945 [INFO] HTTP Request: GET https://www.googleapis.com/customsearch/v1?key=AIzaSyBZ5p08dd5cR_Q5bMHhaAFuH6kPUO9jxrY&cx=02211d6d3950b4d03&q=Franck+Bonville+Blanc+de+Blancs%2C+Champagne%2C+France+NV+%28+%29&searchType=image&num=10&imgSize=large&imgType=photo "HTTP/1.1 403 Forbidden"
2026-06-11 09:59:37,946 [WARNING] Custom Search JSON API returned 403: this GCP project likely has no JSON API entitlement (Google closed JSON API access for new projects; DDG/Bing fallback will be used). See https://developers.google.com/custom-search/v1/overview (Vertex AI Search or a third-party SERP API are alternatives).
2026-06-11 09:59:43,016 [INFO] response: https://www.bing.com/images/async?q=Franck+Bonville+Blanc+de+Blancs%2C+Champagne%2C+France+NV+%28+%29&async=1&first=1&count=35 200
2026-06-11 09:59:43,018 [INFO] DuckDuckGo returned 1 candidates for SKU S004550
2026-06-11 09:59:43,018 [INFO] SKU S004550 query='Franck Bonville Blanc de Blancs, Champagne, France NV ( )' — brave=0 google_cse=0 google_images=0 bing=1 ddg=1
2026-06-11 09:59:43,019 [ERROR] Brave Image Search failed: Event loop is closed
2026-06-11 09:59:43,319 [INFO] HTTP Request: GET https://www.googleapis.com/customsearch/v1?key=AIzaSyBZ5p08dd5cR_Q5bMHhaAFuH6kPUO9jxrY&cx=02211d6d3950b4d03&q=Franck+Bonville+Blanc+de+Blancs%2C+Champagne%2C+France+NV+%28+%29+wine+bottle&searchType=image&num=10&imgSize=large&imgType=photo "HTTP/1.1 403 Forbidden"
2026-06-11 09:59:43,321 [WARNING] Custom Search JSON API returned 403: this GCP project likely has no JSON API entitlement (Google closed JSON API access for new projects; DDG/Bing fallback will be used). See https://developers.google.com/custom-search/v1/overview (Vertex AI Search or a third-party SERP API are alternatives).
2026-06-11 09:59:44,065 [INFO] response: https://www.bing.com/images/async?q=Franck+Bonville+Blanc+de+Blancs%2C+Champagne%2C+France+NV+%28+%29+wine+bottle&async=1&first=1&count=35 200
2026-06-11 09:59:44,070 [INFO] Bing returned 15 candidates for SKU S004550
2026-06-11 09:59:44,770 [INFO] HTTP Request: POST https://google.serper.dev/images "HTTP/1.1 200 OK"
2026-06-11 09:59:44,790 [INFO] Serper (Google Images) returned 15 candidates for SKU S004550 (query='Franck Bonville Blanc de Blancs, Champagne, France NV ( ) wine bottle')
2026-06-11 09:59:49,283 [INFO] response: https://www.bing.com/images/async?q=Franck+Bonville+Blanc+de+Blancs%2C+Champagne%2C+France+NV+%28+%29+wine+bottle&async=1&first=1&count=35 200
2026-06-11 09:59:49,284 [INFO] DuckDuckGo returned 1 candidates for SKU S004550
2026-06-11 09:59:49,284 [INFO] SKU S004550 query='Franck Bonville Blanc de Blancs, Champagne, France NV ( ) wine bottle' — brave=0 google_cse=0 google_images=15 bing=15 ddg=1
2026-06-11 09:59:49,432 [INFO] HTTP Request: GET https://www.googleapis.com/customsearch/v1?key=AIzaSyBZ5p08dd5cR_Q5bMHhaAFuH6kPUO9jxrY&cx=02211d6d3950b4d03&q=Franck++wine+bottle&searchType=image&num=10&imgSize=large&imgType=photo "HTTP/1.1 403 Forbidden"
2026-06-11 09:59:49,433 [WARNING] Custom Search JSON API returned 403: this GCP project likely has no JSON API entitlement (Google closed JSON API access for new projects; DDG/Bing fallback will be used). See https://developers.google.com/custom-search/v1/overview (Vertex AI Search or a third-party SERP API are alternatives).
2026-06-11 09:59:49,583 [INFO] response: https://www.bing.com/images/async?q=Franck++wine+bottle&async=1&first=1&count=35 200
2026-06-11 09:59:49,586 [INFO] Bing returned 1 candidates for SKU S004550
2026-06-11 09:59:50,338 [INFO] HTTP Request: GET https://api.search.brave.com/res/v1/images/search?q=Franck++wine+bottle&count=15&search_lang=en&country=ALL&safesearch=strict&spellcheck=true "HTTP/1.1 200 OK"
2026-06-11 09:59:50,361 [INFO] Brave returned 13 candidates for SKU S004550 (query='Franck  wine bottle')
2026-06-11 09:59:51,120 [INFO] HTTP Request: POST https://google.serper.dev/images "HTTP/1.1 200 OK"
2026-06-11 09:59:51,121 [INFO] Serper (Google Images) returned 15 candidates for SKU S004550 (query='Franck  wine bottle')
2026-06-11 09:59:55,374 [INFO] response: https://www.bing.com/images/async?q=Franck++wine+bottle&async=1&first=1&count=35 200
2026-06-11 09:59:55,376 [INFO] DuckDuckGo returned 1 candidates for SKU S004550
2026-06-11 09:59:55,376 [INFO] SKU S004550 query='Franck  wine bottle' — brave=13 google_cse=0 google_images=15 bing=1 ddg=1
2026-06-11 09:59:55,376 [INFO] Merged 62 total candidates for SKU S004550 (all sources, 3 queries)
2026-06-11 09:59:55,970 [INFO] HTTP Request: GET https://www.researchgate.net/profile/Chedly-Tizaoui/post/Exactly_why_do_we_dilute_waste_water_samples_to_find_BOD_and_how_to_decide_dilution_factor/attachment/59d6365ac49f478072ea42ab/AS:273672961495048@1442260127255/image/BODdilution.jpg "HTTP/1.1 403 Forbidden"
2026-06-11 09:59:56,285 [ERROR] Image download failed for https://www.researchgate.net/profile/Chedly-Tizaoui/post/Exactly_why_do_we_dilute_waste_water_samples_to_find_BOD_and_how_to_decide_dilution_factor/attachment/59d6365ac49f478072ea42ab/AS:273672961495048@1442260127255/image/BODdilution.jpg: Client error '403 Forbidden' for url 'https://www.researchgate.net/profile/Chedly-Tizaoui/post/Exactly_why_do_we_dilute_waste_water_samples_to_find_BOD_and_how_to_decide_dilution_factor/attachment/59d6365ac49f478072ea42ab/AS:273672961495048@1442260127255/image/BODdilution.jpg'
For more information check: https://developer.mozilla.org/en-US/docs/Web/HTTP/Status/403
2026-06-11 09:59:57,099 [INFO] HTTP Request: GET https://hinhanhcute.com/wp-content/uploads/2025/08/Hinh-TNT-chibi-dep.webp "HTTP/1.1 200 OK"
2026-06-11 09:59:57,557 [INFO] SKU S004550 — first downloadable image: https://hinhanhcute.com/wp-content/uploads/2025/08/Hinh-TNT-chibi-dep.webp
2026-06-11 09:59:57,558 [ERROR]   Error: SQLite objects created in a thread can only be used in that same thread. The object was created in thread id 139320903170944 and this is thread id 139319268337216.
2026-06-11 09:59:57,558 [INFO] [36/141] S004554: Francis Coppola Pinot Noir Director's Cut Sonoma Coast, California
2026-06-11 09:59:57,559 [ERROR] Brave Image Search failed: Event loop is closed
2026-06-11 09:59:57,816 [INFO] response: https://www.bing.com/images/async?q=Francis+Coppola+Pinot+Noir+Director%27s+Cut+Sonoma+Coast%2C+California+2021&async=1&first=1&count=35 200
2026-06-11 09:59:57,919 [INFO] HTTP Request: GET https://www.googleapis.com/customsearch/v1?key=AIzaSyBZ5p08dd5cR_Q5bMHhaAFuH6kPUO9jxrY&cx=02211d6d3950b4d03&q=Francis+Coppola+Pinot+Noir+Director%27s+Cut+Sonoma+Coast%2C+California+2021&searchType=image&num=10&imgSize=large&imgType=photo "HTTP/1.1 403 Forbidden"
2026-06-11 09:59:57,920 [WARNING] Custom Search JSON API returned 403: this GCP project likely has no JSON API entitlement (Google closed JSON API access for new projects; DDG/Bing fallback will be used). See https://developers.google.com/custom-search/v1/overview (Vertex AI Search or a third-party SERP API are alternatives).
2026-06-11 09:59:59,654 [INFO] HTTP Request: POST https://google.serper.dev/images "HTTP/1.1 200 OK"
2026-06-11 09:59:59,655 [INFO] Serper (Google Images) returned 15 candidates for SKU S004554 (query="Francis Coppola Pinot Noir Director's Cut Sonoma Coast, California 2021")
2026-06-11 10:00:03,612 [INFO] response: https://www.bing.com/images/async?q=Francis+Coppola+Pinot+Noir+Director%27s+Cut+Sonoma+Coast%2C+California+2021&async=1&first=1&count=35 200
2026-06-11 10:00:03,614 [INFO] DuckDuckGo returned 1 candidates for SKU S004554
2026-06-11 10:00:03,614 [INFO] SKU S004554 query="Francis Coppola Pinot Noir Director's Cut Sonoma Coast, California 202" — brave=0 google_cse=0 google_images=15 bing=0 ddg=1
2026-06-11 10:00:03,767 [INFO] HTTP Request: GET https://www.googleapis.com/customsearch/v1?key=AIzaSyBZ5p08dd5cR_Q5bMHhaAFuH6kPUO9jxrY&cx=02211d6d3950b4d03&q=Francis+Coppola+Pinot+Noir+Director%27s+Cut+Sonoma+Coast%2C+California+2021+wine+bottle&searchType=image&num=10&imgSize=large&imgType=photo "HTTP/1.1 403 Forbidden"
2026-06-11 10:00:03,768 [WARNING] Custom Search JSON API returned 403: this GCP project likely has no JSON API entitlement (Google closed JSON API access for new projects; DDG/Bing fallback will be used). See https://developers.google.com/custom-search/v1/overview (Vertex AI Search or a third-party SERP API are alternatives).
2026-06-11 10:00:03,818 [INFO] response: https://www.bing.com/images/async?q=Francis+Coppola+Pinot+Noir+Director%27s+Cut+Sonoma+Coast%2C+California+2021+wine+bottle&async=1&first=1&count=35 200
2026-06-11 10:00:03,825 [INFO] Bing returned 15 candidates for SKU S004554
2026-06-11 10:00:04,726 [INFO] HTTP Request: GET https://api.search.brave.com/res/v1/images/search?q=Francis+Coppola+Pinot+Noir+Director%27s+Cut+Sonoma+Coast%2C+California+2021+wine+bottle&count=15&search_lang=en&country=ALL&safesearch=strict&spellcheck=true "HTTP/1.1 200 OK"
2026-06-11 10:00:04,728 [INFO] Brave returned 15 candidates for SKU S004554 (query="Francis Coppola Pinot Noir Director's Cut Sonoma Coast, California 2021 wine bot")
2026-06-11 10:00:05,698 [INFO] HTTP Request: POST https://google.serper.dev/images "HTTP/1.1 200 OK"
2026-06-11 10:00:05,786 [INFO] Serper (Google Images) returned 15 candidates for SKU S004554 (query="Francis Coppola Pinot Noir Director's Cut Sonoma Coast, California 2021 wine bot")
2026-06-11 10:00:13,621 [INFO] Error in engine duckduckgo: TimeoutException(TimeoutError('error sending request for url (https://duckduckgo.com/?q=Francis+Coppola+Pinot+Noir+Director%27s+Cut+Sonoma+Coast%2C+California+2021+wine+bottle)', 'https://duckduckgo.com/?q=Francis+Coppola+Pinot+Noir+Director%27s+Cut+Sonoma+Coast%2C+California+2021+wine+bottle'))
2026-06-11 10:00:13,839 [INFO] response: https://www.bing.com/images/async?q=Francis+Coppola+Pinot+Noir+Director%27s+Cut+Sonoma+Coast%2C+California+2021+wine+bottle&async=1&first=1&count=35 200
2026-06-11 10:00:13,850 [ERROR] DuckDuckGo image search failed: ('error sending request for url (https://duckduckgo.com/?q=Francis+Coppola+Pinot+Noir+Director%27s+Cut+Sonoma+Coast%2C+California+2021+wine+bottle)', 'https://duckduckgo.com/?q=Francis+Coppola+Pinot+Noir+Director%27s+Cut+Sonoma+Coast%2C+California+2021+wine+bottle')
2026-06-11 10:00:13,850 [INFO] SKU S004554 query="Francis Coppola Pinot Noir Director's Cut Sonoma Coast, California 202" — brave=15 google_cse=0 google_images=15 bing=15 ddg=0
2026-06-11 10:00:14,175 [INFO] response: https://www.bing.com/images/async?q=Francis+2021+wine+bottle&async=1&first=1&count=35 200
2026-06-11 10:00:14,178 [INFO] Bing returned 1 candidates for SKU S004554
2026-06-11 10:00:14,251 [INFO] HTTP Request: GET https://www.googleapis.com/customsearch/v1?key=AIzaSyBZ5p08dd5cR_Q5bMHhaAFuH6kPUO9jxrY&cx=02211d6d3950b4d03&q=Francis+2021+wine+bottle&searchType=image&num=10&imgSize=large&imgType=photo "HTTP/1.1 403 Forbidden"
2026-06-11 10:00:14,252 [WARNING] Custom Search JSON API returned 403: this GCP project likely has no JSON API entitlement (Google closed JSON API access for new projects; DDG/Bing fallback will be used). See https://developers.google.com/custom-search/v1/overview (Vertex AI Search or a third-party SERP API are alternatives).
2026-06-11 10:00:15,165 [INFO] HTTP Request: GET https://api.search.brave.com/res/v1/images/search?q=Francis+2021+wine+bottle&count=15&search_lang=en&country=ALL&safesearch=strict&spellcheck=true "HTTP/1.1 200 OK"
2026-06-11 10:00:15,168 [INFO] Brave returned 15 candidates for SKU S004554 (query='Francis 2021 wine bottle')
2026-06-11 10:00:15,754 [INFO] HTTP Request: POST https://google.serper.dev/images "HTTP/1.1 200 OK"
2026-06-11 10:00:15,770 [INFO] Serper (Google Images) returned 15 candidates for SKU S004554 (query='Francis 2021 wine bottle')
2026-06-11 10:00:23,856 [INFO] Error in engine duckduckgo: TimeoutException(TimeoutError('error sending request for url (https://duckduckgo.com/?q=Francis+2021+wine+bottle)', 'https://duckduckgo.com/?q=Francis+2021+wine+bottle'))
2026-06-11 10:00:25,276 [INFO] response: https://www.bing.com/images/async?q=Francis+2021+wine+bottle&async=1&first=1&count=35 200
2026-06-11 10:00:25,285 [ERROR] DuckDuckGo image search failed: ('error sending request for url (https://duckduckgo.com/?q=Francis+2021+wine+bottle)', 'https://duckduckgo.com/?q=Francis+2021+wine+bottle')
2026-06-11 10:00:25,285 [INFO] SKU S004554 query='Francis 2021 wine bottle' — brave=15 google_cse=0 google_images=15 bing=1 ddg=0
2026-06-11 10:00:25,285 [INFO] Merged 78 total candidates for SKU S004554 (all sources, 3 queries)
2026-06-11 10:00:26,432 [INFO] HTTP Request: GET https://www.francisfordcoppolawinery.com/wp-content/uploads/2025/11/Shop_DirCut_PN-SC_BottleShot.png?w=900 "HTTP/1.1 200 OK"
2026-06-11 10:00:26,521 [INFO] SKU S004554 — first downloadable image: https://www.francisfordcoppolawinery.com/wp-content/uploads/2025/11/Shop_DirCut_PN-SC_Bott
2026-06-11 10:00:26,522 [ERROR]   Error: SQLite objects created in a thread can only be used in that same thread. The object was created in thread id 139320903170944 and this is thread id 139319268337216.
2026-06-11 10:00:26,522 [INFO] [37/141] S004555: Far Niente Estate Bottled Cabernet Sauvignon, Napa Valley, California
2026-06-11 10:00:26,524 [ERROR] Brave Image Search failed: Event loop is closed
2026-06-11 10:00:26,754 [INFO] response: https://www.bing.com/images/async?q=Far+Niente+Estate+Bottled+Cabernet+Sauvignon%2C+Napa+Valley%2C+California+2022&async=1&first=1&count=35 200
2026-06-11 10:00:26,877 [INFO] Bing returned 1 candidates for SKU S004555
2026-06-11 10:00:26,960 [INFO] HTTP Request: GET https://www.googleapis.com/customsearch/v1?key=AIzaSyBZ5p08dd5cR_Q5bMHhaAFuH6kPUO9jxrY&cx=02211d6d3950b4d03&q=Far+Niente+Estate+Bottled+Cabernet+Sauvignon%2C+Napa+Valley%2C+California+2022&searchType=image&num=10&imgSize=large&imgType=photo "HTTP/1.1 403 Forbidden"
2026-06-11 10:00:26,961 [WARNING] Custom Search JSON API returned 403: this GCP project likely has no JSON API entitlement (Google closed JSON API access for new projects; DDG/Bing fallback will be used). See https://developers.google.com/custom-search/v1/overview (Vertex AI Search or a third-party SERP API are alternatives).
2026-06-11 10:00:28,727 [INFO] HTTP Request: POST https://google.serper.dev/images "HTTP/1.1 200 OK"
2026-06-11 10:00:28,728 [INFO] Serper (Google Images) returned 14 candidates for SKU S004555 (query='Far Niente Estate Bottled Cabernet Sauvignon, Napa Valley, California 2022')
2026-06-11 10:00:31,773 [INFO] response: https://www.bing.com/images/async?q=Far+Niente+Estate+Bottled+Cabernet+Sauvignon%2C+Napa+Valley%2C+California+2022&async=1&first=1&count=35 200
2026-06-11 10:00:31,775 [INFO] DuckDuckGo returned 1 candidates for SKU S004555
2026-06-11 10:00:31,775 [INFO] SKU S004555 query='Far Niente Estate Bottled Cabernet Sauvignon, Napa Valley, California ' — brave=0 google_cse=0 google_images=14 bing=1 ddg=1
2026-06-11 10:00:31,842 [INFO] HTTP Request: GET https://www.googleapis.com/customsearch/v1?key=AIzaSyBZ5p08dd5cR_Q5bMHhaAFuH6kPUO9jxrY&cx=02211d6d3950b4d03&q=Far+Niente+Estate+Bottled+Cabernet+Sauvignon%2C+Napa+Valley%2C+California+2022+wine+bottle&searchType=image&num=10&imgSize=large&imgType=photo "HTTP/1.1 403 Forbidden"
2026-06-11 10:00:31,844 [WARNING] Custom Search JSON API returned 403: this GCP project likely has no JSON API entitlement (Google closed JSON API access for new projects; DDG/Bing fallback will be used). See https://developers.google.com/custom-search/v1/overview (Vertex AI Search or a third-party SERP API are alternatives).
2026-06-11 10:00:32,619 [INFO] response: https://www.bing.com/images/async?q=Far+Niente+Estate+Bottled+Cabernet+Sauvignon%2C+Napa+Valley%2C+California+2022+wine+bottle&async=1&first=1&count=35 200
2026-06-11 10:00:32,628 [INFO] Bing returned 15 candidates for SKU S004555
2026-06-11 10:00:32,820 [INFO] HTTP Request: GET https://api.search.brave.com/res/v1/images/search?q=Far+Niente+Estate+Bottled+Cabernet+Sauvignon%2C+Napa+Valley%2C+California+2022+wine+bottle&count=15&search_lang=en&country=ALL&safesearch=strict&spellcheck=true "HTTP/1.1 200 OK"
2026-06-11 10:00:32,822 [INFO] Brave returned 14 candidates for SKU S004555 (query='Far Niente Estate Bottled Cabernet Sauvignon, Napa Valley, California 2022 wine ')
2026-06-11 10:00:33,309 [INFO] HTTP Request: POST https://google.serper.dev/images "HTTP/1.1 200 OK"
2026-06-11 10:00:33,310 [INFO] Serper (Google Images) returned 14 candidates for SKU S004555 (query='Far Niente Estate Bottled Cabernet Sauvignon, Napa Valley, California 2022 wine ')
2026-06-11 10:00:37,301 [INFO] response: https://www.bing.com/images/async?q=Far+Niente+Estate+Bottled+Cabernet+Sauvignon%2C+Napa+Valley%2C+California+2022+wine+bottle&async=1&first=1&count=35 200
2026-06-11 10:00:37,310 [INFO] DuckDuckGo returned 1 candidates for SKU S004555
2026-06-11 10:00:37,310 [INFO] SKU S004555 query='Far Niente Estate Bottled Cabernet Sauvignon, Napa Valley, California ' — brave=14 google_cse=0 google_images=14 bing=15 ddg=1
2026-06-11 10:00:37,473 [INFO] HTTP Request: GET https://www.googleapis.com/customsearch/v1?key=AIzaSyBZ5p08dd5cR_Q5bMHhaAFuH6kPUO9jxrY&cx=02211d6d3950b4d03&q=Far+2022+wine+bottle&searchType=image&num=10&imgSize=large&imgType=photo "HTTP/1.1 403 Forbidden"
2026-06-11 10:00:37,474 [WARNING] Custom Search JSON API returned 403: this GCP project likely has no JSON API entitlement (Google closed JSON API access for new projects; DDG/Bing fallback will be used). See https://developers.google.com/custom-search/v1/overview (Vertex AI Search or a third-party SERP API are alternatives).
2026-06-11 10:00:37,479 [INFO] response: https://www.bing.com/images/async?q=Far+2022+wine+bottle&async=1&first=1&count=35 200
2026-06-11 10:00:37,484 [INFO] Bing returned 1 candidates for SKU S004555
2026-06-11 10:00:38,413 [INFO] HTTP Request: GET https://api.search.brave.com/res/v1/images/search?q=Far+2022+wine+bottle&count=15&search_lang=en&country=ALL&safesearch=strict&spellcheck=true "HTTP/1.1 200 OK"
2026-06-11 10:00:38,416 [INFO] Brave returned 15 candidates for SKU S004555 (query='Far 2022 wine bottle')
2026-06-11 10:00:38,931 [INFO] HTTP Request: POST https://google.serper.dev/images "HTTP/1.1 200 OK"
2026-06-11 10:00:38,934 [INFO] Serper (Google Images) returned 14 candidates for SKU S004555 (query='Far 2022 wine bottle')
2026-06-11 10:00:42,516 [INFO] response: https://www.bing.com/images/async?q=Far+2022+wine+bottle&async=1&first=1&count=35 200
2026-06-11 10:00:42,518 [INFO] DuckDuckGo returned 1 candidates for SKU S004555
2026-06-11 10:00:42,518 [INFO] SKU S004555 query='Far 2022 wine bottle' — brave=15 google_cse=0 google_images=14 bing=1 ddg=1
2026-06-11 10:00:42,518 [INFO] Merged 77 total candidates for SKU S004555 (all sources, 3 queries)
2026-06-11 10:00:43,054 [INFO] HTTP Request: GET https://cdn.shopify.com/s/files/1/0922/7301/7149/files/693c684f05831_FNW_CS_NV_2022_750ml_Etched_HappyHolidays.png?v=1765566583 "HTTP/1.1 200 OK"
2026-06-11 10:00:43,900 [INFO] SKU S004555 — first downloadable image: https://cdn.shopify.com/s/files/1/0922/7301/7149/files/693c684f05831_FNW_CS_NV_2022_750ml_
2026-06-11 10:00:43,901 [ERROR]   Error: SQLite objects created in a thread can only be used in that same thread. The object was created in thread id 139320903170944 and this is thread id 139319268337216.
2026-06-11 10:00:43,901 [INFO] [38/141] S004556: Far Niente Cabernet Sauvignon, Napa Valley ( ) ( Case)
2026-06-11 10:00:43,902 [ERROR] Brave Image Search failed: Event loop is closed
2026-06-11 10:00:43,906 [ERROR] Serper search failed: Event loop is closed
2026-06-11 10:00:44,077 [INFO] response: https://www.bing.com/images/async?q=Far+Niente+Cabernet+Sauvignon%2C+Napa+Valley+%28+%29+%28+Case%29+2017&async=1&first=1&count=35 200
2026-06-11 10:00:44,082 [INFO] Bing returned 1 candidates for SKU S004556
2026-06-11 10:00:44,142 [INFO] HTTP Request: GET https://www.googleapis.com/customsearch/v1?key=AIzaSyBZ5p08dd5cR_Q5bMHhaAFuH6kPUO9jxrY&cx=02211d6d3950b4d03&q=Far+Niente+Cabernet+Sauvignon%2C+Napa+Valley+%28+%29+%28+Case%29+2017&searchType=image&num=10&imgSize=large&imgType=photo "HTTP/1.1 403 Forbidden"
2026-06-11 10:00:44,143 [WARNING] Custom Search JSON API returned 403: this GCP project likely has no JSON API entitlement (Google closed JSON API access for new projects; DDG/Bing fallback will be used). See https://developers.google.com/custom-search/v1/overview (Vertex AI Search or a third-party SERP API are alternatives).
2026-06-11 10:00:53,908 [INFO] Error in engine duckduckgo: TimeoutException(TimeoutError('error sending request for url (https://duckduckgo.com/?q=Far+Niente+Cabernet+Sauvignon%2C+Napa+Valley+%28+%29+%28+Case%29+2017)', 'https://duckduckgo.com/?q=Far+Niente+Cabernet+Sauvignon%2C+Napa+Valley+%28+%29+%28+Case%29+2017'))
2026-06-11 10:00:56,088 [INFO] response: https://www.bing.com/images/async?q=Far+Niente+Cabernet+Sauvignon%2C+Napa+Valley+%28+%29+%28+Case%29+2017&async=1&first=1&count=35 200
2026-06-11 10:00:56,090 [ERROR] DuckDuckGo image search failed: ('error sending request for url (https://duckduckgo.com/?q=Far+Niente+Cabernet+Sauvignon%2C+Napa+Valley+%28+%29+%28+Case%29+2017)', 'https://duckduckgo.com/?q=Far+Niente+Cabernet+Sauvignon%2C+Napa+Valley+%28+%29+%28+Case%29+2017')
2026-06-11 10:00:56,090 [INFO] SKU S004556 query='Far Niente Cabernet Sauvignon, Napa Valley ( ) ( Case) 2017' — brave=0 google_cse=0 google_images=0 bing=1 ddg=0
2026-06-11 10:00:56,377 [INFO] HTTP Request: GET https://www.googleapis.com/customsearch/v1?key=AIzaSyBZ5p08dd5cR_Q5bMHhaAFuH6kPUO9jxrY&cx=02211d6d3950b4d03&q=Far+Niente+Cabernet+Sauvignon%2C+Napa+Valley+%28+%29+%28+Case%29+2017+wine+bottle&searchType=image&num=10&imgSize=large&imgType=photo "HTTP/1.1 403 Forbidden"
2026-06-11 10:00:56,378 [WARNING] Custom Search JSON API returned 403: this GCP project likely has no JSON API entitlement (Google closed JSON API access for new projects; DDG/Bing fallback will be used). See https://developers.google.com/custom-search/v1/overview (Vertex AI Search or a third-party SERP API are alternatives).
2026-06-11 10:00:56,633 [INFO] response: https://www.bing.com/images/async?q=Far+Niente+Cabernet+Sauvignon%2C+Napa+Valley+%28+%29+%28+Case%29+2017+wine+bottle&async=1&first=1&count=35 200
2026-06-11 10:00:56,635 [INFO] Bing returned 1 candidates for SKU S004556
2026-06-11 10:00:57,501 [INFO] HTTP Request: GET https://api.search.brave.com/res/v1/images/search?q=Far+Niente+Cabernet+Sauvignon%2C+Napa+Valley+%28+%29+%28+Case%29+2017+wine+bottle&count=15&search_lang=en&country=ALL&safesearch=strict&spellcheck=true "HTTP/1.1 200 OK"
2026-06-11 10:00:57,503 [INFO] Brave returned 15 candidates for SKU S004556 (query='Far Niente Cabernet Sauvignon, Napa Valley ( ) ( Case) 2017 wine bottle')
2026-06-11 10:00:58,022 [INFO] HTTP Request: POST https://google.serper.dev/images "HTTP/1.1 200 OK"
2026-06-11 10:00:58,026 [INFO] Serper (Google Images) returned 15 candidates for SKU S004556 (query='Far Niente Cabernet Sauvignon, Napa Valley ( ) ( Case) 2017 wine bottle')
2026-06-11 10:01:06,098 [INFO] Error in engine duckduckgo: TimeoutException(TimeoutError('error sending request for url (https://duckduckgo.com/?q=Far+Niente+Cabernet+Sauvignon%2C+Napa+Valley+%28+%29+%28+Case%29+2017+wine+bottle)', 'https://duckduckgo.com/?q=Far+Niente+Cabernet+Sauvignon%2C+Napa+Valley+%28+%29+%28+Case%29+2017+wine+bottle'))
2026-06-11 10:01:07,928 [INFO] response: https://www.bing.com/images/async?q=Far+Niente+Cabernet+Sauvignon%2C+Napa+Valley+%28+%29+%28+Case%29+2017+wine+bottle&async=1&first=1&count=35 200
2026-06-11 10:01:07,931 [ERROR] DuckDuckGo image search failed: ('error sending request for url (https://duckduckgo.com/?q=Far+Niente+Cabernet+Sauvignon%2C+Napa+Valley+%28+%29+%28+Case%29+2017+wine+bottle)', 'https://duckduckgo.com/?q=Far+Niente+Cabernet+Sauvignon%2C+Napa+Valley+%28+%29+%28+Case%29+2017+wine+bottle')
2026-06-11 10:01:07,932 [INFO] SKU S004556 query='Far Niente Cabernet Sauvignon, Napa Valley ( ) ( Case) 2017 wine bottl' — brave=15 google_cse=0 google_images=15 bing=1 ddg=0
2026-06-11 10:01:08,115 [INFO] HTTP Request: GET https://www.googleapis.com/customsearch/v1?key=AIzaSyBZ5p08dd5cR_Q5bMHhaAFuH6kPUO9jxrY&cx=02211d6d3950b4d03&q=Far+2017+wine+bottle&searchType=image&num=10&imgSize=large&imgType=photo "HTTP/1.1 403 Forbidden"
2026-06-11 10:01:08,116 [WARNING] Custom Search JSON API returned 403: this GCP project likely has no JSON API entitlement (Google closed JSON API access for new projects; DDG/Bing fallback will be used). See https://developers.google.com/custom-search/v1/overview (Vertex AI Search or a third-party SERP API are alternatives).
2026-06-11 10:01:09,103 [INFO] HTTP Request: GET https://api.search.brave.com/res/v1/images/search?q=Far+2017+wine+bottle&count=15&search_lang=en&country=ALL&safesearch=strict&spellcheck=true "HTTP/1.1 200 OK"
2026-06-11 10:01:09,104 [INFO] Brave returned 15 candidates for SKU S004556 (query='Far 2017 wine bottle')
2026-06-11 10:01:09,233 [INFO] response: https://www.bing.com/images/async?q=Far+2017+wine+bottle&async=1&first=1&count=35 200
2026-06-11 10:01:09,268 [INFO] Bing returned 1 candidates for SKU S004556
2026-06-11 10:01:09,661 [INFO] HTTP Request: POST https://google.serper.dev/images "HTTP/1.1 200 OK"
2026-06-11 10:01:09,662 [INFO] Serper (Google Images) returned 15 candidates for SKU S004556 (query='Far 2017 wine bottle')
2026-06-11 10:01:17,943 [INFO] Error in engine duckduckgo: TimeoutException(TimeoutError('error sending request for url (https://duckduckgo.com/?q=Far+2017+wine+bottle)', 'https://duckduckgo.com/?q=Far+2017+wine+bottle'))
2026-06-11 10:01:18,119 [INFO] response: https://www.bing.com/images/async?q=Far+2017+wine+bottle&async=1&first=1&count=35 200
2026-06-11 10:01:18,122 [ERROR] DuckDuckGo image search failed: ('error sending request for url (https://duckduckgo.com/?q=Far+2017+wine+bottle)', 'https://duckduckgo.com/?q=Far+2017+wine+bottle')
2026-06-11 10:01:18,122 [INFO] SKU S004556 query='Far 2017 wine bottle' — brave=15 google_cse=0 google_images=15 bing=1 ddg=0
2026-06-11 10:01:18,123 [INFO] Merged 56 total candidates for SKU S004556 (all sources, 3 queries)
2026-06-11 10:01:18,672 [INFO] HTTP Request: GET https://www.fabhotels.com/blog/wp-content/uploads/2019/04/Colaba-Causeway-1.jpg "HTTP/1.1 200 OK"
2026-06-11 10:01:18,904 [INFO] SKU S004556 — first downloadable image: https://www.fabhotels.com/blog/wp-content/uploads/2019/04/Colaba-Causeway-1.jpg
2026-06-11 10:01:18,904 [ERROR]   Error: SQLite objects created in a thread can only be used in that same thread. The object was created in thread id 139320903170944 and this is thread id 139319268337216.
2026-06-11 10:01:18,905 [INFO] [39/141] S004560: Freeman Akiko's Cuvee Pinot Noir, West Sonoma Coast, California
2026-06-11 10:01:18,906 [ERROR] Brave Image Search failed: Event loop is closed
2026-06-11 10:01:19,099 [INFO] response: https://www.bing.com/images/async?q=Freeman+Akiko%27s+Cuvee+Pinot+Noir%2C+West+Sonoma+Coast%2C+California+2022&async=1&first=1&count=35 200
2026-06-11 10:01:19,110 [INFO] HTTP Request: GET https://www.googleapis.com/customsearch/v1?key=AIzaSyBZ5p08dd5cR_Q5bMHhaAFuH6kPUO9jxrY&cx=02211d6d3950b4d03&q=Freeman+Akiko%27s+Cuvee+Pinot+Noir%2C+West+Sonoma+Coast%2C+California+2022&searchType=image&num=10&imgSize=large&imgType=photo "HTTP/1.1 403 Forbidden"
2026-06-11 10:01:19,111 [WARNING] Custom Search JSON API returned 403: this GCP project likely has no JSON API entitlement (Google closed JSON API access for new projects; DDG/Bing fallback will be used). See https://developers.google.com/custom-search/v1/overview (Vertex AI Search or a third-party SERP API are alternatives).
2026-06-11 10:01:19,123 [INFO] Bing returned 15 candidates for SKU S004560
2026-06-11 10:01:20,538 [INFO] HTTP Request: POST https://google.serper.dev/images "HTTP/1.1 200 OK"
2026-06-11 10:01:20,543 [INFO] Serper (Google Images) returned 15 candidates for SKU S004560 (query="Freeman Akiko's Cuvee Pinot Noir, West Sonoma Coast, California 2022")
2026-06-11 10:01:28,911 [INFO] Error in engine duckduckgo: TimeoutException(TimeoutError('error sending request for url (https://duckduckgo.com/?q=Freeman+Akiko%27s+Cuvee+Pinot+Noir%2C+West+Sonoma+Coast%2C+California+2022)', 'https://duckduckgo.com/?q=Freeman+Akiko%27s+Cuvee+Pinot+Noir%2C+West+Sonoma+Coast%2C+California+2022'))
2026-06-11 10:01:31,216 [INFO] response: https://www.bing.com/images/async?q=Freeman+Akiko%27s+Cuvee+Pinot+Noir%2C+West+Sonoma+Coast%2C+California+2022&async=1&first=1&count=35 200
2026-06-11 10:01:31,228 [ERROR] DuckDuckGo image search failed: ('error sending request for url (https://duckduckgo.com/?q=Freeman+Akiko%27s+Cuvee+Pinot+Noir%2C+West+Sonoma+Coast%2C+California+2022)', 'https://duckduckgo.com/?q=Freeman+Akiko%27s+Cuvee+Pinot+Noir%2C+West+Sonoma+Coast%2C+California+2022')
2026-06-11 10:01:31,228 [INFO] SKU S004560 query="Freeman Akiko's Cuvee Pinot Noir, West Sonoma Coast, California 2022" — brave=0 google_cse=0 google_images=15 bing=15 ddg=0
2026-06-11 10:01:31,415 [INFO] HTTP Request: GET https://www.googleapis.com/customsearch/v1?key=AIzaSyBZ5p08dd5cR_Q5bMHhaAFuH6kPUO9jxrY&cx=02211d6d3950b4d03&q=Freeman+Akiko%27s+Cuvee+Pinot+Noir%2C+West+Sonoma+Coast%2C+California+2022+wine+bottle&searchType=image&num=10&imgSize=large&imgType=photo "HTTP/1.1 403 Forbidden"
2026-06-11 10:01:31,416 [WARNING] Custom Search JSON API returned 403: this GCP project likely has no JSON API entitlement (Google closed JSON API access for new projects; DDG/Bing fallback will be used). See https://developers.google.com/custom-search/v1/overview (Vertex AI Search or a third-party SERP API are alternatives).
2026-06-11 10:01:31,416 [INFO] response: https://www.bing.com/images/async?q=Freeman+Akiko%27s+Cuvee+Pinot+Noir%2C+West+Sonoma+Coast%2C+California+2022+wine+bottle&async=1&first=1&count=35 200
2026-06-11 10:01:31,418 [INFO] Bing returned 1 candidates for SKU S004560
2026-06-11 10:01:32,551 [INFO] HTTP Request: GET https://api.search.brave.com/res/v1/images/search?q=Freeman+Akiko%27s+Cuvee+Pinot+Noir%2C+West+Sonoma+Coast%2C+California+2022+wine+bottle&count=15&search_lang=en&country=ALL&safesearch=strict&spellcheck=true "HTTP/1.1 200 OK"
2026-06-11 10:01:32,552 [INFO] Brave returned 15 candidates for SKU S004560 (query="Freeman Akiko's Cuvee Pinot Noir, West Sonoma Coast, California 2022 wine bottle")
2026-06-11 10:01:32,692 [INFO] HTTP Request: POST https://google.serper.dev/images "HTTP/1.1 200 OK"
2026-06-11 10:01:32,728 [INFO] Serper (Google Images) returned 14 candidates for SKU S004560 (query="Freeman Akiko's Cuvee Pinot Noir, West Sonoma Coast, California 2022 wine bottle")
2026-06-11 10:01:36,427 [INFO] response: https://www.bing.com/images/async?q=Freeman+Akiko%27s+Cuvee+Pinot+Noir%2C+West+Sonoma+Coast%2C+California+2022+wine+bottle&async=1&first=1&count=35 200
2026-06-11 10:01:36,430 [INFO] DuckDuckGo returned 1 candidates for SKU S004560
2026-06-11 10:01:36,430 [INFO] SKU S004560 query="Freeman Akiko's Cuvee Pinot Noir, West Sonoma Coast, California 2022 w" — brave=15 google_cse=0 google_images=14 bing=1 ddg=1
2026-06-11 10:01:36,633 [INFO] response: https://www.bing.com/images/async?q=Freeman+2022+wine+bottle&async=1&first=1&count=35 200
2026-06-11 10:01:36,633 [INFO] HTTP Request: GET https://www.googleapis.com/customsearch/v1?key=AIzaSyBZ5p08dd5cR_Q5bMHhaAFuH6kPUO9jxrY&cx=02211d6d3950b4d03&q=Freeman+2022+wine+bottle&searchType=image&num=10&imgSize=large&imgType=photo "HTTP/1.1 403 Forbidden"
2026-06-11 10:01:36,635 [WARNING] Custom Search JSON API returned 403: this GCP project likely has no JSON API entitlement (Google closed JSON API access for new projects; DDG/Bing fallback will be used). See https://developers.google.com/custom-search/v1/overview (Vertex AI Search or a third-party SERP API are alternatives).
2026-06-11 10:01:36,636 [INFO] Bing returned 1 candidates for SKU S004560
2026-06-11 10:01:37,218 [INFO] HTTP Request: GET https://api.search.brave.com/res/v1/images/search?q=Freeman+2022+wine+bottle&count=15&search_lang=en&country=ALL&safesearch=strict&spellcheck=true "HTTP/1.1 200 OK"
2026-06-11 10:01:37,219 [INFO] Brave returned 15 candidates for SKU S004560 (query='Freeman 2022 wine bottle')
2026-06-11 10:01:37,940 [INFO] HTTP Request: POST https://google.serper.dev/images "HTTP/1.1 200 OK"
2026-06-11 10:01:37,955 [INFO] Serper (Google Images) returned 15 candidates for SKU S004560 (query='Freeman 2022 wine bottle')
2026-06-11 10:01:41,712 [INFO] response: https://www.bing.com/images/async?q=Freeman+2022+wine+bottle&async=1&first=1&count=35 200
2026-06-11 10:01:41,714 [INFO] DuckDuckGo returned 1 candidates for SKU S004560
2026-06-11 10:01:41,714 [INFO] SKU S004560 query='Freeman 2022 wine bottle' — brave=15 google_cse=0 google_images=15 bing=1 ddg=1
2026-06-11 10:01:41,715 [INFO] Merged 78 total candidates for SKU S004560 (all sources, 3 queries)
2026-06-11 10:01:45,108 [INFO] HTTP Request: GET https://www.freemanwinery.com/assets/upload/images/bottles/.thumbs/wines-nv-akiko-s-cuvee-pinot-noir-604.0.0.png "HTTP/1.1 200 OK"
2026-06-11 10:01:47,041 [INFO] SKU S004560 — first downloadable image: https://www.freemanwinery.com/assets/upload/images/bottles/.thumbs/wines-nv-akiko-s-cuvee-
2026-06-11 10:01:47,042 [ERROR]   Error: SQLite objects created in a thread can only be used in that same thread. The object was created in thread id 139320903170944 and this is thread id 139319268337216.
2026-06-11 10:01:47,042 [INFO] [40/141] S004562: Freeman Pinot Noir, West Sonoma Coast, California
2026-06-11 10:01:47,043 [ERROR] Brave Image Search failed: Event loop is closed
2026-06-11 10:01:47,205 [INFO] HTTP Request: GET https://www.googleapis.com/customsearch/v1?key=AIzaSyBZ5p08dd5cR_Q5bMHhaAFuH6kPUO9jxrY&cx=02211d6d3950b4d03&q=Freeman+Pinot+Noir%2C+West+Sonoma+Coast%2C+California+2022&searchType=image&num=10&imgSize=large&imgType=photo "HTTP/1.1 403 Forbidden"
2026-06-11 10:01:47,206 [WARNING] Custom Search JSON API returned 403: this GCP project likely has no JSON API entitlement (Google closed JSON API access for new projects; DDG/Bing fallback will be used). See https://developers.google.com/custom-search/v1/overview (Vertex AI Search or a third-party SERP API are alternatives).
2026-06-11 10:01:47,229 [INFO] response: https://www.bing.com/images/async?q=Freeman+Pinot+Noir%2C+West+Sonoma+Coast%2C+California+2022&async=1&first=1&count=35 200
2026-06-11 10:01:47,249 [INFO] Bing returned 15 candidates for SKU S004562
2026-06-11 10:01:48,800 [INFO] HTTP Request: POST https://google.serper.dev/images "HTTP/1.1 200 OK"
2026-06-11 10:01:48,805 [INFO] Serper (Google Images) returned 15 candidates for SKU S004562 (query='Freeman Pinot Noir, West Sonoma Coast, California 2022')
2026-06-11 10:01:57,050 [INFO] Error in engine duckduckgo: TimeoutException(TimeoutError('error sending request for url (https://duckduckgo.com/?q=Freeman+Pinot+Noir%2C+West+Sonoma+Coast%2C+California+2022)', 'https://duckduckgo.com/?q=Freeman+Pinot+Noir%2C+West+Sonoma+Coast%2C+California+2022'))
2026-06-11 10:01:57,598 [INFO] response: https://www.bing.com/images/async?q=Freeman+Pinot+Noir%2C+West+Sonoma+Coast%2C+California+2022&async=1&first=1&count=35 200
2026-06-11 10:01:57,607 [ERROR] DuckDuckGo image search failed: ('error sending request for url (https://duckduckgo.com/?q=Freeman+Pinot+Noir%2C+West+Sonoma+Coast%2C+California+2022)', 'https://duckduckgo.com/?q=Freeman+Pinot+Noir%2C+West+Sonoma+Coast%2C+California+2022')
2026-06-11 10:01:57,607 [INFO] SKU S004562 query='Freeman Pinot Noir, West Sonoma Coast, California 2022' — brave=0 google_cse=0 google_images=15 bing=15 ddg=0
2026-06-11 10:01:57,852 [INFO] response: https://www.bing.com/images/async?q=Freeman+Pinot+Noir%2C+West+Sonoma+Coast%2C+California+2022+wine+bottle&async=1&first=1&count=35 200
2026-06-11 10:01:57,867 [INFO] Bing returned 15 candidates for SKU S004562
2026-06-11 10:01:58,009 [INFO] HTTP Request: GET https://www.googleapis.com/customsearch/v1?key=AIzaSyBZ5p08dd5cR_Q5bMHhaAFuH6kPUO9jxrY&cx=02211d6d3950b4d03&q=Freeman+Pinot+Noir%2C+West+Sonoma+Coast%2C+California+2022+wine+bottle&searchType=image&num=10&imgSize=large&imgType=photo "HTTP/1.1 403 Forbidden"
2026-06-11 10:01:58,010 [WARNING] Custom Search JSON API returned 403: this GCP project likely has no JSON API entitlement (Google closed JSON API access for new projects; DDG/Bing fallback will be used). See https://developers.google.com/custom-search/v1/overview (Vertex AI Search or a third-party SERP API are alternatives).
2026-06-11 10:01:58,870 [INFO] HTTP Request: GET https://api.search.brave.com/res/v1/images/search?q=Freeman+Pinot+Noir%2C+West+Sonoma+Coast%2C+California+2022+wine+bottle&count=15&search_lang=en&country=ALL&safesearch=strict&spellcheck=true "HTTP/1.1 200 OK"
2026-06-11 10:01:58,872 [INFO] Brave returned 15 candidates for SKU S004562 (query='Freeman Pinot Noir, West Sonoma Coast, California 2022 wine bottle')
2026-06-11 10:01:59,649 [INFO] HTTP Request: POST https://google.serper.dev/images "HTTP/1.1 200 OK"
2026-06-11 10:01:59,652 [INFO] Serper (Google Images) returned 15 candidates for SKU S004562 (query='Freeman Pinot Noir, West Sonoma Coast, California 2022 wine bottle')
2026-06-11 10:02:07,614 [INFO] Error in engine duckduckgo: TimeoutException(TimeoutError('error sending request for url (https://duckduckgo.com/?q=Freeman+Pinot+Noir%2C+West+Sonoma+Coast%2C+California+2022+wine+bottle)', 'https://duckduckgo.com/?q=Freeman+Pinot+Noir%2C+West+Sonoma+Coast%2C+California+2022+wine+bottle'))
2026-06-11 10:02:07,796 [INFO] response: https://www.bing.com/images/async?q=Freeman+Pinot+Noir%2C+West+Sonoma+Coast%2C+California+2022+wine+bottle&async=1&first=1&count=35 200
2026-06-11 10:02:07,816 [ERROR] DuckDuckGo image search failed: ('error sending request for url (https://duckduckgo.com/?q=Freeman+Pinot+Noir%2C+West+Sonoma+Coast%2C+California+2022+wine+bottle)', 'https://duckduckgo.com/?q=Freeman+Pinot+Noir%2C+West+Sonoma+Coast%2C+California+2022+wine+bottle')
2026-06-11 10:02:07,817 [INFO] SKU S004562 query='Freeman Pinot Noir, West Sonoma Coast, California 2022 wine bottle' — brave=15 google_cse=0 google_images=15 bing=15 ddg=0
2026-06-11 10:02:08,002 [INFO] HTTP Request: GET https://www.googleapis.com/customsearch/v1?key=AIzaSyBZ5p08dd5cR_Q5bMHhaAFuH6kPUO9jxrY&cx=02211d6d3950b4d03&q=Freeman+2022+wine+bottle&searchType=image&num=10&imgSize=large&imgType=photo "HTTP/1.1 403 Forbidden"
2026-06-11 10:02:08,003 [INFO] response: https://www.bing.com/images/async?q=Freeman+2022+wine+bottle&async=1&first=1&count=35 200
2026-06-11 10:02:08,013 [WARNING] Custom Search JSON API returned 403: this GCP project likely has no JSON API entitlement (Google closed JSON API access for new projects; DDG/Bing fallback will be used). See https://developers.google.com/custom-search/v1/overview (Vertex AI Search or a third-party SERP API are alternatives).
2026-06-11 10:02:08,017 [INFO] Bing returned 12 candidates for SKU S004562
2026-06-11 10:02:08,501 [INFO] HTTP Request: GET https://api.search.brave.com/res/v1/images/search?q=Freeman+2022+wine+bottle&count=15&search_lang=en&country=ALL&safesearch=strict&spellcheck=true "HTTP/1.1 200 OK"
2026-06-11 10:02:08,502 [INFO] Brave returned 15 candidates for SKU S004562 (query='Freeman 2022 wine bottle')
2026-06-11 10:02:10,691 [INFO] HTTP Request: POST https://google.serper.dev/images "HTTP/1.1 200 OK"
2026-06-11 10:02:10,692 [INFO] Serper (Google Images) returned 15 candidates for SKU S004562 (query='Freeman 2022 wine bottle')
2026-06-11 10:02:12,997 [INFO] response: https://www.bing.com/images/async?q=Freeman+2022+wine+bottle&async=1&first=1&count=35 200
2026-06-11 10:02:12,999 [INFO] DuckDuckGo returned 1 candidates for SKU S004562
2026-06-11 10:02:12,999 [INFO] SKU S004562 query='Freeman 2022 wine bottle' — brave=15 google_cse=0 google_images=15 bing=12 ddg=1
2026-06-11 10:02:12,999 [INFO] Merged 96 total candidates for SKU S004562 (all sources, 3 queries)
2026-06-11 10:02:13,985 [INFO] HTTP Request: GET https://images.commerce7.com/freeman-vineyard-winery/images/medium/2022-west-sonoma-coast-pinot-noir-1753321385269.png "HTTP/1.1 200 OK"
2026-06-11 10:02:14,398 [INFO] SKU S004562 — first downloadable image: https://images.commerce7.com/freeman-vineyard-winery/images/medium/2022-west-sonoma-coast-
2026-06-11 10:02:14,399 [ERROR]   Error: SQLite objects created in a thread can only be used in that same thread. The object was created in thread id 139320903170944 and this is thread id 139319268337216.
2026-06-11 10:02:14,399 [INFO] [41/141] S004563: La Galiniere Sensation 0% Rose, France
2026-06-11 10:02:14,400 [ERROR] Brave Image Search failed: Event loop is closed
2026-06-11 10:02:14,404 [ERROR] Serper search failed: Event loop is closed
2026-06-11 10:02:14,597 [INFO] response: https://www.bing.com/images/async?q=La+Galiniere+Sensation+0%25+Rose%2C+France&async=1&first=1&count=35 200
2026-06-11 10:02:14,618 [INFO] Bing returned 15 candidates for SKU S004563
2026-06-11 10:02:14,663 [INFO] HTTP Request: GET https://www.googleapis.com/customsearch/v1?key=AIzaSyBZ5p08dd5cR_Q5bMHhaAFuH6kPUO9jxrY&cx=02211d6d3950b4d03&q=La+Galiniere+Sensation+0%25+Rose%2C+France&searchType=image&num=10&imgSize=large&imgType=photo "HTTP/1.1 403 Forbidden"
2026-06-11 10:02:14,664 [WARNING] Custom Search JSON API returned 403: this GCP project likely has no JSON API entitlement (Google closed JSON API access for new projects; DDG/Bing fallback will be used). See https://developers.google.com/custom-search/v1/overview (Vertex AI Search or a third-party SERP API are alternatives).
2026-06-11 10:02:24,422 [INFO] Error in engine duckduckgo: TimeoutException(TimeoutError('error sending request for url (https://duckduckgo.com/?q=La+Galiniere+Sensation+0%25+Rose%2C+France)', 'https://duckduckgo.com/?q=La+Galiniere+Sensation+0%25+Rose%2C+France'))
2026-06-11 10:02:24,579 [INFO] response: https://www.bing.com/images/async?q=La+Galiniere+Sensation+0%25+Rose%2C+France&async=1&first=1&count=35 200
2026-06-11 10:02:24,588 [ERROR] DuckDuckGo image search failed: ('error sending request for url (https://duckduckgo.com/?q=La+Galiniere+Sensation+0%25+Rose%2C+France)', 'https://duckduckgo.com/?q=La+Galiniere+Sensation+0%25+Rose%2C+France')
2026-06-11 10:02:24,588 [INFO] SKU S004563 query='La Galiniere Sensation 0% Rose, France' — brave=0 google_cse=0 google_images=0 bing=15 ddg=0
2026-06-11 10:02:24,772 [INFO] response: https://www.bing.com/images/async?q=La+Galiniere+Sensation+0%25+Rose%2C+France+wine+bottle&async=1&first=1&count=35 200
2026-06-11 10:02:24,773 [INFO] Bing returned 1 candidates for SKU S004563
2026-06-11 10:02:24,778 [INFO] HTTP Request: GET https://www.googleapis.com/customsearch/v1?key=AIzaSyBZ5p08dd5cR_Q5bMHhaAFuH6kPUO9jxrY&cx=02211d6d3950b4d03&q=La+Galiniere+Sensation+0%25+Rose%2C+France+wine+bottle&searchType=image&num=10&imgSize=large&imgType=photo "HTTP/1.1 403 Forbidden"
2026-06-11 10:02:24,779 [WARNING] Custom Search JSON API returned 403: this GCP project likely has no JSON API entitlement (Google closed JSON API access for new projects; DDG/Bing fallback will be used). See https://developers.google.com/custom-search/v1/overview (Vertex AI Search or a third-party SERP API are alternatives).
2026-06-11 10:02:25,847 [INFO] HTTP Request: GET https://api.search.brave.com/res/v1/images/search?q=La+Galiniere+Sensation+0%25+Rose%2C+France+wine+bottle&count=15&search_lang=en&country=ALL&safesearch=strict&spellcheck=true "HTTP/1.1 200 OK"
2026-06-11 10:02:25,848 [INFO] Brave returned 14 candidates for SKU S004563 (query='La Galiniere Sensation 0% Rose, France wine bottle')
2026-06-11 10:02:26,184 [INFO] HTTP Request: POST https://google.serper.dev/images "HTTP/1.1 200 OK"
2026-06-11 10:02:26,195 [INFO] Serper (Google Images) returned 13 candidates for SKU S004563 (query='La Galiniere Sensation 0% Rose, France wine bottle')
2026-06-11 10:02:34,597 [INFO] Error in engine duckduckgo: TimeoutException(TimeoutError('error sending request for url (https://duckduckgo.com/?q=La+Galiniere+Sensation+0%25+Rose%2C+France+wine+bottle)', 'https://duckduckgo.com/?q=La+Galiniere+Sensation+0%25+Rose%2C+France+wine+bottle'))
2026-06-11 10:02:34,857 [INFO] response: https://www.bing.com/images/async?q=La+Galiniere+Sensation+0%25+Rose%2C+France+wine+bottle&async=1&first=1&count=35 200
2026-06-11 10:02:34,864 [ERROR] DuckDuckGo image search failed: ('error sending request for url (https://duckduckgo.com/?q=La+Galiniere+Sensation+0%25+Rose%2C+France+wine+bottle)', 'https://duckduckgo.com/?q=La+Galiniere+Sensation+0%25+Rose%2C+France+wine+bottle')
2026-06-11 10:02:34,864 [INFO] SKU S004563 query='La Galiniere Sensation 0% Rose, France wine bottle' — brave=14 google_cse=0 google_images=13 bing=1 ddg=0
2026-06-11 10:02:35,048 [INFO] HTTP Request: GET https://www.googleapis.com/customsearch/v1?key=AIzaSyBZ5p08dd5cR_Q5bMHhaAFuH6kPUO9jxrY&cx=02211d6d3950b4d03&q=La++wine+bottle&searchType=image&num=10&imgSize=large&imgType=photo "HTTP/1.1 403 Forbidden"
2026-06-11 10:02:35,048 [WARNING] Custom Search JSON API returned 403: this GCP project likely has no JSON API entitlement (Google closed JSON API access for new projects; DDG/Bing fallback will be used). See https://developers.google.com/custom-search/v1/overview (Vertex AI Search or a third-party SERP API are alternatives).
2026-06-11 10:02:35,781 [INFO] response: https://www.bing.com/images/async?q=La++wine+bottle&async=1&first=1&count=35 200
2026-06-11 10:02:35,783 [INFO] Bing returned 1 candidates for SKU S004563
2026-06-11 10:02:36,086 [INFO] HTTP Request: GET https://api.search.brave.com/res/v1/images/search?q=La++wine+bottle&count=15&search_lang=en&country=ALL&safesearch=strict&spellcheck=true "HTTP/1.1 200 OK"
2026-06-11 10:02:36,087 [INFO] Brave returned 15 candidates for SKU S004563 (query='La  wine bottle')
2026-06-11 10:02:37,026 [INFO] HTTP Request: POST https://google.serper.dev/images "HTTP/1.1 200 OK"
2026-06-11 10:02:37,028 [INFO] Serper (Google Images) returned 15 candidates for SKU S004563 (query='La  wine bottle')
2026-06-11 10:02:44,872 [INFO] Error in engine duckduckgo: TimeoutException(TimeoutError('error sending request for url (https://duckduckgo.com/?q=La++wine+bottle)', 'https://duckduckgo.com/?q=La++wine+bottle'))
2026-06-11 10:02:45,327 [INFO] response: https://www.bing.com/images/async?q=La++wine+bottle&async=1&first=1&count=35 200
2026-06-11 10:02:45,330 [ERROR] DuckDuckGo image search failed: ('error sending request for url (https://duckduckgo.com/?q=La++wine+bottle)', 'https://duckduckgo.com/?q=La++wine+bottle')
2026-06-11 10:02:45,331 [INFO] SKU S004563 query='La  wine bottle' — brave=15 google_cse=0 google_images=15 bing=1 ddg=0
2026-06-11 10:02:45,331 [INFO] Merged 72 total candidates for SKU S004563 (all sources, 3 queries)
2026-06-11 10:02:46,306 [INFO] HTTP Request: GET https://resources.vino.com/data/offertaFileFile/offertaFileFile-385638.jpg "HTTP/1.1 200 OK"
2026-06-11 10:02:46,741 [INFO] SKU S004563 — first downloadable image: https://resources.vino.com/data/offertaFileFile/offertaFileFile-385638.jpg
2026-06-11 10:02:46,742 [ERROR]   Error: SQLite objects created in a thread can only be used in that same thread. The object was created in thread id 139320903170944 and this is thread id 139319268337216.
2026-06-11 10:02:46,742 [INFO] [42/141] S004564: La Galiniere Sensation 0% Sparkling Rose, France
2026-06-11 10:02:46,744 [ERROR] Brave Image Search failed: Event loop is closed
2026-06-11 10:02:46,927 [INFO] HTTP Request: GET https://www.googleapis.com/customsearch/v1?key=AIzaSyBZ5p08dd5cR_Q5bMHhaAFuH6kPUO9jxrY&cx=02211d6d3950b4d03&q=La+Galiniere+Sensation+0%25+Sparkling+Rose%2C+France&searchType=image&num=10&imgSize=large&imgType=photo "HTTP/1.1 403 Forbidden"
2026-06-11 10:02:46,928 [WARNING] Custom Search JSON API returned 403: this GCP project likely has no JSON API entitlement (Google closed JSON API access for new projects; DDG/Bing fallback will be used). See https://developers.google.com/custom-search/v1/overview (Vertex AI Search or a third-party SERP API are alternatives).
2026-06-11 10:02:47,797 [INFO] response: https://www.bing.com/images/async?q=La+Galiniere+Sensation+0%25+Sparkling+Rose%2C+France&async=1&first=1&count=35 200
2026-06-11 10:02:47,808 [INFO] Bing returned 15 candidates for SKU S004564
2026-06-11 10:02:49,163 [INFO] HTTP Request: POST https://google.serper.dev/images "HTTP/1.1 200 OK"
2026-06-11 10:02:49,182 [INFO] Serper (Google Images) returned 13 candidates for SKU S004564 (query='La Galiniere Sensation 0% Sparkling Rose, France')
2026-06-11 10:02:56,750 [INFO] Error in engine duckduckgo: TimeoutException(TimeoutError('error sending request for url (https://duckduckgo.com/?q=La+Galiniere+Sensation+0%25+Sparkling+Rose%2C+France)', 'https://duckduckgo.com/?q=La+Galiniere+Sensation+0%25+Sparkling+Rose%2C+France'))
2026-06-11 10:02:57,937 [INFO] response: https://www.bing.com/images/async?q=La+Galiniere+Sensation+0%25+Sparkling+Rose%2C+France&async=1&first=1&count=35 200
2026-06-11 10:02:57,944 [ERROR] DuckDuckGo image search failed: ('error sending request for url (https://duckduckgo.com/?q=La+Galiniere+Sensation+0%25+Sparkling+Rose%2C+France)', 'https://duckduckgo.com/?q=La+Galiniere+Sensation+0%25+Sparkling+Rose%2C+France')
2026-06-11 10:02:57,944 [INFO] SKU S004564 query='La Galiniere Sensation 0% Sparkling Rose, France' — brave=0 google_cse=0 google_images=13 bing=15 ddg=0
2026-06-11 10:02:58,224 [INFO] response: https://www.bing.com/images/async?q=La+Galiniere+Sensation+0%25+Sparkling+Rose%2C+France+wine+bottle&async=1&first=1&count=35 200
2026-06-11 10:02:58,226 [INFO] Bing returned 1 candidates for SKU S004564
2026-06-11 10:02:58,307 [INFO] HTTP Request: GET https://www.googleapis.com/customsearch/v1?key=AIzaSyBZ5p08dd5cR_Q5bMHhaAFuH6kPUO9jxrY&cx=02211d6d3950b4d03&q=La+Galiniere+Sensation+0%25+Sparkling+Rose%2C+France+wine+bottle&searchType=image&num=10&imgSize=large&imgType=photo "HTTP/1.1 403 Forbidden"
2026-06-11 10:02:58,308 [WARNING] Custom Search JSON API returned 403: this GCP project likely has no JSON API entitlement (Google closed JSON API access for new projects; DDG/Bing fallback will be used). See https://developers.google.com/custom-search/v1/overview (Vertex AI Search or a third-party SERP API are alternatives).
2026-06-11 10:02:59,040 [INFO] HTTP Request: GET https://api.search.brave.com/res/v1/images/search?q=La+Galiniere+Sensation+0%25+Sparkling+Rose%2C+France+wine+bottle&count=15&search_lang=en&country=ALL&safesearch=strict&spellcheck=true "HTTP/1.1 200 OK"
2026-06-11 10:02:59,042 [INFO] Brave returned 14 candidates for SKU S004564 (query='La Galiniere Sensation 0% Sparkling Rose, France wine bottle')
2026-06-11 10:02:59,934 [INFO] HTTP Request: POST https://google.serper.dev/images "HTTP/1.1 200 OK"
2026-06-11 10:03:00,071 [INFO] Serper (Google Images) returned 11 candidates for SKU S004564 (query='La Galiniere Sensation 0% Sparkling Rose, France wine bottle')
2026-06-11 10:03:07,952 [INFO] Error in engine duckduckgo: TimeoutException(TimeoutError('error sending request for url (https://duckduckgo.com/?q=La+Galiniere+Sensation+0%25+Sparkling+Rose%2C+France+wine+bottle)', 'https://duckduckgo.com/?q=La+Galiniere+Sensation+0%25+Sparkling+Rose%2C+France+wine+bottle'))
2026-06-11 10:03:08,703 [INFO] response: https://www.bing.com/images/async?q=La+Galiniere+Sensation+0%25+Sparkling+Rose%2C+France+wine+bottle&async=1&first=1&count=35 200
2026-06-11 10:03:08,727 [ERROR] DuckDuckGo image search failed: ('error sending request for url (https://duckduckgo.com/?q=La+Galiniere+Sensation+0%25+Sparkling+Rose%2C+France+wine+bottle)', 'https://duckduckgo.com/?q=La+Galiniere+Sensation+0%25+Sparkling+Rose%2C+France+wine+bottle')
2026-06-11 10:03:08,727 [INFO] SKU S004564 query='La Galiniere Sensation 0% Sparkling Rose, France wine bottle' — brave=14 google_cse=0 google_images=11 bing=1 ddg=0
2026-06-11 10:03:08,871 [INFO] HTTP Request: GET https://www.googleapis.com/customsearch/v1?key=AIzaSyBZ5p08dd5cR_Q5bMHhaAFuH6kPUO9jxrY&cx=02211d6d3950b4d03&q=La++wine+bottle&searchType=image&num=10&imgSize=large&imgType=photo "HTTP/1.1 403 Forbidden"
2026-06-11 10:03:08,872 [WARNING] Custom Search JSON API returned 403: this GCP project likely has no JSON API entitlement (Google closed JSON API access for new projects; DDG/Bing fallback will be used). See https://developers.google.com/custom-search/v1/overview (Vertex AI Search or a third-party SERP API are alternatives).
2026-06-11 10:03:09,366 [INFO] HTTP Request: GET https://api.search.brave.com/res/v1/images/search?q=La++wine+bottle&count=15&search_lang=en&country=ALL&safesearch=strict&spellcheck=true "HTTP/1.1 200 OK"
2026-06-11 10:03:09,367 [INFO] Brave returned 15 candidates for SKU S004564 (query='La  wine bottle')
2026-06-11 10:03:09,570 [INFO] response: https://www.bing.com/images/async?q=La++wine+bottle&async=1&first=1&count=35 200
2026-06-11 10:03:09,589 [INFO] Bing returned 1 candidates for SKU S004564
2026-06-11 10:03:10,509 [INFO] HTTP Request: POST https://google.serper.dev/images "HTTP/1.1 200 OK"
2026-06-11 10:03:10,517 [INFO] Serper (Google Images) returned 15 candidates for SKU S004564 (query='La  wine bottle')
2026-06-11 10:03:18,735 [INFO] Error in engine duckduckgo: TimeoutException(TimeoutError('error sending request for url (https://duckduckgo.com/?q=La++wine+bottle)', 'https://duckduckgo.com/?q=La++wine+bottle'))
2026-06-11 10:03:18,916 [INFO] response: https://www.bing.com/images/async?q=La++wine+bottle&async=1&first=1&count=35 200
2026-06-11 10:03:18,920 [ERROR] DuckDuckGo image search failed: ('error sending request for url (https://duckduckgo.com/?q=La++wine+bottle)', 'https://duckduckgo.com/?q=La++wine+bottle')
2026-06-11 10:03:18,920 [INFO] SKU S004564 query='La  wine bottle' — brave=15 google_cse=0 google_images=15 bing=1 ddg=0
2026-06-11 10:03:18,920 [INFO] Merged 75 total candidates for SKU S004564 (all sources, 3 queries)
2026-06-11 10:03:20,529 [INFO] HTTP Request: GET https://easydrinkbygroutas.com/backend/public/uploads/images/product_images/La_Galini__re___Sensation_Alcohol_Free_75cl___Sparkling_Ros___France_____75cl_____0__1770122647.webp "HTTP/1.1 200 OK"
2026-06-11 10:03:20,928 [INFO] SKU S004564 — first downloadable image: https://easydrinkbygroutas.com/backend/public/uploads/images/product_images/La_Galini__re_
2026-06-11 10:03:20,928 [ERROR]   Error: SQLite objects created in a thread can only be used in that same thread. The object was created in thread id 139320903170944 and this is thread id 139319268337216.
2026-06-11 10:03:20,928 [INFO] [43/141] S004565: Gyejacquot Collection Blanche, Champagne, France NV
2026-06-11 10:03:20,929 [ERROR] Brave Image Search failed: Event loop is closed
2026-06-11 10:03:21,114 [INFO] HTTP Request: GET https://www.googleapis.com/customsearch/v1?key=AIzaSyBZ5p08dd5cR_Q5bMHhaAFuH6kPUO9jxrY&cx=02211d6d3950b4d03&q=Gyejacquot+Collection+Blanche%2C+Champagne%2C+France+NV&searchType=image&num=10&imgSize=large&imgType=photo "HTTP/1.1 403 Forbidden"
2026-06-11 10:03:21,115 [WARNING] Custom Search JSON API returned 403: this GCP project likely has no JSON API entitlement (Google closed JSON API access for new projects; DDG/Bing fallback will be used). See https://developers.google.com/custom-search/v1/overview (Vertex AI Search or a third-party SERP API are alternatives).
2026-06-11 10:03:22,371 [INFO] response: https://www.bing.com/images/async?q=Gyejacquot+Collection+Blanche%2C+Champagne%2C+France+NV&async=1&first=1&count=35 200
2026-06-11 10:03:22,373 [INFO] Bing returned 1 candidates for SKU S004565
2026-06-11 10:03:22,643 [INFO] HTTP Request: POST https://google.serper.dev/images "HTTP/1.1 200 OK"
2026-06-11 10:03:22,664 [INFO] Serper (Google Images) returned 15 candidates for SKU S004565 (query='Gyejacquot Collection Blanche, Champagne, France NV')
2026-06-11 10:03:27,609 [INFO] response: https://www.bing.com/images/async?q=Gyejacquot+Collection+Blanche%2C+Champagne%2C+France+NV&async=1&first=1&count=35 200
2026-06-11 10:03:27,610 [INFO] DuckDuckGo returned 1 candidates for SKU S004565
2026-06-11 10:03:27,611 [INFO] SKU S004565 query='Gyejacquot Collection Blanche, Champagne, France NV' — brave=0 google_cse=0 google_images=15 bing=1 ddg=1
2026-06-11 10:03:27,916 [INFO] HTTP Request: GET https://www.googleapis.com/customsearch/v1?key=AIzaSyBZ5p08dd5cR_Q5bMHhaAFuH6kPUO9jxrY&cx=02211d6d3950b4d03&q=Gyejacquot+Collection+Blanche%2C+Champagne%2C+France+NV+wine+bottle&searchType=image&num=10&imgSize=large&imgType=photo "HTTP/1.1 403 Forbidden"
2026-06-11 10:03:27,918 [WARNING] Custom Search JSON API returned 403: this GCP project likely has no JSON API entitlement (Google closed JSON API access for new projects; DDG/Bing fallback will be used). See https://developers.google.com/custom-search/v1/overview (Vertex AI Search or a third-party SERP API are alternatives).
2026-06-11 10:03:28,618 [INFO] HTTP Request: GET https://api.search.brave.com/res/v1/images/search?q=Gyejacquot+Collection+Blanche%2C+Champagne%2C+France+NV+wine+bottle&count=15&search_lang=en&country=ALL&safesearch=strict&spellcheck=true "HTTP/1.1 200 OK"
2026-06-11 10:03:28,618 [INFO] Brave returned 15 candidates for SKU S004565 (query='Gyejacquot Collection Blanche, Champagne, France NV wine bottle')
2026-06-11 10:03:28,817 [INFO] response: https://www.bing.com/images/async?q=Gyejacquot+Collection+Blanche%2C+Champagne%2C+France+NV+wine+bottle&async=1&first=1&count=35 200
2026-06-11 10:03:28,823 [INFO] Bing returned 15 candidates for SKU S004565
2026-06-11 10:03:29,586 [INFO] HTTP Request: POST https://google.serper.dev/images "HTTP/1.1 200 OK"
2026-06-11 10:03:29,587 [INFO] Serper (Google Images) returned 15 candidates for SKU S004565 (query='Gyejacquot Collection Blanche, Champagne, France NV wine bottle')
2026-06-11 10:03:32,920 [INFO] response: https://www.bing.com/images/async?q=Gyejacquot+Collection+Blanche%2C+Champagne%2C+France+NV+wine+bottle&async=1&first=1&count=35 200
2026-06-11 10:03:32,932 [INFO] DuckDuckGo returned 15 candidates for SKU S004565
2026-06-11 10:03:32,932 [INFO] SKU S004565 query='Gyejacquot Collection Blanche, Champagne, France NV wine bottle' — brave=15 google_cse=0 google_images=15 bing=15 ddg=15
2026-06-11 10:03:33,133 [INFO] response: https://www.bing.com/images/async?q=Gyejacquot++wine+bottle&async=1&first=1&count=35 200
2026-06-11 10:03:33,135 [INFO] Bing returned 1 candidates for SKU S004565
2026-06-11 10:03:33,381 [INFO] HTTP Request: GET https://www.googleapis.com/customsearch/v1?key=AIzaSyBZ5p08dd5cR_Q5bMHhaAFuH6kPUO9jxrY&cx=02211d6d3950b4d03&q=Gyejacquot++wine+bottle&searchType=image&num=10&imgSize=large&imgType=photo "HTTP/1.1 403 Forbidden"
2026-06-11 10:03:33,382 [WARNING] Custom Search JSON API returned 403: this GCP project likely has no JSON API entitlement (Google closed JSON API access for new projects; DDG/Bing fallback will be used). See https://developers.google.com/custom-search/v1/overview (Vertex AI Search or a third-party SERP API are alternatives).
2026-06-11 10:03:34,008 [INFO] HTTP Request: GET https://api.search.brave.com/res/v1/images/search?q=Gyejacquot++wine+bottle&count=15&search_lang=en&country=ALL&safesearch=strict&spellcheck=true "HTTP/1.1 200 OK"
2026-06-11 10:03:34,010 [INFO] Brave returned 15 candidates for SKU S004565 (query='Gyejacquot  wine bottle')
2026-06-11 10:03:34,800 [INFO] HTTP Request: POST https://google.serper.dev/images "HTTP/1.1 200 OK"
2026-06-11 10:03:34,804 [INFO] Serper (Google Images) returned 15 candidates for SKU S004565 (query='Gyejacquot  wine bottle')
2026-06-11 10:03:38,118 [INFO] response: https://www.bing.com/images/async?q=Gyejacquot++wine+bottle&async=1&first=1&count=35 200
2026-06-11 10:03:38,131 [INFO] DuckDuckGo returned 15 candidates for SKU S004565
2026-06-11 10:03:38,131 [INFO] SKU S004565 query='Gyejacquot  wine bottle' — brave=15 google_cse=0 google_images=15 bing=1 ddg=15
2026-06-11 10:03:38,131 [INFO] Merged 84 total candidates for SKU S004565 (all sources, 3 queries)
2026-06-11 10:03:39,755 [INFO] HTTP Request: GET https://www.wine-searcher.com/images/labels/82/30/gyejacquot-freres-collection-blanche-champagne-france-11288230.jpg "HTTP/1.1 200 OK"
2026-06-11 10:03:39,788 [INFO] SKU S004565 — first downloadable image: https://www.wine-searcher.com/images/labels/82/30/gyejacquot-freres-collection-blanche-cha
2026-06-11 10:03:39,789 [ERROR]   Error: SQLite objects created in a thread can only be used in that same thread. The object was created in thread id 139320903170944 and this is thread id 139319268337216.
2026-06-11 10:03:39,789 [INFO] [44/141] S004566: Gyejacquot Collection Rose, Champagne, France NV
2026-06-11 10:03:39,969 [INFO] response: https://www.bing.com/images/async?q=Gyejacquot+Collection+Rose%2C+Champagne%2C+France+NV&async=1&first=1&count=35 200
2026-06-11 10:03:39,982 [INFO] Bing returned 1 candidates for SKU S004566
2026-06-11 10:03:40,018 [INFO] HTTP Request: GET https://www.googleapis.com/customsearch/v1?key=AIzaSyBZ5p08dd5cR_Q5bMHhaAFuH6kPUO9jxrY&cx=02211d6d3950b4d03&q=Gyejacquot+Collection+Rose%2C+Champagne%2C+France+NV&searchType=image&num=10&imgSize=large&imgType=photo "HTTP/1.1 403 Forbidden"
2026-06-11 10:03:40,117 [WARNING] Custom Search JSON API returned 403: this GCP project likely has no JSON API entitlement (Google closed JSON API access for new projects; DDG/Bing fallback will be used). See https://developers.google.com/custom-search/v1/overview (Vertex AI Search or a third-party SERP API are alternatives).
2026-06-11 10:03:40,934 [INFO] HTTP Request: GET https://api.search.brave.com/res/v1/images/search?q=Gyejacquot+Collection+Rose%2C+Champagne%2C+France+NV&count=15&search_lang=en&country=ALL&safesearch=strict&spellcheck=true "HTTP/1.1 200 OK"
2026-06-11 10:03:40,935 [INFO] Brave returned 15 candidates for SKU S004566 (query='Gyejacquot Collection Rose, Champagne, France NV')
2026-06-11 10:03:41,928 [INFO] HTTP Request: POST https://google.serper.dev/images "HTTP/1.1 200 OK"
2026-06-11 10:03:41,929 [INFO] Serper (Google Images) returned 15 candidates for SKU S004566 (query='Gyejacquot Collection Rose, Champagne, France NV')
2026-06-11 10:03:49,800 [INFO] Error in engine duckduckgo: TimeoutException(TimeoutError('error sending request for url (https://duckduckgo.com/?q=Gyejacquot+Collection+Rose%2C+Champagne%2C+France+NV)', 'https://duckduckgo.com/?q=Gyejacquot+Collection+Rose%2C+Champagne%2C+France+NV'))
2026-06-11 10:03:50,863 [INFO] response: https://www.bing.com/images/async?q=Gyejacquot+Collection+Rose%2C+Champagne%2C+France+NV&async=1&first=1&count=35 200
2026-06-11 10:03:50,897 [ERROR] DuckDuckGo image search failed: ('error sending request for url (https://duckduckgo.com/?q=Gyejacquot+Collection+Rose%2C+Champagne%2C+France+NV)', 'https://duckduckgo.com/?q=Gyejacquot+Collection+Rose%2C+Champagne%2C+France+NV')
2026-06-11 10:03:50,897 [INFO] SKU S004566 query='Gyejacquot Collection Rose, Champagne, France NV' — brave=15 google_cse=0 google_images=15 bing=1 ddg=0
2026-06-11 10:03:51,186 [INFO] HTTP Request: GET https://www.googleapis.com/customsearch/v1?key=AIzaSyBZ5p08dd5cR_Q5bMHhaAFuH6kPUO9jxrY&cx=02211d6d3950b4d03&q=Gyejacquot+Collection+Rose%2C+Champagne%2C+France+NV+wine+bottle&searchType=image&num=10&imgSize=large&imgType=photo "HTTP/1.1 403 Forbidden"
2026-06-11 10:03:51,187 [WARNING] Custom Search JSON API returned 403: this GCP project likely has no JSON API entitlement (Google closed JSON API access for new projects; DDG/Bing fallback will be used). See https://developers.google.com/custom-search/v1/overview (Vertex AI Search or a third-party SERP API are alternatives).
2026-06-11 10:03:51,896 [INFO] response: https://www.bing.com/images/async?q=Gyejacquot+Collection+Rose%2C+Champagne%2C+France+NV+wine+bottle&async=1&first=1&count=35 200
2026-06-11 10:03:51,904 [INFO] Bing returned 1 candidates for SKU S004566
2026-06-11 10:03:52,113 [INFO] HTTP Request: GET https://api.search.brave.com/res/v1/images/search?q=Gyejacquot+Collection+Rose%2C+Champagne%2C+France+NV+wine+bottle&count=15&search_lang=en&country=ALL&safesearch=strict&spellcheck=true "HTTP/1.1 200 OK"
2026-06-11 10:03:52,114 [INFO] Brave returned 15 candidates for SKU S004566 (query='Gyejacquot Collection Rose, Champagne, France NV wine bottle')
2026-06-11 10:03:52,353 [INFO] HTTP Request: POST https://google.serper.dev/images "HTTP/1.1 200 OK"
2026-06-11 10:03:52,376 [INFO] Serper (Google Images) returned 15 candidates for SKU S004566 (query='Gyejacquot Collection Rose, Champagne, France NV wine bottle')
2026-06-11 10:03:56,376 [INFO] response: https://www.bing.com/images/async?q=Gyejacquot+Collection+Rose%2C+Champagne%2C+France+NV+wine+bottle&async=1&first=1&count=35 200
2026-06-11 10:03:56,378 [INFO] DuckDuckGo returned 1 candidates for SKU S004566
2026-06-11 10:03:56,379 [INFO] SKU S004566 query='Gyejacquot Collection Rose, Champagne, France NV wine bottle' — brave=15 google_cse=0 google_images=15 bing=1 ddg=1
2026-06-11 10:03:56,544 [INFO] HTTP Request: GET https://www.googleapis.com/customsearch/v1?key=AIzaSyBZ5p08dd5cR_Q5bMHhaAFuH6kPUO9jxrY&cx=02211d6d3950b4d03&q=Gyejacquot++wine+bottle&searchType=image&num=10&imgSize=large&imgType=photo "HTTP/1.1 403 Forbidden"
2026-06-11 10:03:56,545 [WARNING] Custom Search JSON API returned 403: this GCP project likely has no JSON API entitlement (Google closed JSON API access for new projects; DDG/Bing fallback will be used). See https://developers.google.com/custom-search/v1/overview (Vertex AI Search or a third-party SERP API are alternatives).
2026-06-11 10:03:57,070 [INFO] response: https://www.bing.com/images/async?q=Gyejacquot++wine+bottle&async=1&first=1&count=35 200
2026-06-11 10:03:57,071 [INFO] Bing returned 1 candidates for SKU S004566
2026-06-11 10:03:57,278 [INFO] HTTP Request: GET https://api.search.brave.com/res/v1/images/search?q=Gyejacquot++wine+bottle&count=15&search_lang=en&country=ALL&safesearch=strict&spellcheck=true "HTTP/1.1 200 OK"
2026-06-11 10:03:57,279 [INFO] Brave returned 15 candidates for SKU S004566 (query='Gyejacquot  wine bottle')
2026-06-11 10:03:57,675 [INFO] HTTP Request: POST https://google.serper.dev/images "HTTP/1.1 200 OK"
2026-06-11 10:03:57,681 [INFO] Serper (Google Images) returned 15 candidates for SKU S004566 (query='Gyejacquot  wine bottle')
2026-06-11 10:04:06,387 [INFO] Error in engine duckduckgo: TimeoutException(TimeoutError('error sending request for url (https://duckduckgo.com/?q=Gyejacquot++wine+bottle)', 'https://duckduckgo.com/?q=Gyejacquot++wine+bottle'))
2026-06-11 10:04:06,843 [INFO] response: https://www.bing.com/images/async?q=Gyejacquot++wine+bottle&async=1&first=1&count=35 200
2026-06-11 10:04:06,845 [ERROR] DuckDuckGo image search failed: ('error sending request for url (https://duckduckgo.com/?q=Gyejacquot++wine+bottle)', 'https://duckduckgo.com/?q=Gyejacquot++wine+bottle')
2026-06-11 10:04:06,845 [INFO] SKU S004566 query='Gyejacquot  wine bottle' — brave=15 google_cse=0 google_images=15 bing=1 ddg=0
2026-06-11 10:04:06,845 [INFO] Merged 76 total candidates for SKU S004566 (all sources, 3 queries)
2026-06-11 10:04:08,247 [INFO] HTTP Request: GET https://champagne-gyejacquot.com/wp-content/uploads/2019/12/champagne-gyejacquot-collection-rose.jpg "HTTP/1.1 200 OK"
2026-06-11 10:04:08,563 [INFO] SKU S004566 — first downloadable image: https://champagne-gyejacquot.com/wp-content/uploads/2019/12/champagne-gyejacquot-collectio
2026-06-11 10:04:08,564 [ERROR]   Error: SQLite objects created in a thread can only be used in that same thread. The object was created in thread id 139320903170944 and this is thread id 139319268337216.
2026-06-11 10:04:08,564 [INFO] [45/141] S004567: Gyejacquot Collection Brut, Champagne, France NV
2026-06-11 10:04:08,854 [INFO] HTTP Request: GET https://www.googleapis.com/customsearch/v1?key=AIzaSyBZ5p08dd5cR_Q5bMHhaAFuH6kPUO9jxrY&cx=02211d6d3950b4d03&q=Gyejacquot+Collection+Brut%2C+Champagne%2C+France+NV&searchType=image&num=10&imgSize=large&imgType=photo "HTTP/1.1 403 Forbidden"
2026-06-11 10:04:08,855 [WARNING] Custom Search JSON API returned 403: this GCP project likely has no JSON API entitlement (Google closed JSON API access for new projects; DDG/Bing fallback will be used). See https://developers.google.com/custom-search/v1/overview (Vertex AI Search or a third-party SERP API are alternatives).
2026-06-11 10:04:09,033 [INFO] response: https://www.bing.com/images/async?q=Gyejacquot+Collection+Brut%2C+Champagne%2C+France+NV&async=1&first=1&count=35 200
2026-06-11 10:04:09,035 [INFO] Bing returned 1 candidates for SKU S004567
2026-06-11 10:04:09,616 [INFO] HTTP Request: GET https://api.search.brave.com/res/v1/images/search?q=Gyejacquot+Collection+Brut%2C+Champagne%2C+France+NV&count=15&search_lang=en&country=ALL&safesearch=strict&spellcheck=true "HTTP/1.1 200 OK"
2026-06-11 10:04:09,618 [INFO] Brave returned 15 candidates for SKU S004567 (query='Gyejacquot Collection Brut, Champagne, France NV')
2026-06-11 10:04:10,806 [INFO] HTTP Request: POST https://google.serper.dev/images "HTTP/1.1 200 OK"
2026-06-11 10:04:10,808 [INFO] Serper (Google Images) returned 15 candidates for SKU S004567 (query='Gyejacquot Collection Brut, Champagne, France NV')
2026-06-11 10:04:13,790 [INFO] response: https://www.bing.com/images/async?q=Gyejacquot+Collection+Brut%2C+Champagne%2C+France+NV&async=1&first=1&count=35 200
2026-06-11 10:04:13,799 [INFO] DuckDuckGo returned 15 candidates for SKU S004567
2026-06-11 10:04:13,799 [INFO] SKU S004567 query='Gyejacquot Collection Brut, Champagne, France NV' — brave=15 google_cse=0 google_images=15 bing=1 ddg=15
2026-06-11 10:04:14,032 [INFO] response: https://www.bing.com/images/async?q=Gyejacquot+Collection+Brut%2C+Champagne%2C+France+NV+wine+bottle&async=1&first=1&count=35 200
2026-06-11 10:04:14,037 [INFO] Bing returned 15 candidates for SKU S004567
2026-06-11 10:04:14,200 [INFO] HTTP Request: GET https://www.googleapis.com/customsearch/v1?key=AIzaSyBZ5p08dd5cR_Q5bMHhaAFuH6kPUO9jxrY&cx=02211d6d3950b4d03&q=Gyejacquot+Collection+Brut%2C+Champagne%2C+France+NV+wine+bottle&searchType=image&num=10&imgSize=large&imgType=photo "HTTP/1.1 403 Forbidden"
2026-06-11 10:04:14,202 [WARNING] Custom Search JSON API returned 403: this GCP project likely has no JSON API entitlement (Google closed JSON API access for new projects; DDG/Bing fallback will be used). See https://developers.google.com/custom-search/v1/overview (Vertex AI Search or a third-party SERP API are alternatives).
2026-06-11 10:04:14,902 [INFO] HTTP Request: GET https://api.search.brave.com/res/v1/images/search?q=Gyejacquot+Collection+Brut%2C+Champagne%2C+France+NV+wine+bottle&count=15&search_lang=en&country=ALL&safesearch=strict&spellcheck=true "HTTP/1.1 200 OK"
2026-06-11 10:04:14,904 [INFO] Brave returned 15 candidates for SKU S004567 (query='Gyejacquot Collection Brut, Champagne, France NV wine bottle')
2026-06-11 10:04:15,634 [INFO] HTTP Request: POST https://google.serper.dev/images "HTTP/1.1 200 OK"
2026-06-11 10:04:15,638 [INFO] Serper (Google Images) returned 15 candidates for SKU S004567 (query='Gyejacquot Collection Brut, Champagne, France NV wine bottle')
2026-06-11 10:04:23,806 [INFO] Error in engine duckduckgo: TimeoutException(TimeoutError('error sending request for url (https://duckduckgo.com/?q=Gyejacquot+Collection+Brut%2C+Champagne%2C+France+NV+wine+bottle)', 'https://duckduckgo.com/?q=Gyejacquot+Collection+Brut%2C+Champagne%2C+France+NV+wine+bottle'))
2026-06-11 10:04:24,046 [INFO] response: https://www.bing.com/images/async?q=Gyejacquot+Collection+Brut%2C+Champagne%2C+France+NV+wine+bottle&async=1&first=1&count=35 200
2026-06-11 10:04:24,091 [ERROR] DuckDuckGo image search failed: ('error sending request for url (https://duckduckgo.com/?q=Gyejacquot+Collection+Brut%2C+Champagne%2C+France+NV+wine+bottle)', 'https://duckduckgo.com/?q=Gyejacquot+Collection+Brut%2C+Champagne%2C+France+NV+wine+bottle')
2026-06-11 10:04:24,092 [INFO] SKU S004567 query='Gyejacquot Collection Brut, Champagne, France NV wine bottle' — brave=15 google_cse=0 google_images=15 bing=15 ddg=0
2026-06-11 10:04:24,252 [INFO] response: https://www.bing.com/images/async?q=Gyejacquot++wine+bottle&async=1&first=1&count=35 200
2026-06-11 10:04:24,255 [INFO] Bing returned 1 candidates for SKU S004567
2026-06-11 10:04:24,322 [INFO] HTTP Request: GET https://www.googleapis.com/customsearch/v1?key=AIzaSyBZ5p08dd5cR_Q5bMHhaAFuH6kPUO9jxrY&cx=02211d6d3950b4d03&q=Gyejacquot++wine+bottle&searchType=image&num=10&imgSize=large&imgType=photo "HTTP/1.1 403 Forbidden"
2026-06-11 10:04:24,323 [WARNING] Custom Search JSON API returned 403: this GCP project likely has no JSON API entitlement (Google closed JSON API access for new projects; DDG/Bing fallback will be used). See https://developers.google.com/custom-search/v1/overview (Vertex AI Search or a third-party SERP API are alternatives).
2026-06-11 10:04:24,683 [INFO] HTTP Request: GET https://api.search.brave.com/res/v1/images/search?q=Gyejacquot++wine+bottle&count=15&search_lang=en&country=ALL&safesearch=strict&spellcheck=true "HTTP/1.1 200 OK"
2026-06-11 10:04:24,684 [INFO] Brave returned 15 candidates for SKU S004567 (query='Gyejacquot  wine bottle')
2026-06-11 10:04:25,043 [INFO] HTTP Request: POST https://google.serper.dev/images "HTTP/1.1 200 OK"
2026-06-11 10:04:25,055 [INFO] Serper (Google Images) returned 15 candidates for SKU S004567 (query='Gyejacquot  wine bottle')
2026-06-11 10:04:30,422 [INFO] response: https://www.bing.com/images/async?q=Gyejacquot++wine+bottle&async=1&first=1&count=35 200
2026-06-11 10:04:30,434 [INFO] DuckDuckGo returned 15 candidates for SKU S004567
2026-06-11 10:04:30,434 [INFO] SKU S004567 query='Gyejacquot  wine bottle' — brave=15 google_cse=0 google_images=15 bing=1 ddg=15
2026-06-11 10:04:30,435 [INFO] Merged 101 total candidates for SKU S004567 (all sources, 3 queries)
2026-06-11 10:04:30,905 [INFO] HTTP Request: GET https://www.winedispensary.com/cdn/shop/files/Gyejacquot_Freres_Collection_Brut_Champagne_France.png?v=1760066673&width=1445 "HTTP/1.1 200 OK"
2026-06-11 10:04:31,266 [INFO] SKU S004567 — first downloadable image: https://www.winedispensary.com/cdn/shop/files/Gyejacquot_Freres_Collection_Brut_Champagne_
2026-06-11 10:04:31,267 [ERROR]   Error: SQLite objects created in a thread can only be used in that same thread. The object was created in thread id 139320903170944 and this is thread id 139319268337216.
2026-06-11 10:04:31,267 [INFO] [46/141] S004570: H. Billiot Fils Grand Cru Brut Rose, Champagne, France NV
2026-06-11 10:04:31,636 [INFO] HTTP Request: GET https://www.googleapis.com/customsearch/v1?key=AIzaSyBZ5p08dd5cR_Q5bMHhaAFuH6kPUO9jxrY&cx=02211d6d3950b4d03&q=H.+Billiot+Fils+Grand+Cru+Brut+Rose%2C+Champagne%2C+France+NV&searchType=image&num=10&imgSize=large&imgType=photo "HTTP/1.1 403 Forbidden"
2026-06-11 10:04:31,638 [WARNING] Custom Search JSON API returned 403: this GCP project likely has no JSON API entitlement (Google closed JSON API access for new projects; DDG/Bing fallback will be used). See https://developers.google.com/custom-search/v1/overview (Vertex AI Search or a third-party SERP API are alternatives).
2026-06-11 10:04:31,757 [INFO] response: https://www.bing.com/images/async?q=H.+Billiot+Fils+Grand+Cru+Brut+Rose%2C+Champagne%2C+France+NV&async=1&first=1&count=35 200
2026-06-11 10:04:31,814 [INFO] Bing returned 15 candidates for SKU S004570
2026-06-11 10:04:32,617 [INFO] HTTP Request: GET https://api.search.brave.com/res/v1/images/search?q=H.+Billiot+Fils+Grand+Cru+Brut+Rose%2C+Champagne%2C+France+NV&count=15&search_lang=en&country=ALL&safesearch=strict&spellcheck=true "HTTP/1.1 200 OK"
2026-06-11 10:04:32,619 [INFO] Brave returned 15 candidates for SKU S004570 (query='H. Billiot Fils Grand Cru Brut Rose, Champagne, France NV')
2026-06-11 10:04:33,178 [INFO] HTTP Request: POST https://google.serper.dev/images "HTTP/1.1 200 OK"
2026-06-11 10:04:33,194 [INFO] Serper (Google Images) returned 15 candidates for SKU S004570 (query='H. Billiot Fils Grand Cru Brut Rose, Champagne, France NV')
2026-06-11 10:04:37,736 [INFO] response: https://www.bing.com/images/async?q=H.+Billiot+Fils+Grand+Cru+Brut+Rose%2C+Champagne%2C+France+NV&async=1&first=1&count=35 200
2026-06-11 10:04:37,741 [INFO] DuckDuckGo returned 15 candidates for SKU S004570
2026-06-11 10:04:37,742 [INFO] SKU S004570 query='H. Billiot Fils Grand Cru Brut Rose, Champagne, France NV' — brave=15 google_cse=0 google_images=15 bing=15 ddg=15
2026-06-11 10:04:38,076 [INFO] HTTP Request: GET https://www.googleapis.com/customsearch/v1?key=AIzaSyBZ5p08dd5cR_Q5bMHhaAFuH6kPUO9jxrY&cx=02211d6d3950b4d03&q=H.+Billiot+Fils+Grand+Cru+Brut+Rose%2C+Champagne%2C+France+NV+wine+bottle&searchType=image&num=10&imgSize=large&imgType=photo "HTTP/1.1 403 Forbidden"
2026-06-11 10:04:38,077 [WARNING] Custom Search JSON API returned 403: this GCP project likely has no JSON API entitlement (Google closed JSON API access for new projects; DDG/Bing fallback will be used). See https://developers.google.com/custom-search/v1/overview (Vertex AI Search or a third-party SERP API are alternatives).
2026-06-11 10:04:38,558 [INFO] response: https://www.bing.com/images/async?q=H.+Billiot+Fils+Grand+Cru+Brut+Rose%2C+Champagne%2C+France+NV+wine+bottle&async=1&first=1&count=35 200
2026-06-11 10:04:38,570 [INFO] Bing returned 15 candidates for SKU S004570
2026-06-11 10:04:39,192 [INFO] HTTP Request: POST https://google.serper.dev/images "HTTP/1.1 200 OK"
2026-06-11 10:04:39,202 [INFO] Serper (Google Images) returned 15 candidates for SKU S004570 (query='H. Billiot Fils Grand Cru Brut Rose, Champagne, France NV wine bottle')
2026-06-11 10:04:39,217 [INFO] HTTP Request: GET https://api.search.brave.com/res/v1/images/search?q=H.+Billiot+Fils+Grand+Cru+Brut+Rose%2C+Champagne%2C+France+NV+wine+bottle&count=15&search_lang=en&country=ALL&safesearch=strict&spellcheck=true "HTTP/1.1 200 OK"
2026-06-11 10:04:39,218 [INFO] Brave returned 15 candidates for SKU S004570 (query='H. Billiot Fils Grand Cru Brut Rose, Champagne, France NV wine bottle')
2026-06-11 10:04:47,749 [INFO] Error in engine duckduckgo: TimeoutException(TimeoutError('error sending request for url (https://duckduckgo.com/?q=H.+Billiot+Fils+Grand+Cru+Brut+Rose%2C+Champagne%2C+France+NV+wine+bottle)', 'https://duckduckgo.com/?q=H.+Billiot+Fils+Grand+Cru+Brut+Rose%2C+Champagne%2C+France+NV+wine+bottle'))
2026-06-11 10:04:48,079 [INFO] response: https://www.bing.com/images/async?q=H.+Billiot+Fils+Grand+Cru+Brut+Rose%2C+Champagne%2C+France+NV+wine+bottle&async=1&first=1&count=35 200
2026-06-11 10:04:48,091 [ERROR] DuckDuckGo image search failed: ('error sending request for url (https://duckduckgo.com/?q=H.+Billiot+Fils+Grand+Cru+Brut+Rose%2C+Champagne%2C+France+NV+wine+bottle)', 'https://duckduckgo.com/?q=H.+Billiot+Fils+Grand+Cru+Brut+Rose%2C+Champagne%2C+France+NV+wine+bottle')
2026-06-11 10:04:48,091 [INFO] SKU S004570 query='H. Billiot Fils Grand Cru Brut Rose, Champagne, France NV wine bottle' — brave=15 google_cse=0 google_images=15 bing=15 ddg=0
2026-06-11 10:04:48,351 [INFO] HTTP Request: GET https://www.googleapis.com/customsearch/v1?key=AIzaSyBZ5p08dd5cR_Q5bMHhaAFuH6kPUO9jxrY&cx=02211d6d3950b4d03&q=H.++wine+bottle&searchType=image&num=10&imgSize=large&imgType=photo "HTTP/1.1 403 Forbidden"
2026-06-11 10:04:48,353 [WARNING] Custom Search JSON API returned 403: this GCP project likely has no JSON API entitlement (Google closed JSON API access for new projects; DDG/Bing fallback will be used). See https://developers.google.com/custom-search/v1/overview (Vertex AI Search or a third-party SERP API are alternatives).
2026-06-11 10:04:48,592 [INFO] response: https://www.bing.com/images/async?q=H.++wine+bottle&async=1&first=1&count=35 200
2026-06-11 10:04:48,599 [INFO] Bing returned 15 candidates for SKU S004570
2026-06-11 10:04:49,514 [INFO] HTTP Request: GET https://api.search.brave.com/res/v1/images/search?q=H.++wine+bottle&count=15&search_lang=en&country=ALL&safesearch=strict&spellcheck=true "HTTP/1.1 200 OK"
2026-06-11 10:04:49,515 [INFO] HTTP Request: POST https://google.serper.dev/images "HTTP/1.1 200 OK"
2026-06-11 10:04:49,516 [INFO] Brave returned 15 candidates for SKU S004570 (query='H.  wine bottle')
2026-06-11 10:04:49,516 [INFO] Serper (Google Images) returned 15 candidates for SKU S004570 (query='H.  wine bottle')
2026-06-11 10:04:53,880 [INFO] response: https://www.bing.com/images/async?q=H.++wine+bottle&async=1&first=1&count=35 200
2026-06-11 10:04:53,900 [INFO] DuckDuckGo returned 15 candidates for SKU S004570
2026-06-11 10:04:53,901 [INFO] SKU S004570 query='H.  wine bottle' — brave=15 google_cse=0 google_images=15 bing=15 ddg=15
2026-06-11 10:04:53,902 [INFO] Merged 78 total candidates for SKU S004570 (all sources, 3 queries)
2026-06-11 10:04:54,588 [INFO] HTTP Request: GET https://perrineswine.com/cdn/shop/products/6a62dceb9560126f47bfa6dd20710600_5856cb35-89a5-45b9-9bc5-cf61268c168d.png?v=1692039188&width=480 "HTTP/1.1 200 OK"
2026-06-11 10:04:54,663 [INFO] SKU S004570 — first downloadable image: https://perrineswine.com/cdn/shop/products/6a62dceb9560126f47bfa6dd20710600_5856cb35-89a5-
2026-06-11 10:04:54,663 [ERROR]   Error: SQLite objects created in a thread can only be used in that same thread. The object was created in thread id 139320903170944 and this is thread id 139319268337216.
2026-06-11 10:04:54,664 [INFO] [47/141] S004571: H. Billiot Fils Cuvee Julie Grand Cru Brut, Champagne, France NV
2026-06-11 10:04:54,816 [INFO] HTTP Request: GET https://www.googleapis.com/customsearch/v1?key=AIzaSyBZ5p08dd5cR_Q5bMHhaAFuH6kPUO9jxrY&cx=02211d6d3950b4d03&q=H.+Billiot+Fils+Cuvee+Julie+Grand+Cru+Brut%2C+Champagne%2C+France+NV&searchType=image&num=10&imgSize=large&imgType=photo "HTTP/1.1 403 Forbidden"
2026-06-11 10:04:54,817 [WARNING] Custom Search JSON API returned 403: this GCP project likely has no JSON API entitlement (Google closed JSON API access for new projects; DDG/Bing fallback will be used). See https://developers.google.com/custom-search/v1/overview (Vertex AI Search or a third-party SERP API are alternatives).
2026-06-11 10:04:54,876 [INFO] response: https://www.bing.com/images/async?q=H.+Billiot+Fils+Cuvee+Julie+Grand+Cru+Brut%2C+Champagne%2C+France+NV&async=1&first=1&count=35 200
2026-06-11 10:04:54,901 [INFO] Bing returned 15 candidates for SKU S004571
2026-06-11 10:04:56,066 [INFO] HTTP Request: POST https://google.serper.dev/images "HTTP/1.1 200 OK"
2026-06-11 10:04:56,067 [INFO] HTTP Request: GET https://api.search.brave.com/res/v1/images/search?q=H.+Billiot+Fils+Cuvee+Julie+Grand+Cru+Brut%2C+Champagne%2C+France+NV&count=15&search_lang=en&country=ALL&safesearch=strict&spellcheck=true "HTTP/1.1 200 OK"
2026-06-11 10:04:56,068 [INFO] Serper (Google Images) returned 15 candidates for SKU S004571 (query='H. Billiot Fils Cuvee Julie Grand Cru Brut, Champagne, France NV')
2026-06-11 10:04:56,068 [INFO] Brave returned 15 candidates for SKU S004571 (query='H. Billiot Fils Cuvee Julie Grand Cru Brut, Champagne, France NV')
2026-06-11 10:04:59,906 [INFO] response: https://www.bing.com/images/async?q=H.+Billiot+Fils+Cuvee+Julie+Grand+Cru+Brut%2C+Champagne%2C+France+NV&async=1&first=1&count=35 200
2026-06-11 10:04:59,910 [INFO] DuckDuckGo returned 15 candidates for SKU S004571
2026-06-11 10:04:59,911 [INFO] SKU S004571 query='H. Billiot Fils Cuvee Julie Grand Cru Brut, Champagne, France NV' — brave=15 google_cse=0 google_images=15 bing=15 ddg=15
2026-06-11 10:05:00,136 [INFO] HTTP Request: GET https://www.googleapis.com/customsearch/v1?key=AIzaSyBZ5p08dd5cR_Q5bMHhaAFuH6kPUO9jxrY&cx=02211d6d3950b4d03&q=H.+Billiot+Fils+Cuvee+Julie+Grand+Cru+Brut%2C+Champagne%2C+France+NV+wine+bottle&searchType=image&num=10&imgSize=large&imgType=photo "HTTP/1.1 403 Forbidden"
2026-06-11 10:05:00,136 [WARNING] Custom Search JSON API returned 403: this GCP project likely has no JSON API entitlement (Google closed JSON API access for new projects; DDG/Bing fallback will be used). See https://developers.google.com/custom-search/v1/overview (Vertex AI Search or a third-party SERP API are alternatives).
2026-06-11 10:05:01,099 [INFO] HTTP Request: GET https://api.search.brave.com/res/v1/images/search?q=H.+Billiot+Fils+Cuvee+Julie+Grand+Cru+Brut%2C+Champagne%2C+France+NV+wine+bottle&count=15&search_lang=en&country=ALL&safesearch=strict&spellcheck=true "HTTP/1.1 200 OK"
2026-06-11 10:05:01,100 [INFO] Brave returned 15 candidates for SKU S004571 (query='H. Billiot Fils Cuvee Julie Grand Cru Brut, Champagne, France NV wine bottle')
2026-06-11 10:05:01,193 [INFO] response: https://www.bing.com/images/async?q=H.+Billiot+Fils+Cuvee+Julie+Grand+Cru+Brut%2C+Champagne%2C+France+NV+wine+bottle&async=1&first=1&count=35 200
2026-06-11 10:05:01,206 [INFO] Bing returned 15 candidates for SKU S004571
2026-06-11 10:05:01,267 [INFO] HTTP Request: POST https://google.serper.dev/images "HTTP/1.1 200 OK"
2026-06-11 10:05:01,285 [INFO] Serper (Google Images) returned 15 candidates for SKU S004571 (query='H. Billiot Fils Cuvee Julie Grand Cru Brut, Champagne, France NV wine bottle')
2026-06-11 10:05:05,846 [INFO] response: https://www.bing.com/images/async?q=H.+Billiot+Fils+Cuvee+Julie+Grand+Cru+Brut%2C+Champagne%2C+France+NV+wine+bottle&async=1&first=1&count=35 200
2026-06-11 10:05:05,854 [INFO] DuckDuckGo returned 15 candidates for SKU S004571
2026-06-11 10:05:05,855 [INFO] SKU S004571 query='H. Billiot Fils Cuvee Julie Grand Cru Brut, Champagne, France NV wine ' — brave=15 google_cse=0 google_images=15 bing=15 ddg=15
2026-06-11 10:05:06,111 [INFO] HTTP Request: GET https://www.googleapis.com/customsearch/v1?key=AIzaSyBZ5p08dd5cR_Q5bMHhaAFuH6kPUO9jxrY&cx=02211d6d3950b4d03&q=H.++wine+bottle&searchType=image&num=10&imgSize=large&imgType=photo "HTTP/1.1 403 Forbidden"
2026-06-11 10:05:06,112 [WARNING] Custom Search JSON API returned 403: this GCP project likely has no JSON API entitlement (Google closed JSON API access for new projects; DDG/Bing fallback will be used). See https://developers.google.com/custom-search/v1/overview (Vertex AI Search or a third-party SERP API are alternatives).
2026-06-11 10:05:06,409 [INFO] HTTP Request: GET https://api.search.brave.com/res/v1/images/search?q=H.++wine+bottle&count=15&search_lang=en&country=ALL&safesearch=strict&spellcheck=true "HTTP/1.1 200 OK"
2026-06-11 10:05:06,410 [INFO] Brave returned 15 candidates for SKU S004571 (query='H.  wine bottle')
2026-06-11 10:05:07,228 [INFO] response: https://www.bing.com/images/async?q=H.++wine+bottle&async=1&first=1&count=35 200
2026-06-11 10:05:07,232 [INFO] Bing returned 15 candidates for SKU S004571
2026-06-11 10:05:07,324 [INFO] HTTP Request: POST https://google.serper.dev/images "HTTP/1.1 200 OK"
2026-06-11 10:05:07,340 [INFO] Serper (Google Images) returned 14 candidates for SKU S004571 (query='H.  wine bottle')
2026-06-11 10:05:11,119 [INFO] response: https://www.bing.com/images/async?q=H.++wine+bottle&async=1&first=1&count=35 200
2026-06-11 10:05:11,127 [INFO] DuckDuckGo returned 15 candidates for SKU S004571
2026-06-11 10:05:11,128 [INFO] SKU S004571 query='H.  wine bottle' — brave=15 google_cse=0 google_images=14 bing=15 ddg=15
2026-06-11 10:05:11,128 [INFO] Merged 80 total candidates for SKU S004571 (all sources, 3 queries)
2026-06-11 10:05:15,435 [INFO] HTTP Request: GET https://www.skurnik.com/wp-content/uploads/1980/06/cuvee-julie-grand-cru-brut-champagne-h-billiot.png "HTTP/1.1 200 OK"
2026-06-11 10:05:16,100 [INFO] SKU S004571 — first downloadable image: https://www.skurnik.com/wp-content/uploads/1980/06/cuvee-julie-grand-cru-brut-champagne-h-
2026-06-11 10:05:16,101 [ERROR]   Error: SQLite objects created in a thread can only be used in that same thread. The object was created in thread id 139320903170944 and this is thread id 139319268337216.
2026-06-11 10:05:16,101 [INFO] [48/141] S004572: H. Billiot Fils Cuvee Laetitia Brut, Champagne, France NV
2026-06-11 10:05:16,286 [INFO] HTTP Request: GET https://www.googleapis.com/customsearch/v1?key=AIzaSyBZ5p08dd5cR_Q5bMHhaAFuH6kPUO9jxrY&cx=02211d6d3950b4d03&q=H.+Billiot+Fils+Cuvee+Laetitia+Brut%2C+Champagne%2C+France+NV&searchType=image&num=10&imgSize=large&imgType=photo "HTTP/1.1 403 Forbidden"
2026-06-11 10:05:16,288 [WARNING] Custom Search JSON API returned 403: this GCP project likely has no JSON API entitlement (Google closed JSON API access for new projects; DDG/Bing fallback will be used). See https://developers.google.com/custom-search/v1/overview (Vertex AI Search or a third-party SERP API are alternatives).
2026-06-11 10:05:16,532 [INFO] response: https://www.bing.com/images/async?q=H.+Billiot+Fils+Cuvee+Laetitia+Brut%2C+Champagne%2C+France+NV&async=1&first=1&count=35 200
2026-06-11 10:05:16,558 [INFO] Bing returned 15 candidates for SKU S004572
2026-06-11 10:05:17,061 [INFO] HTTP Request: GET https://api.search.brave.com/res/v1/images/search?q=H.+Billiot+Fils+Cuvee+Laetitia+Brut%2C+Champagne%2C+France+NV&count=15&search_lang=en&country=ALL&safesearch=strict&spellcheck=true "HTTP/1.1 200 OK"
2026-06-11 10:05:17,066 [INFO] Brave returned 15 candidates for SKU S004572 (query='H. Billiot Fils Cuvee Laetitia Brut, Champagne, France NV')
2026-06-11 10:05:17,469 [INFO] HTTP Request: POST https://google.serper.dev/images "HTTP/1.1 200 OK"
2026-06-11 10:05:17,474 [INFO] Serper (Google Images) returned 15 candidates for SKU S004572 (query='H. Billiot Fils Cuvee Laetitia Brut, Champagne, France NV')
2026-06-11 10:05:21,979 [INFO] response: https://www.bing.com/images/async?q=H.+Billiot+Fils+Cuvee+Laetitia+Brut%2C+Champagne%2C+France+NV&async=1&first=1&count=35 200
2026-06-11 10:05:21,987 [INFO] DuckDuckGo returned 15 candidates for SKU S004572
2026-06-11 10:05:21,987 [INFO] SKU S004572 query='H. Billiot Fils Cuvee Laetitia Brut, Champagne, France NV' — brave=15 google_cse=0 google_images=15 bing=15 ddg=15
2026-06-11 10:05:22,158 [INFO] HTTP Request: GET https://www.googleapis.com/customsearch/v1?key=AIzaSyBZ5p08dd5cR_Q5bMHhaAFuH6kPUO9jxrY&cx=02211d6d3950b4d03&q=H.+Billiot+Fils+Cuvee+Laetitia+Brut%2C+Champagne%2C+France+NV+wine+bottle&searchType=image&num=10&imgSize=large&imgType=photo "HTTP/1.1 403 Forbidden"
2026-06-11 10:05:22,159 [WARNING] Custom Search JSON API returned 403: this GCP project likely has no JSON API entitlement (Google closed JSON API access for new projects; DDG/Bing fallback will be used). See https://developers.google.com/custom-search/v1/overview (Vertex AI Search or a third-party SERP API are alternatives).
2026-06-11 10:05:22,187 [INFO] response: https://www.bing.com/images/async?q=H.+Billiot+Fils+Cuvee+Laetitia+Brut%2C+Champagne%2C+France+NV+wine+bottle&async=1&first=1&count=35 200
2026-06-11 10:05:22,199 [INFO] Bing returned 15 candidates for SKU S004572
2026-06-11 10:05:22,998 [INFO] HTTP Request: GET https://api.search.brave.com/res/v1/images/search?q=H.+Billiot+Fils+Cuvee+Laetitia+Brut%2C+Champagne%2C+France+NV+wine+bottle&count=15&search_lang=en&country=ALL&safesearch=strict&spellcheck=true "HTTP/1.1 200 OK"
2026-06-11 10:05:22,999 [INFO] Brave returned 15 candidates for SKU S004572 (query='H. Billiot Fils Cuvee Laetitia Brut, Champagne, France NV wine bottle')
2026-06-11 10:05:23,816 [INFO] HTTP Request: POST https://google.serper.dev/images "HTTP/1.1 200 OK"
2026-06-11 10:05:23,818 [INFO] Serper (Google Images) returned 15 candidates for SKU S004572 (query='H. Billiot Fils Cuvee Laetitia Brut, Champagne, France NV wine bottle')
2026-06-11 10:05:27,195 [INFO] response: https://www.bing.com/images/async?q=H.+Billiot+Fils+Cuvee+Laetitia+Brut%2C+Champagne%2C+France+NV+wine+bottle&async=1&first=1&count=35 200
2026-06-11 10:05:27,202 [INFO] DuckDuckGo returned 15 candidates for SKU S004572
2026-06-11 10:05:27,203 [INFO] SKU S004572 query='H. Billiot Fils Cuvee Laetitia Brut, Champagne, France NV wine bottle' — brave=15 google_cse=0 google_images=15 bing=15 ddg=15
2026-06-11 10:05:27,788 [INFO] HTTP Request: GET https://www.googleapis.com/customsearch/v1?key=AIzaSyBZ5p08dd5cR_Q5bMHhaAFuH6kPUO9jxrY&cx=02211d6d3950b4d03&q=H.++wine+bottle&searchType=image&num=10&imgSize=large&imgType=photo "HTTP/1.1 403 Forbidden"
2026-06-11 10:05:27,789 [WARNING] Custom Search JSON API returned 403: this GCP project likely has no JSON API entitlement (Google closed JSON API access for new projects; DDG/Bing fallback will be used). See https://developers.google.com/custom-search/v1/overview (Vertex AI Search or a third-party SERP API are alternatives).
2026-06-11 10:05:27,806 [INFO] HTTP Request: GET https://api.search.brave.com/res/v1/images/search?q=H.++wine+bottle&count=15&search_lang=en&country=ALL&safesearch=strict&spellcheck=true "HTTP/1.1 200 OK"
2026-06-11 10:05:27,806 [INFO] Brave returned 15 candidates for SKU S004572 (query='H.  wine bottle')
2026-06-11 10:05:28,132 [INFO] response: https://www.bing.com/images/async?q=H.++wine+bottle&async=1&first=1&count=35 200
2026-06-11 10:05:28,136 [INFO] Bing returned 15 candidates for SKU S004572
2026-06-11 10:05:28,953 [INFO] HTTP Request: POST https://google.serper.dev/images "HTTP/1.1 200 OK"
2026-06-11 10:05:28,954 [INFO] Serper (Google Images) returned 15 candidates for SKU S004572 (query='H.  wine bottle')
2026-06-11 10:05:32,386 [INFO] response: https://www.bing.com/images/async?q=H.++wine+bottle&async=1&first=1&count=35 200
2026-06-11 10:05:32,390 [INFO] DuckDuckGo returned 15 candidates for SKU S004572
2026-06-11 10:05:32,391 [INFO] SKU S004572 query='H.  wine bottle' — brave=15 google_cse=0 google_images=15 bing=15 ddg=15
2026-06-11 10:05:32,391 [INFO] Merged 82 total candidates for SKU S004572 (all sources, 3 queries)
2026-06-11 10:05:33,753 [INFO] HTTP Request: GET https://www.liquorstore-online.com/product_images/p_197880_medium.jpg "HTTP/1.1 200 OK"
2026-06-11 10:05:33,967 [INFO] SKU S004572 — first downloadable image: https://www.liquorstore-online.com/product_images/p_197880_medium.jpg
2026-06-11 10:05:33,967 [ERROR]   Error: SQLite objects created in a thread can only be used in that same thread. The object was created in thread id 139320903170944 and this is thread id 139319268337216.
2026-06-11 10:05:33,967 [INFO] [49/141] S004573: H. Billiot Fils Reserve Grand Cru Brut, Champagne, France NV
2026-06-11 10:05:34,102 [INFO] HTTP Request: GET https://www.googleapis.com/customsearch/v1?key=AIzaSyBZ5p08dd5cR_Q5bMHhaAFuH6kPUO9jxrY&cx=02211d6d3950b4d03&q=H.+Billiot+Fils+Reserve+Grand+Cru+Brut%2C+Champagne%2C+France+NV&searchType=image&num=10&imgSize=large&imgType=photo "HTTP/1.1 403 Forbidden"
2026-06-11 10:05:34,104 [WARNING] Custom Search JSON API returned 403: this GCP project likely has no JSON API entitlement (Google closed JSON API access for new projects; DDG/Bing fallback will be used). See https://developers.google.com/custom-search/v1/overview (Vertex AI Search or a third-party SERP API are alternatives).
2026-06-11 10:05:34,342 [INFO] response: https://www.bing.com/images/async?q=H.+Billiot+Fils+Reserve+Grand+Cru+Brut%2C+Champagne%2C+France+NV&async=1&first=1&count=35 200
2026-06-11 10:05:34,350 [INFO] Bing returned 15 candidates for SKU S004573
2026-06-11 10:05:34,867 [INFO] HTTP Request: GET https://api.search.brave.com/res/v1/images/search?q=H.+Billiot+Fils+Reserve+Grand+Cru+Brut%2C+Champagne%2C+France+NV&count=15&search_lang=en&country=ALL&safesearch=strict&spellcheck=true "HTTP/1.1 200 OK"
2026-06-11 10:05:34,868 [INFO] Brave returned 15 candidates for SKU S004573 (query='H. Billiot Fils Reserve Grand Cru Brut, Champagne, France NV')
2026-06-11 10:05:35,123 [INFO] HTTP Request: POST https://google.serper.dev/images "HTTP/1.1 200 OK"
2026-06-11 10:05:35,127 [INFO] Serper (Google Images) returned 15 candidates for SKU S004573 (query='H. Billiot Fils Reserve Grand Cru Brut, Champagne, France NV')
2026-06-11 10:05:43,973 [INFO] Error in engine duckduckgo: TimeoutException(TimeoutError('error sending request for url (https://duckduckgo.com/?q=H.+Billiot+Fils+Reserve+Grand+Cru+Brut%2C+Champagne%2C+France+NV)', 'https://duckduckgo.com/?q=H.+Billiot+Fils+Reserve+Grand+Cru+Brut%2C+Champagne%2C+France+NV'))
2026-06-11 10:05:44,763 [INFO] response: https://www.bing.com/images/async?q=H.+Billiot+Fils+Reserve+Grand+Cru+Brut%2C+Champagne%2C+France+NV&async=1&first=1&count=35 200
2026-06-11 10:05:44,888 [ERROR] DuckDuckGo image search failed: ('error sending request for url (https://duckduckgo.com/?q=H.+Billiot+Fils+Reserve+Grand+Cru+Brut%2C+Champagne%2C+France+NV)', 'https://duckduckgo.com/?q=H.+Billiot+Fils+Reserve+Grand+Cru+Brut%2C+Champagne%2C+France+NV')
2026-06-11 10:05:44,888 [INFO] SKU S004573 query='H. Billiot Fils Reserve Grand Cru Brut, Champagne, France NV' — brave=15 google_cse=0 google_images=15 bing=15 ddg=0
2026-06-11 10:05:45,133 [INFO] response: https://www.bing.com/images/async?q=H.+Billiot+Fils+Reserve+Grand+Cru+Brut%2C+Champagne%2C+France+NV+wine+bottle&async=1&first=1&count=35 200
2026-06-11 10:05:45,153 [INFO] Bing returned 15 candidates for SKU S004573
2026-06-11 10:05:45,217 [INFO] HTTP Request: GET https://www.googleapis.com/customsearch/v1?key=AIzaSyBZ5p08dd5cR_Q5bMHhaAFuH6kPUO9jxrY&cx=02211d6d3950b4d03&q=H.+Billiot+Fils+Reserve+Grand+Cru+Brut%2C+Champagne%2C+France+NV+wine+bottle&searchType=image&num=10&imgSize=large&imgType=photo "HTTP/1.1 403 Forbidden"
2026-06-11 10:05:45,337 [WARNING] Custom Search JSON API returned 403: this GCP project likely has no JSON API entitlement (Google closed JSON API access for new projects; DDG/Bing fallback will be used). See https://developers.google.com/custom-search/v1/overview (Vertex AI Search or a third-party SERP API are alternatives).
2026-06-11 10:05:45,991 [INFO] HTTP Request: GET https://api.search.brave.com/res/v1/images/search?q=H.+Billiot+Fils+Reserve+Grand+Cru+Brut%2C+Champagne%2C+France+NV+wine+bottle&count=15&search_lang=en&country=ALL&safesearch=strict&spellcheck=true "HTTP/1.1 200 OK"
2026-06-11 10:05:45,992 [INFO] Brave returned 15 candidates for SKU S004573 (query='H. Billiot Fils Reserve Grand Cru Brut, Champagne, France NV wine bottle')
2026-06-11 10:05:46,432 [INFO] HTTP Request: POST https://google.serper.dev/images "HTTP/1.1 200 OK"
2026-06-11 10:05:46,437 [INFO] Serper (Google Images) returned 15 candidates for SKU S004573 (query='H. Billiot Fils Reserve Grand Cru Brut, Champagne, France NV wine bottle')
2026-06-11 10:05:54,895 [INFO] Error in engine duckduckgo: TimeoutException(TimeoutError('error sending request for url (https://duckduckgo.com/?q=H.+Billiot+Fils+Reserve+Grand+Cru+Brut%2C+Champagne%2C+France+NV+wine+bottle)', 'https://duckduckgo.com/?q=H.+Billiot+Fils+Reserve+Grand+Cru+Brut%2C+Champagne%2C+France+NV+wine+bottle'))
2026-06-11 10:05:55,902 [INFO] response: https://www.bing.com/images/async?q=H.+Billiot+Fils+Reserve+Grand+Cru+Brut%2C+Champagne%2C+France+NV+wine+bottle&async=1&first=1&count=35 200
2026-06-11 10:05:55,912 [ERROR] DuckDuckGo image search failed: ('error sending request for url (https://duckduckgo.com/?q=H.+Billiot+Fils+Reserve+Grand+Cru+Brut%2C+Champagne%2C+France+NV+wine+bottle)', 'https://duckduckgo.com/?q=H.+Billiot+Fils+Reserve+Grand+Cru+Brut%2C+Champagne%2C+France+NV+wine+bottle')
2026-06-11 10:05:55,913 [INFO] SKU S004573 query='H. Billiot Fils Reserve Grand Cru Brut, Champagne, France NV wine bott' — brave=15 google_cse=0 google_images=15 bing=15 ddg=0
2026-06-11 10:05:56,083 [INFO] response: https://www.bing.com/images/async?q=H.++wine+bottle&async=1&first=1&count=35 200
2026-06-11 10:05:56,098 [INFO] HTTP Request: GET https://www.googleapis.com/customsearch/v1?key=AIzaSyBZ5p08dd5cR_Q5bMHhaAFuH6kPUO9jxrY&cx=02211d6d3950b4d03&q=H.++wine+bottle&searchType=image&num=10&imgSize=large&imgType=photo "HTTP/1.1 403 Forbidden"
2026-06-11 10:05:56,101 [INFO] Bing returned 15 candidates for SKU S004573
2026-06-11 10:05:56,102 [WARNING] Custom Search JSON API returned 403: this GCP project likely has no JSON API entitlement (Google closed JSON API access for new projects; DDG/Bing fallback will be used). See https://developers.google.com/custom-search/v1/overview (Vertex AI Search or a third-party SERP API are alternatives).
2026-06-11 10:05:56,431 [INFO] HTTP Request: GET https://api.search.brave.com/res/v1/images/search?q=H.++wine+bottle&count=15&search_lang=en&country=ALL&safesearch=strict&spellcheck=true "HTTP/1.1 200 OK"
2026-06-11 10:05:56,432 [INFO] Brave returned 15 candidates for SKU S004573 (query='H.  wine bottle')
2026-06-11 10:05:57,894 [INFO] HTTP Request: POST https://google.serper.dev/images "HTTP/1.1 200 OK"
2026-06-11 10:05:57,895 [INFO] Serper (Google Images) returned 15 candidates for SKU S004573 (query='H.  wine bottle')
2026-06-11 10:06:01,133 [INFO] response: https://www.bing.com/images/async?q=H.++wine+bottle&async=1&first=1&count=35 200
2026-06-11 10:06:01,144 [INFO] DuckDuckGo returned 15 candidates for SKU S004573
2026-06-11 10:06:01,144 [INFO] SKU S004573 query='H.  wine bottle' — brave=15 google_cse=0 google_images=15 bing=15 ddg=15
2026-06-11 10:06:01,144 [INFO] Merged 83 total candidates for SKU S004573 (all sources, 3 queries)
2026-06-11 10:06:01,414 [INFO] HTTP Request: GET https://www.winedispensary.com/cdn/shop/files/H._Billiot_Fils_Reserve_Grand_Cru_Brut_Champagne_France_NV.png?v=1764734754&width=1946 "HTTP/1.1 200 OK"
2026-06-11 10:06:02,220 [INFO] SKU S004573 — first downloadable image: https://www.winedispensary.com/cdn/shop/files/H._Billiot_Fils_Reserve_Grand_Cru_Brut_Champ
2026-06-11 10:06:02,221 [ERROR]   Error: SQLite objects created in a thread can only be used in that same thread. The object was created in thread id 139320903170944 and this is thread id 139319268337216.
2026-06-11 10:06:02,221 [INFO] [50/141] S004574: Marc Hebrart Rose Brut, Champagne, France NV
2026-06-11 10:06:02,478 [INFO] HTTP Request: GET https://www.googleapis.com/customsearch/v1?key=AIzaSyBZ5p08dd5cR_Q5bMHhaAFuH6kPUO9jxrY&cx=02211d6d3950b4d03&q=Marc+Hebrart+Rose+Brut%2C+Champagne%2C+France+NV&searchType=image&num=10&imgSize=large&imgType=photo "HTTP/1.1 403 Forbidden"
2026-06-11 10:06:02,478 [WARNING] Custom Search JSON API returned 403: this GCP project likely has no JSON API entitlement (Google closed JSON API access for new projects; DDG/Bing fallback will be used). See https://developers.google.com/custom-search/v1/overview (Vertex AI Search or a third-party SERP API are alternatives).
2026-06-11 10:06:03,262 [INFO] response: https://www.bing.com/images/async?q=Marc+Hebrart+Rose+Brut%2C+Champagne%2C+France+NV&async=1&first=1&count=35 200
2026-06-11 10:06:03,263 [INFO] HTTP Request: GET https://api.search.brave.com/res/v1/images/search?q=Marc+Hebrart+Rose+Brut%2C+Champagne%2C+France+NV&count=15&search_lang=en&country=ALL&safesearch=strict&spellcheck=true "HTTP/1.1 200 OK"
2026-06-11 10:06:03,265 [INFO] Brave returned 15 candidates for SKU S004574 (query='Marc Hebrart Rose Brut, Champagne, France NV')
2026-06-11 10:06:03,270 [INFO] Bing returned 15 candidates for SKU S004574
2026-06-11 10:06:04,273 [INFO] HTTP Request: POST https://google.serper.dev/images "HTTP/1.1 200 OK"
2026-06-11 10:06:04,275 [INFO] Serper (Google Images) returned 15 candidates for SKU S004574 (query='Marc Hebrart Rose Brut, Champagne, France NV')
2026-06-11 10:06:08,361 [INFO] response: https://www.bing.com/images/async?q=Marc+Hebrart+Rose+Brut%2C+Champagne%2C+France+NV&async=1&first=1&count=35 200
2026-06-11 10:06:08,365 [INFO] DuckDuckGo returned 15 candidates for SKU S004574
2026-06-11 10:06:08,365 [INFO] SKU S004574 query='Marc Hebrart Rose Brut, Champagne, France NV' — brave=15 google_cse=0 google_images=15 bing=15 ddg=15
2026-06-11 10:06:08,562 [INFO] response: https://www.bing.com/images/async?q=Marc+Hebrart+Rose+Brut%2C+Champagne%2C+France+NV+wine+bottle&async=1&first=1&count=35 200
2026-06-11 10:06:08,564 [INFO] Bing returned 1 candidates for SKU S004574
2026-06-11 10:06:08,654 [INFO] HTTP Request: GET https://www.googleapis.com/customsearch/v1?key=AIzaSyBZ5p08dd5cR_Q5bMHhaAFuH6kPUO9jxrY&cx=02211d6d3950b4d03&q=Marc+Hebrart+Rose+Brut%2C+Champagne%2C+France+NV+wine+bottle&searchType=image&num=10&imgSize=large&imgType=photo "HTTP/1.1 403 Forbidden"
2026-06-11 10:06:08,655 [WARNING] Custom Search JSON API returned 403: this GCP project likely has no JSON API entitlement (Google closed JSON API access for new projects; DDG/Bing fallback will be used). See https://developers.google.com/custom-search/v1/overview (Vertex AI Search or a third-party SERP API are alternatives).
2026-06-11 10:06:09,369 [INFO] HTTP Request: GET https://api.search.brave.com/res/v1/images/search?q=Marc+Hebrart+Rose+Brut%2C+Champagne%2C+France+NV+wine+bottle&count=15&search_lang=en&country=ALL&safesearch=strict&spellcheck=true "HTTP/1.1 200 OK"
2026-06-11 10:06:09,374 [INFO] Brave returned 15 candidates for SKU S004574 (query='Marc Hebrart Rose Brut, Champagne, France NV wine bottle')
2026-06-11 10:06:09,909 [INFO] HTTP Request: POST https://google.serper.dev/images "HTTP/1.1 200 OK"
2026-06-11 10:06:09,927 [INFO] Serper (Google Images) returned 15 candidates for SKU S004574 (query='Marc Hebrart Rose Brut, Champagne, France NV wine bottle')
2026-06-11 10:06:13,594 [INFO] response: https://www.bing.com/images/async?q=Marc+Hebrart+Rose+Brut%2C+Champagne%2C+France+NV+wine+bottle&async=1&first=1&count=35 200
2026-06-11 10:06:13,596 [INFO] DuckDuckGo returned 1 candidates for SKU S004574
2026-06-11 10:06:13,596 [INFO] SKU S004574 query='Marc Hebrart Rose Brut, Champagne, France NV wine bottle' — brave=15 google_cse=0 google_images=15 bing=1 ddg=1
2026-06-11 10:06:13,820 [INFO] response: https://www.bing.com/images/async?q=Marc++wine+bottle&async=1&first=1&count=35 200
2026-06-11 10:06:13,821 [INFO] HTTP Request: GET https://www.googleapis.com/customsearch/v1?key=AIzaSyBZ5p08dd5cR_Q5bMHhaAFuH6kPUO9jxrY&cx=02211d6d3950b4d03&q=Marc++wine+bottle&searchType=image&num=10&imgSize=large&imgType=photo "HTTP/1.1 403 Forbidden"
2026-06-11 10:06:13,822 [WARNING] Custom Search JSON API returned 403: this GCP project likely has no JSON API entitlement (Google closed JSON API access for new projects; DDG/Bing fallback will be used). See https://developers.google.com/custom-search/v1/overview (Vertex AI Search or a third-party SERP API are alternatives).
2026-06-11 10:06:13,823 [INFO] Bing returned 1 candidates for SKU S004574
2026-06-11 10:06:14,637 [INFO] HTTP Request: GET https://api.search.brave.com/res/v1/images/search?q=Marc++wine+bottle&count=15&search_lang=en&country=ALL&safesearch=strict&spellcheck=true "HTTP/1.1 200 OK"
2026-06-11 10:06:14,638 [INFO] Brave returned 15 candidates for SKU S004574 (query='Marc  wine bottle')
2026-06-11 10:06:15,327 [INFO] HTTP Request: POST https://google.serper.dev/images "HTTP/1.1 200 OK"
2026-06-11 10:06:15,387 [INFO] Serper (Google Images) returned 15 candidates for SKU S004574 (query='Marc  wine bottle')
2026-06-11 10:06:23,603 [INFO] Error in engine duckduckgo: TimeoutException(TimeoutError('error sending request for url (https://duckduckgo.com/?q=Marc++wine+bottle)', 'https://duckduckgo.com/?q=Marc++wine+bottle'))
2026-06-11 10:06:23,782 [INFO] response: https://www.bing.com/images/async?q=Marc++wine+bottle&async=1&first=1&count=35 200
2026-06-11 10:06:23,784 [ERROR] DuckDuckGo image search failed: ('error sending request for url (https://duckduckgo.com/?q=Marc++wine+bottle)', 'https://duckduckgo.com/?q=Marc++wine+bottle')
2026-06-11 10:06:23,784 [INFO] SKU S004574 query='Marc  wine bottle' — brave=15 google_cse=0 google_images=15 bing=1 ddg=0
2026-06-11 10:06:23,785 [INFO] Merged 104 total candidates for SKU S004574 (all sources, 3 queries)
2026-06-11 10:06:24,283 [INFO] HTTP Request: GET https://www.winedeals.com/media/catalog/product/cache/f8d2cb12a17084a7445beefcce31e97a/m/a/marc_hebrart_brut_rose_nv_750.jpg "HTTP/1.1 403 Forbidden"
2026-06-11 10:06:24,284 [ERROR] Image download failed for https://www.winedeals.com/media/catalog/product/cache/f8d2cb12a17084a7445beefcce31e97a/m/a/marc_hebrart_brut_rose_nv_750.jpg: Client error '403 Forbidden' for url 'https://www.winedeals.com/media/catalog/product/cache/f8d2cb12a17084a7445beefcce31e97a/m/a/marc_hebrart_brut_rose_nv_750.jpg'
For more information check: https://developer.mozilla.org/en-US/docs/Web/HTTP/Status/403
2026-06-11 10:06:24,779 [INFO] HTTP Request: GET https://perrineswine.com/cdn/shop/products/IMG_0050.png?v=1692038551&width=480 "HTTP/1.1 200 OK"
2026-06-11 10:06:24,952 [INFO] SKU S004574 — first downloadable image: https://perrineswine.com/cdn/shop/products/IMG_0050.png?v=1692038551&width=480
2026-06-11 10:06:24,953 [ERROR]   Error: SQLite objects created in a thread can only be used in that same thread. The object was created in thread id 139320903170944 and this is thread id 139319268337216.
2026-06-11 10:06:24,953 [INFO] [51/141] S004575: Marc Hebrart Selection Premier Cru Brut, Champagne, France NV
2026-06-11 10:06:25,120 [INFO] response: https://www.bing.com/images/async?q=Marc+Hebrart+Selection+Premier+Cru+Brut%2C+Champagne%2C+France+NV&async=1&first=1&count=35 200
2026-06-11 10:06:25,129 [INFO] Bing returned 1 candidates for SKU S004575
2026-06-11 10:06:25,162 [INFO] HTTP Request: GET https://www.googleapis.com/customsearch/v1?key=AIzaSyBZ5p08dd5cR_Q5bMHhaAFuH6kPUO9jxrY&cx=02211d6d3950b4d03&q=Marc+Hebrart+Selection+Premier+Cru+Brut%2C+Champagne%2C+France+NV&searchType=image&num=10&imgSize=large&imgType=photo "HTTP/1.1 403 Forbidden"
2026-06-11 10:06:25,164 [WARNING] Custom Search JSON API returned 403: this GCP project likely has no JSON API entitlement (Google closed JSON API access for new projects; DDG/Bing fallback will be used). See https://developers.google.com/custom-search/v1/overview (Vertex AI Search or a third-party SERP API are alternatives).
2026-06-11 10:06:25,892 [INFO] HTTP Request: GET https://api.search.brave.com/res/v1/images/search?q=Marc+Hebrart+Selection+Premier+Cru+Brut%2C+Champagne%2C+France+NV&count=15&search_lang=en&country=ALL&safesearch=strict&spellcheck=true "HTTP/1.1 200 OK"
2026-06-11 10:06:25,906 [INFO] Brave returned 15 candidates for SKU S004575 (query='Marc Hebrart Selection Premier Cru Brut, Champagne, France NV')
2026-06-11 10:06:26,523 [INFO] HTTP Request: POST https://google.serper.dev/images "HTTP/1.1 200 OK"
2026-06-11 10:06:26,548 [INFO] Serper (Google Images) returned 15 candidates for SKU S004575 (query='Marc Hebrart Selection Premier Cru Brut, Champagne, France NV')
2026-06-11 10:06:34,960 [INFO] Error in engine duckduckgo: TimeoutException(TimeoutError('error sending request for url (https://duckduckgo.com/?q=Marc+Hebrart+Selection+Premier+Cru+Brut%2C+Champagne%2C+France+NV)', 'https://duckduckgo.com/?q=Marc+Hebrart+Selection+Premier+Cru+Brut%2C+Champagne%2C+France+NV'))
2026-06-11 10:06:35,103 [INFO] response: https://www.bing.com/images/async?q=Marc+Hebrart+Selection+Premier+Cru+Brut%2C+Champagne%2C+France+NV&async=1&first=1&count=35 200
2026-06-11 10:06:35,105 [ERROR] DuckDuckGo image search failed: ('error sending request for url (https://duckduckgo.com/?q=Marc+Hebrart+Selection+Premier+Cru+Brut%2C+Champagne%2C+France+NV)', 'https://duckduckgo.com/?q=Marc+Hebrart+Selection+Premier+Cru+Brut%2C+Champagne%2C+France+NV')
2026-06-11 10:06:35,105 [INFO] SKU S004575 query='Marc Hebrart Selection Premier Cru Brut, Champagne, France NV' — brave=15 google_cse=0 google_images=15 bing=1 ddg=0
2026-06-11 10:06:35,276 [INFO] response: https://www.bing.com/images/async?q=Marc+Hebrart+Selection+Premier+Cru+Brut%2C+Champagne%2C+France+NV+wine+bottle&async=1&first=1&count=35 200
2026-06-11 10:06:35,279 [INFO] Bing returned 1 candidates for SKU S004575
2026-06-11 10:06:35,289 [INFO] HTTP Request: GET https://www.googleapis.com/customsearch/v1?key=AIzaSyBZ5p08dd5cR_Q5bMHhaAFuH6kPUO9jxrY&cx=02211d6d3950b4d03&q=Marc+Hebrart+Selection+Premier+Cru+Brut%2C+Champagne%2C+France+NV+wine+bottle&searchType=image&num=10&imgSize=large&imgType=photo "HTTP/1.1 403 Forbidden"
2026-06-11 10:06:35,291 [WARNING] Custom Search JSON API returned 403: this GCP project likely has no JSON API entitlement (Google closed JSON API access for new projects; DDG/Bing fallback will be used). See https://developers.google.com/custom-search/v1/overview (Vertex AI Search or a third-party SERP API are alternatives).
2026-06-11 10:06:36,059 [INFO] HTTP Request: GET https://api.search.brave.com/res/v1/images/search?q=Marc+Hebrart+Selection+Premier+Cru+Brut%2C+Champagne%2C+France+NV+wine+bottle&count=15&search_lang=en&country=ALL&safesearch=strict&spellcheck=true "HTTP/1.1 200 OK"
2026-06-11 10:06:36,060 [INFO] Brave returned 15 candidates for SKU S004575 (query='Marc Hebrart Selection Premier Cru Brut, Champagne, France NV wine bottle')
2026-06-11 10:06:36,785 [INFO] HTTP Request: POST https://google.serper.dev/images "HTTP/1.1 200 OK"
2026-06-11 10:06:36,803 [INFO] Serper (Google Images) returned 15 candidates for SKU S004575 (query='Marc Hebrart Selection Premier Cru Brut, Champagne, France NV wine bottle')
2026-06-11 10:06:45,113 [INFO] Error in engine duckduckgo: TimeoutException(TimeoutError('error sending request for url (https://duckduckgo.com/?q=Marc+Hebrart+Selection+Premier+Cru+Brut%2C+Champagne%2C+France+NV+wine+bottle)', 'https://duckduckgo.com/?q=Marc+Hebrart+Selection+Premier+Cru+Brut%2C+Champagne%2C+France+NV+wine+bottle'))
2026-06-11 10:06:45,294 [INFO] response: https://www.bing.com/images/async?q=Marc+Hebrart+Selection+Premier+Cru+Brut%2C+Champagne%2C+France+NV+wine+bottle&async=1&first=1&count=35 200
2026-06-11 10:06:45,313 [ERROR] DuckDuckGo image search failed: ('error sending request for url (https://duckduckgo.com/?q=Marc+Hebrart+Selection+Premier+Cru+Brut%2C+Champagne%2C+France+NV+wine+bottle)', 'https://duckduckgo.com/?q=Marc+Hebrart+Selection+Premier+Cru+Brut%2C+Champagne%2C+France+NV+wine+bottle')
2026-06-11 10:06:45,313 [INFO] SKU S004575 query='Marc Hebrart Selection Premier Cru Brut, Champagne, France NV wine bot' — brave=15 google_cse=0 google_images=15 bing=1 ddg=0
2026-06-11 10:06:45,497 [INFO] HTTP Request: GET https://www.googleapis.com/customsearch/v1?key=AIzaSyBZ5p08dd5cR_Q5bMHhaAFuH6kPUO9jxrY&cx=02211d6d3950b4d03&q=Marc++wine+bottle&searchType=image&num=10&imgSize=large&imgType=photo "HTTP/1.1 403 Forbidden"
2026-06-11 10:06:45,498 [WARNING] Custom Search JSON API returned 403: this GCP project likely has no JSON API entitlement (Google closed JSON API access for new projects; DDG/Bing fallback will be used). See https://developers.google.com/custom-search/v1/overview (Vertex AI Search or a third-party SERP API are alternatives).
2026-06-11 10:06:45,944 [INFO] HTTP Request: GET https://api.search.brave.com/res/v1/images/search?q=Marc++wine+bottle&count=15&search_lang=en&country=ALL&safesearch=strict&spellcheck=true "HTTP/1.1 200 OK"
2026-06-11 10:06:45,945 [INFO] Brave returned 15 candidates for SKU S004575 (query='Marc  wine bottle')
2026-06-11 10:06:46,251 [INFO] response: https://www.bing.com/images/async?q=Marc++wine+bottle&async=1&first=1&count=35 200
2026-06-11 10:06:46,253 [INFO] Bing returned 1 candidates for SKU S004575
2026-06-11 10:06:46,995 [INFO] HTTP Request: POST https://google.serper.dev/images "HTTP/1.1 200 OK"
2026-06-11 10:06:46,996 [INFO] Serper (Google Images) returned 15 candidates for SKU S004575 (query='Marc  wine bottle')
2026-06-11 10:06:55,338 [INFO] Error in engine duckduckgo: TimeoutException(TimeoutError('error sending request for url (https://duckduckgo.com/?q=Marc++wine+bottle)', 'https://duckduckgo.com/?q=Marc++wine+bottle'))
2026-06-11 10:06:55,672 [INFO] response: https://www.bing.com/images/async?q=Marc++wine+bottle&async=1&first=1&count=35 200
2026-06-11 10:06:55,673 [ERROR] DuckDuckGo image search failed: ('error sending request for url (https://duckduckgo.com/?q=Marc++wine+bottle)', 'https://duckduckgo.com/?q=Marc++wine+bottle')
2026-06-11 10:06:55,674 [INFO] SKU S004575 query='Marc  wine bottle' — brave=15 google_cse=0 google_images=15 bing=1 ddg=0
2026-06-11 10:06:55,674 [INFO] Merged 76 total candidates for SKU S004575 (all sources, 3 queries)
2026-06-11 10:06:56,872 [INFO] HTTP Request: GET https://images.jjbuckley.com/Vintage/284323/thumb_463x1162_9998-2063576-750.jpg "HTTP/1.1 200 OK"
2026-06-11 10:06:57,142 [INFO] SKU S004575 — first downloadable image: https://images.jjbuckley.com/Vintage/284323/thumb_463x1162_9998-2063576-750.jpg
2026-06-11 10:06:57,143 [ERROR]   Error: SQLite objects created in a thread can only be used in that same thread. The object was created in thread id 139320903170944 and this is thread id 139319268337216.
2026-06-11 10:06:57,143 [INFO] [52/141] S004576: Marc Hebrart Mes Favorites Mareuil, Champagne, France NV
2026-06-11 10:06:57,450 [INFO] HTTP Request: GET https://www.googleapis.com/customsearch/v1?key=AIzaSyBZ5p08dd5cR_Q5bMHhaAFuH6kPUO9jxrY&cx=02211d6d3950b4d03&q=Marc+Hebrart+Mes+Favorites+Mareuil%2C+Champagne%2C+France+NV&searchType=image&num=10&imgSize=large&imgType=photo "HTTP/1.1 403 Forbidden"
2026-06-11 10:06:57,453 [WARNING] Custom Search JSON API returned 403: this GCP project likely has no JSON API entitlement (Google closed JSON API access for new projects; DDG/Bing fallback will be used). See https://developers.google.com/custom-search/v1/overview (Vertex AI Search or a third-party SERP API are alternatives).
2026-06-11 10:06:58,253 [INFO] HTTP Request: GET https://api.search.brave.com/res/v1/images/search?q=Marc+Hebrart+Mes+Favorites+Mareuil%2C+Champagne%2C+France+NV&count=15&search_lang=en&country=ALL&safesearch=strict&spellcheck=true "HTTP/1.1 200 OK"
2026-06-11 10:06:58,255 [INFO] Brave returned 15 candidates for SKU S004576 (query='Marc Hebrart Mes Favorites Mareuil, Champagne, France NV')
2026-06-11 10:06:58,657 [INFO] HTTP Request: POST https://google.serper.dev/images "HTTP/1.1 200 OK"
2026-06-11 10:06:58,659 [INFO] Serper (Google Images) returned 13 candidates for SKU S004576 (query='Marc Hebrart Mes Favorites Mareuil, Champagne, France NV')
2026-06-11 10:06:58,680 [INFO] response: https://www.bing.com/images/async?q=Marc+Hebrart+Mes+Favorites+Mareuil%2C+Champagne%2C+France+NV&async=1&first=1&count=35 200
2026-06-11 10:06:58,692 [INFO] Bing returned 15 candidates for SKU S004576
2026-06-11 10:07:02,430 [INFO] response: https://www.bing.com/images/async?q=Marc+Hebrart+Mes+Favorites+Mareuil%2C+Champagne%2C+France+NV&async=1&first=1&count=35 200
2026-06-11 10:07:02,436 [INFO] DuckDuckGo returned 15 candidates for SKU S004576
2026-06-11 10:07:02,437 [INFO] SKU S004576 query='Marc Hebrart Mes Favorites Mareuil, Champagne, France NV' — brave=15 google_cse=0 google_images=13 bing=15 ddg=15
2026-06-11 10:07:02,669 [INFO] HTTP Request: GET https://www.googleapis.com/customsearch/v1?key=AIzaSyBZ5p08dd5cR_Q5bMHhaAFuH6kPUO9jxrY&cx=02211d6d3950b4d03&q=Marc+Hebrart+Mes+Favorites+Mareuil%2C+Champagne%2C+France+NV+wine+bottle&searchType=image&num=10&imgSize=large&imgType=photo "HTTP/1.1 403 Forbidden"
2026-06-11 10:07:02,670 [WARNING] Custom Search JSON API returned 403: this GCP project likely has no JSON API entitlement (Google closed JSON API access for new projects; DDG/Bing fallback will be used). See https://developers.google.com/custom-search/v1/overview (Vertex AI Search or a third-party SERP API are alternatives).
2026-06-11 10:07:03,454 [INFO] response: https://www.bing.com/images/async?q=Marc+Hebrart+Mes+Favorites+Mareuil%2C+Champagne%2C+France+NV+wine+bottle&async=1&first=1&count=35 200
2026-06-11 10:07:03,459 [INFO] Bing returned 14 candidates for SKU S004576
2026-06-11 10:07:03,469 [INFO] HTTP Request: GET https://api.search.brave.com/res/v1/images/search?q=Marc+Hebrart+Mes+Favorites+Mareuil%2C+Champagne%2C+France+NV+wine+bottle&count=15&search_lang=en&country=ALL&safesearch=strict&spellcheck=true "HTTP/1.1 200 OK"
2026-06-11 10:07:03,470 [INFO] Brave returned 15 candidates for SKU S004576 (query='Marc Hebrart Mes Favorites Mareuil, Champagne, France NV wine bottle')
2026-06-11 10:07:04,281 [INFO] HTTP Request: POST https://google.serper.dev/images "HTTP/1.1 200 OK"
2026-06-11 10:07:04,282 [INFO] Serper (Google Images) returned 14 candidates for SKU S004576 (query='Marc Hebrart Mes Favorites Mareuil, Champagne, France NV wine bottle')
2026-06-11 10:07:12,445 [INFO] Error in engine duckduckgo: TimeoutException(TimeoutError('error sending request for url (https://duckduckgo.com/?q=Marc+Hebrart+Mes+Favorites+Mareuil%2C+Champagne%2C+France+NV+wine+bottle)', 'https://duckduckgo.com/?q=Marc+Hebrart+Mes+Favorites+Mareuil%2C+Champagne%2C+France+NV+wine+bottle'))
2026-06-11 10:07:12,659 [INFO] response: https://www.bing.com/images/async?q=Marc+Hebrart+Mes+Favorites+Mareuil%2C+Champagne%2C+France+NV+wine+bottle&async=1&first=1&count=35 200
2026-06-11 10:07:12,667 [ERROR] DuckDuckGo image search failed: ('error sending request for url (https://duckduckgo.com/?q=Marc+Hebrart+Mes+Favorites+Mareuil%2C+Champagne%2C+France+NV+wine+bottle)', 'https://duckduckgo.com/?q=Marc+Hebrart+Mes+Favorites+Mareuil%2C+Champagne%2C+France+NV+wine+bottle')
2026-06-11 10:07:12,668 [INFO] SKU S004576 query='Marc Hebrart Mes Favorites Mareuil, Champagne, France NV wine bottle' — brave=15 google_cse=0 google_images=14 bing=14 ddg=0
2026-06-11 10:07:12,844 [INFO] response: https://www.bing.com/images/async?q=Marc++wine+bottle&async=1&first=1&count=35 200
2026-06-11 10:07:12,846 [INFO] Bing returned 1 candidates for SKU S004576
2026-06-11 10:07:12,993 [INFO] HTTP Request: GET https://www.googleapis.com/customsearch/v1?key=AIzaSyBZ5p08dd5cR_Q5bMHhaAFuH6kPUO9jxrY&cx=02211d6d3950b4d03&q=Marc++wine+bottle&searchType=image&num=10&imgSize=large&imgType=photo "HTTP/1.1 403 Forbidden"
2026-06-11 10:07:12,995 [WARNING] Custom Search JSON API returned 403: this GCP project likely has no JSON API entitlement (Google closed JSON API access for new projects; DDG/Bing fallback will be used). See https://developers.google.com/custom-search/v1/overview (Vertex AI Search or a third-party SERP API are alternatives).
2026-06-11 10:07:13,200 [INFO] HTTP Request: GET https://api.search.brave.com/res/v1/images/search?q=Marc++wine+bottle&count=15&search_lang=en&country=ALL&safesearch=strict&spellcheck=true "HTTP/1.1 200 OK"
2026-06-11 10:07:13,201 [INFO] Brave returned 15 candidates for SKU S004576 (query='Marc  wine bottle')
2026-06-11 10:07:14,428 [INFO] HTTP Request: POST https://google.serper.dev/images "HTTP/1.1 200 OK"
2026-06-11 10:07:14,429 [INFO] Serper (Google Images) returned 15 candidates for SKU S004576 (query='Marc  wine bottle')
2026-06-11 10:07:22,675 [INFO] Error in engine duckduckgo: TimeoutException(TimeoutError('error sending request for url (https://duckduckgo.com/?q=Marc++wine+bottle)', 'https://duckduckgo.com/?q=Marc++wine+bottle'))
2026-06-11 10:07:22,823 [INFO] response: https://www.bing.com/images/async?q=Marc++wine+bottle&async=1&first=1&count=35 200
2026-06-11 10:07:22,826 [ERROR] DuckDuckGo image search failed: ('error sending request for url (https://duckduckgo.com/?q=Marc++wine+bottle)', 'https://duckduckgo.com/?q=Marc++wine+bottle')
2026-06-11 10:07:22,826 [INFO] SKU S004576 query='Marc  wine bottle' — brave=15 google_cse=0 google_images=15 bing=1 ddg=0
2026-06-11 10:07:22,826 [INFO] Merged 85 total candidates for SKU S004576 (all sources, 3 queries)
2026-06-11 10:07:24,378 [INFO] HTTP Request: GET https://cdn.shoplightspeed.com/shops/620662/files/29036895/800x1024x1/hebrart-nv-marc-hebrart-mes-favorites-champagne-br.jpg "HTTP/1.1 200 OK"
2026-06-11 10:07:25,089 [INFO] SKU S004576 — first downloadable image: https://cdn.shoplightspeed.com/shops/620662/files/29036895/800x1024x1/hebrart-nv-marc-hebr
2026-06-11 10:07:25,090 [ERROR]   Error: SQLite objects created in a thread can only be used in that same thread. The object was created in thread id 139320903170944 and this is thread id 139319268337216.
2026-06-11 10:07:25,090 [INFO] [53/141] S004579: Chateau des Jaume, Infusion, Cotes du Roussillon Villages, France
2026-06-11 10:07:25,289 [INFO] response: https://www.bing.com/images/async?q=Chateau+des+Jaume%2C+Infusion%2C+Cotes+du+Roussillon+Villages%2C+France+2022&async=1&first=1&count=35 200
2026-06-11 10:07:25,290 [INFO] Bing returned 1 candidates for SKU S004579
2026-06-11 10:07:25,349 [INFO] HTTP Request: GET https://www.googleapis.com/customsearch/v1?key=AIzaSyBZ5p08dd5cR_Q5bMHhaAFuH6kPUO9jxrY&cx=02211d6d3950b4d03&q=Chateau+des+Jaume%2C+Infusion%2C+Cotes+du+Roussillon+Villages%2C+France+2022&searchType=image&num=10&imgSize=large&imgType=photo "HTTP/1.1 403 Forbidden"
2026-06-11 10:07:25,365 [WARNING] Custom Search JSON API returned 403: this GCP project likely has no JSON API entitlement (Google closed JSON API access for new projects; DDG/Bing fallback will be used). See https://developers.google.com/custom-search/v1/overview (Vertex AI Search or a third-party SERP API are alternatives).
2026-06-11 10:07:26,095 [INFO] HTTP Request: GET https://api.search.brave.com/res/v1/images/search?q=Chateau+des+Jaume%2C+Infusion%2C+Cotes+du+Roussillon+Villages%2C+France+2022&count=15&search_lang=en&country=ALL&safesearch=strict&spellcheck=true "HTTP/1.1 200 OK"
2026-06-11 10:07:26,096 [INFO] Brave returned 15 candidates for SKU S004579 (query='Chateau des Jaume, Infusion, Cotes du Roussillon Villages, France 2022')
2026-06-11 10:07:26,715 [INFO] HTTP Request: POST https://google.serper.dev/images "HTTP/1.1 200 OK"
2026-06-11 10:07:26,716 [INFO] Serper (Google Images) returned 14 candidates for SKU S004579 (query='Chateau des Jaume, Infusion, Cotes du Roussillon Villages, France 2022')
2026-06-11 10:07:30,640 [INFO] response: https://www.bing.com/images/async?q=Chateau+des+Jaume%2C+Infusion%2C+Cotes+du+Roussillon+Villages%2C+France+2022&async=1&first=1&count=35 200
2026-06-11 10:07:30,641 [INFO] DuckDuckGo returned 1 candidates for SKU S004579
2026-06-11 10:07:30,642 [INFO] SKU S004579 query='Chateau des Jaume, Infusion, Cotes du Roussillon Villages, France 2022' — brave=15 google_cse=0 google_images=14 bing=1 ddg=1
2026-06-11 10:07:30,816 [INFO] HTTP Request: GET https://www.googleapis.com/customsearch/v1?key=AIzaSyBZ5p08dd5cR_Q5bMHhaAFuH6kPUO9jxrY&cx=02211d6d3950b4d03&q=Chateau+des+Jaume%2C+Infusion%2C+Cotes+du+Roussillon+Villages%2C+France+2022+wine+bottle&searchType=image&num=10&imgSize=large&imgType=photo "HTTP/1.1 403 Forbidden"
2026-06-11 10:07:30,818 [WARNING] Custom Search JSON API returned 403: this GCP project likely has no JSON API entitlement (Google closed JSON API access for new projects; DDG/Bing fallback will be used). See https://developers.google.com/custom-search/v1/overview (Vertex AI Search or a third-party SERP API are alternatives).
2026-06-11 10:07:30,845 [INFO] response: https://www.bing.com/images/async?q=Chateau+des+Jaume%2C+Infusion%2C+Cotes+du+Roussillon+Villages%2C+France+2022+wine+bottle&async=1&first=1&count=35 200
2026-06-11 10:07:30,847 [INFO] Bing returned 1 candidates for SKU S004579
2026-06-11 10:07:31,767 [INFO] HTTP Request: GET https://api.search.brave.com/res/v1/images/search?q=Chateau+des+Jaume%2C+Infusion%2C+Cotes+du+Roussillon+Villages%2C+France+2022+wine+bottle&count=15&search_lang=en&country=ALL&safesearch=strict&spellcheck=true "HTTP/1.1 200 OK"
2026-06-11 10:07:31,768 [INFO] Brave returned 15 candidates for SKU S004579 (query='Chateau des Jaume, Infusion, Cotes du Roussillon Villages, France 2022 wine bott')
2026-06-11 10:07:32,026 [INFO] HTTP Request: POST https://google.serper.dev/images "HTTP/1.1 200 OK"
2026-06-11 10:07:32,027 [INFO] Serper (Google Images) returned 14 candidates for SKU S004579 (query='Chateau des Jaume, Infusion, Cotes du Roussillon Villages, France 2022 wine bott')
