/home/gitanjali/.pyenv/versions/3.10.14/lib/python3.10/site-packages/google/api_core/_python_version_support.py:273: FutureWarning: You are using a Python version (3.10.14) which Google will stop supporting in new releases of google.api_core once it reaches its end of life (2026-10-04). Please upgrade to the latest Python version, or at least Python 3.11, to continue receiving updates for google.api_core past that date.
  warnings.warn(message, FutureWarning)
/home/gitanjali/.pyenv/versions/3.10.14/lib/python3.10/site-packages/google/api_core/_python_version_support.py:273: FutureWarning: You are using a Python version (3.10.14) which Google will stop supporting in new releases of google.cloud.vision_v1 once it reaches its end of life (2026-10-04). Please upgrade to the latest Python version, or at least Python 3.11, to continue receiving updates for google.cloud.vision_v1 past that date.
  warnings.warn(message, FutureWarning)
2026-06-11 16:20:36,328 [INFO] CORRECTED highlights: 61 orange (wrong), 10 yellow (low quality)
2026-06-11 16:20:36,369 [INFO] Missing after S004725: 7 SKUs (S004734, S004741, S004749, S004752, S004753, S004762, S004763)
2026-06-11 16:20:36,472 [INFO] The user provided project/location will take precedence over the Vertex AI API key from the environment variable.
2026-06-11 16:20:36,633 [INFO] The user provided project/location will take precedence over the Vertex AI API key from the environment variable.
2026-06-11 16:20:36,808 [INFO] === ORANGE: re-running 61 SKUs ===
2026-06-11 16:20:36,808 [INFO] [1/61] S004486: Atlas Swift Shelter Malbec, South Africa
2026-06-11 16:20:37,340 [INFO] HTTP Request: POST https://google.serper.dev/images "HTTP/1.1 400 Bad Request"
2026-06-11 16:20:37,341 [ERROR] Vivino (Serper) search failed for SKU S004486: Client error '400 Bad Request' for url 'https://google.serper.dev/images'
For more information check: https://developer.mozilla.org/en-US/docs/Web/HTTP/Status/400
2026-06-11 16:20:37,865 [INFO] HTTP Request: POST https://google.serper.dev/images "HTTP/1.1 400 Bad Request"
2026-06-11 16:20:37,867 [ERROR] Vivino (Serper) search failed for SKU S004486: Client error '400 Bad Request' for url 'https://google.serper.dev/images'
For more information check: https://developer.mozilla.org/en-US/docs/Web/HTTP/Status/400
2026-06-11 16:20:38,862 [INFO] HTTP Request: POST https://google.serper.dev/images "HTTP/1.1 400 Bad Request"
2026-06-11 16:20:38,864 [ERROR] Vivino (Serper) search failed for SKU S004486: Client error '400 Bad Request' for url 'https://google.serper.dev/images'
For more information check: https://developer.mozilla.org/en-US/docs/Web/HTTP/Status/400
2026-06-11 16:20:39,870 [INFO] HTTP Request: POST https://google.serper.dev/images "HTTP/1.1 400 Bad Request"
2026-06-11 16:20:39,871 [ERROR] Vivino (Serper) search failed for SKU S004486: Client error '400 Bad Request' for url 'https://google.serper.dev/images'
For more information check: https://developer.mozilla.org/en-US/docs/Web/HTTP/Status/400
/home/gitanjali/.pyenv/versions/3.10.14/lib/python3.10/site-packages/google/api_core/_python_version_support.py:273: FutureWarning: You are using a Python version (3.10.14) which Google will stop supporting in new releases of google.api_core once it reaches its end of life (2026-10-04). Please upgrade to the latest Python version, or at least Python 3.11, to continue receiving updates for google.api_core past that date.
  warnings.warn(message, FutureWarning)
/home/gitanjali/.pyenv/versions/3.10.14/lib/python3.10/site-packages/google/api_core/_python_version_support.py:273: FutureWarning: You are using a Python version (3.10.14) which Google will stop supporting in new releases of google.cloud.vision_v1 once it reaches its end of life (2026-10-04). Please upgrade to the latest Python version, or at least Python 3.11, to continue receiving updates for google.cloud.vision_v1 past that date.
  warnings.warn(message, FutureWarning)
2026-06-11 16:21:45,727 [INFO] CORRECTED highlights: 61 orange (wrong), 10 yellow (low quality)
2026-06-11 16:21:45,769 [INFO] Missing after S004725: 7 SKUs (S004734, S004741, S004749, S004752, S004753, S004762, S004763)
2026-06-11 16:21:45,871 [INFO] The user provided project/location will take precedence over the Vertex AI API key from the environment variable.
2026-06-11 16:21:46,032 [INFO] The user provided project/location will take precedence over the Vertex AI API key from the environment variable.
2026-06-11 16:21:46,202 [INFO] === ORANGE: re-running 61 SKUs ===
2026-06-11 16:21:46,202 [INFO] [1/61] S004486: Atlas Swift Shelter Malbec, South Africa
2026-06-11 16:21:46,726 [INFO] HTTP Request: POST https://google.serper.dev/images "HTTP/1.1 400 Bad Request"
2026-06-11 16:21:46,727 [WARNING] Serper unavailable for Vivino search SKU S004486 — using Brave
2026-06-11 16:21:47,577 [INFO] HTTP Request: GET https://api.search.brave.com/res/v1/images/search?q=Atlas+Swift+Shelter+Malbec%2C+South+Africa+2024+vivino&count=15&search_lang=en&country=ALL&safesearch=strict&spellcheck=true "HTTP/1.1 200 OK"
2026-06-11 16:21:47,579 [INFO] Brave returned 15 candidates for SKU S004486 (query='Atlas Swift Shelter Malbec, South Africa 2024 vivino')
2026-06-11 16:21:47,629 [INFO] HTTP Request: POST https://google.serper.dev/images "HTTP/1.1 400 Bad Request"
2026-06-11 16:21:47,631 [WARNING] Serper unavailable for Vivino search SKU S004486 — using Brave
2026-06-11 16:21:48,209 [INFO] HTTP Request: GET https://api.search.brave.com/res/v1/images/search?q=Atlas+Swift+Shelter+Malbec%2C+South+Africa+2024+wine+bottle+vivino&count=15&search_lang=en&country=ALL&safesearch=strict&spellcheck=true "HTTP/1.1 200 OK"
2026-06-11 16:21:48,210 [INFO] Brave returned 15 candidates for SKU S004486 (query='Atlas Swift Shelter Malbec, South Africa 2024 wine bottle vivino')
2026-06-11 16:21:48,210 [INFO] Vivino (Brave fallback) returned 2 candidates for SKU S004486 (query='Atlas Swift Shelter Malbec, South Africa 2024 wine bottle vivino')
2026-06-11 16:21:48,629 [INFO] HTTP Request: POST https://google.serper.dev/images "HTTP/1.1 400 Bad Request"
2026-06-11 16:21:48,630 [WARNING] Serper unavailable for Vivino search SKU S004486 — using Brave
2026-06-11 16:21:49,292 [INFO] HTTP Request: GET https://api.search.brave.com/res/v1/images/search?q=Atlas+2024+wine+bottle+vivino&count=15&search_lang=en&country=ALL&safesearch=strict&spellcheck=true "HTTP/1.1 200 OK"
2026-06-11 16:21:49,294 [INFO] Brave returned 15 candidates for SKU S004486 (query='Atlas 2024 wine bottle vivino')
2026-06-11 16:21:49,294 [INFO] Vivino (Brave fallback) returned 1 candidates for SKU S004486 (query='Atlas 2024 wine bottle vivino')
2026-06-11 16:21:49,635 [INFO] HTTP Request: POST https://google.serper.dev/images "HTTP/1.1 400 Bad Request"
2026-06-11 16:21:49,636 [WARNING] Serper unavailable for Vivino search SKU S004486 — using Brave
2026-06-11 16:21:49,802 [INFO] HTTP Request: GET https://api.search.brave.com/res/v1/images/search?q=Atlas+Swift+Shelter+Malbec%2C+South+Africa+2024+vivino&count=15&search_lang=en&country=ALL&safesearch=strict&spellcheck=true "HTTP/1.1 200 OK"
2026-06-11 16:21:49,806 [INFO] Brave returned 15 candidates for SKU S004486 (query='Atlas Swift Shelter Malbec, South Africa 2024 vivino')
2026-06-11 16:21:49,895 [INFO] HTTP Request: GET https://www.googleapis.com/customsearch/v1?key=AIzaSyBZ5p08dd5cR_Q5bMHhaAFuH6kPUO9jxrY&cx=02211d6d3950b4d03&q=Atlas+Swift+Shelter+Malbec%2C+South+Africa+2024&searchType=image&num=10&imgSize=large&imgType=photo "HTTP/1.1 403 Forbidden"
2026-06-11 16:21:49,897 [WARNING] Custom Search JSON API returned 403: this GCP project likely has no JSON API entitlement (Google closed JSON API access for new projects; DDG/Bing fallback will be used). See https://developers.google.com/custom-search/v1/overview (Vertex AI Search or a third-party SERP API are alternatives).
2026-06-11 16:21:49,991 [INFO] HTTP Request: GET https://api.search.brave.com/res/v1/images/search?q=Atlas+Swift+Shelter+Malbec%2C+South+Africa+2024&count=15&search_lang=en&country=ALL&safesearch=strict&spellcheck=true "HTTP/1.1 200 OK"
2026-06-11 16:21:49,993 [INFO] Brave returned 15 candidates for SKU S004486 (query='Atlas Swift Shelter Malbec, South Africa 2024')
2026-06-11 16:21:50,130 [INFO] response: https://www.bing.com/images/async?q=Atlas+Swift+Shelter+Malbec%2C+South+Africa+2024&async=1&first=1&count=35 200
2026-06-11 16:21:50,146 [INFO] Bing returned 15 candidates for SKU S004486
2026-06-11 16:21:50,156 [INFO] response: https://duckduckgo.com/?q=Atlas+Swift+Shelter+Malbec%2C+South+Africa+2024 200
2026-06-11 16:21:50,277 [INFO] response: https://duckduckgo.com/i.js?o=json&q=Atlas+Swift+Shelter+Malbec%2C+South+Africa+2024&l=us-en&vqd=4-65258765041569041682211811711677891219&p=1&ct=AT 403
2026-06-11 16:21:50,365 [INFO] response: https://duckduckgo.com/?q=Atlas+Swift+Shelter+Malbec%2C+South+Africa+2024 200
2026-06-11 16:21:50,470 [INFO] response: https://duckduckgo.com/i.js?o=json&q=Atlas+Swift+Shelter+Malbec%2C+South+Africa+2024&l=us-en&vqd=4-65258765041569041682211811711677891219&p=1&ct=AT 403
2026-06-11 16:21:50,635 [INFO] HTTP Request: POST https://google.serper.dev/images "HTTP/1.1 400 Bad Request"
2026-06-11 16:21:50,636 [ERROR] Serper HTTP error: Client error '400 Bad Request' for url 'https://google.serper.dev/images'
For more information check: https://developer.mozilla.org/en-US/docs/Web/HTTP/Status/400
2026-06-11 16:21:50,702 [INFO] response: https://www.bing.com/images/async?q=Atlas+Swift+Shelter+Malbec%2C+South+Africa+2024&async=1&first=1&count=35 200
2026-06-11 16:21:50,712 [INFO] DuckDuckGo returned 15 candidates for SKU S004486
2026-06-11 16:21:50,713 [INFO] SKU S004486 query='Atlas Swift Shelter Malbec, South Africa 2024' — brave=15 google_cse=0 google_images=0 bing=15 ddg=15
2026-06-11 16:21:51,640 [INFO] HTTP Request: POST https://google.serper.dev/images "HTTP/1.1 400 Bad Request"
2026-06-11 16:21:51,641 [WARNING] Serper unavailable for Vivino search SKU S004486 — using Brave
2026-06-11 16:21:51,804 [INFO] HTTP Request: GET https://api.search.brave.com/res/v1/images/search?q=Atlas+Swift+Shelter+Malbec%2C+South+Africa+2024+wine+bottle+vivino&count=15&search_lang=en&country=ALL&safesearch=strict&spellcheck=true "HTTP/1.1 200 OK"
2026-06-11 16:21:51,805 [INFO] Brave returned 15 candidates for SKU S004486 (query='Atlas Swift Shelter Malbec, South Africa 2024 wine bottle vivino')
2026-06-11 16:21:51,805 [INFO] Vivino (Brave fallback) returned 2 candidates for SKU S004486 (query='Atlas Swift Shelter Malbec, South Africa 2024 wine bottle vivino')
2026-06-11 16:21:51,833 [INFO] HTTP Request: GET https://www.googleapis.com/customsearch/v1?key=AIzaSyBZ5p08dd5cR_Q5bMHhaAFuH6kPUO9jxrY&cx=02211d6d3950b4d03&q=Atlas+Swift+Shelter+Malbec%2C+South+Africa+2024+wine+bottle&searchType=image&num=10&imgSize=large&imgType=photo "HTTP/1.1 403 Forbidden"
2026-06-11 16:21:51,835 [WARNING] Custom Search JSON API returned 403: this GCP project likely has no JSON API entitlement (Google closed JSON API access for new projects; DDG/Bing fallback will be used). See https://developers.google.com/custom-search/v1/overview (Vertex AI Search or a third-party SERP API are alternatives).
2026-06-11 16:21:51,943 [INFO] response: https://duckduckgo.com/?q=Atlas+Swift+Shelter+Malbec%2C+South+Africa+2024+wine+bottle 200
2026-06-11 16:21:51,970 [INFO] HTTP Request: GET https://api.search.brave.com/res/v1/images/search?q=Atlas+Swift+Shelter+Malbec%2C+South+Africa+2024+wine+bottle&count=15&search_lang=en&country=ALL&safesearch=strict&spellcheck=true "HTTP/1.1 200 OK"
2026-06-11 16:21:51,972 [INFO] Brave returned 15 candidates for SKU S004486 (query='Atlas Swift Shelter Malbec, South Africa 2024 wine bottle')
2026-06-11 16:21:52,047 [INFO] response: https://duckduckgo.com/i.js?o=json&q=Atlas+Swift+Shelter+Malbec%2C+South+Africa+2024+wine+bottle&l=us-en&vqd=4-91294229705459645120471283893963139263&p=1&ct=AT 403
2026-06-11 16:21:52,072 [INFO] response: https://www.bing.com/images/async?q=Atlas+Swift+Shelter+Malbec%2C+South+Africa+2024+wine+bottle&async=1&first=1&count=35 200
2026-06-11 16:21:52,088 [INFO] Bing returned 15 candidates for SKU S004486
2026-06-11 16:21:52,137 [INFO] response: https://duckduckgo.com/?q=Atlas+Swift+Shelter+Malbec%2C+South+Africa+2024+wine+bottle 200
2026-06-11 16:21:52,240 [INFO] response: https://duckduckgo.com/i.js?o=json&q=Atlas+Swift+Shelter+Malbec%2C+South+Africa+2024+wine+bottle&l=us-en&vqd=4-91294229705459645120471283893963139263&p=1&ct=AT 403
2026-06-11 16:21:52,462 [INFO] response: https://www.bing.com/images/async?q=Atlas+Swift+Shelter+Malbec%2C+South+Africa+2024+wine+bottle&async=1&first=1&count=35 200
2026-06-11 16:21:52,467 [INFO] DuckDuckGo returned 15 candidates for SKU S004486
2026-06-11 16:21:52,637 [INFO] HTTP Request: POST https://google.serper.dev/images "HTTP/1.1 400 Bad Request"
2026-06-11 16:21:52,639 [ERROR] Serper HTTP error: Client error '400 Bad Request' for url 'https://google.serper.dev/images'
For more information check: https://developer.mozilla.org/en-US/docs/Web/HTTP/Status/400
2026-06-11 16:21:52,639 [INFO] SKU S004486 query='Atlas Swift Shelter Malbec, South Africa 2024 wine bottle' — brave=15 google_cse=0 google_images=0 bing=15 ddg=15
2026-06-11 16:21:53,644 [INFO] HTTP Request: POST https://google.serper.dev/images "HTTP/1.1 400 Bad Request"
2026-06-11 16:21:53,645 [WARNING] Serper unavailable for Vivino search SKU S004486 — using Brave
2026-06-11 16:21:53,808 [INFO] HTTP Request: GET https://api.search.brave.com/res/v1/images/search?q=Atlas+2024+wine+bottle+vivino&count=15&search_lang=en&country=ALL&safesearch=strict&spellcheck=true "HTTP/1.1 200 OK"
2026-06-11 16:21:53,809 [INFO] Brave returned 15 candidates for SKU S004486 (query='Atlas 2024 wine bottle vivino')
2026-06-11 16:21:53,809 [INFO] Vivino (Brave fallback) returned 1 candidates for SKU S004486 (query='Atlas 2024 wine bottle vivino')
2026-06-11 16:21:53,845 [INFO] HTTP Request: GET https://www.googleapis.com/customsearch/v1?key=AIzaSyBZ5p08dd5cR_Q5bMHhaAFuH6kPUO9jxrY&cx=02211d6d3950b4d03&q=Atlas+2024+wine+bottle&searchType=image&num=10&imgSize=large&imgType=photo "HTTP/1.1 403 Forbidden"
2026-06-11 16:21:53,847 [WARNING] Custom Search JSON API returned 403: this GCP project likely has no JSON API entitlement (Google closed JSON API access for new projects; DDG/Bing fallback will be used). See https://developers.google.com/custom-search/v1/overview (Vertex AI Search or a third-party SERP API are alternatives).
2026-06-11 16:21:53,951 [INFO] response: https://duckduckgo.com/?q=Atlas+2024+wine+bottle 200
2026-06-11 16:21:53,974 [INFO] HTTP Request: GET https://api.search.brave.com/res/v1/images/search?q=Atlas+2024+wine+bottle&count=15&search_lang=en&country=ALL&safesearch=strict&spellcheck=true "HTTP/1.1 200 OK"
2026-06-11 16:21:53,976 [INFO] Brave returned 15 candidates for SKU S004486 (query='Atlas 2024 wine bottle')
2026-06-11 16:21:54,053 [INFO] response: https://duckduckgo.com/i.js?o=json&q=Atlas+2024+wine+bottle&l=us-en&vqd=4-221679634500269729888689094745644222840&p=1&ct=AT 403
2026-06-11 16:21:54,315 [INFO] response: https://www.bing.com/images/async?q=Atlas+2024+wine+bottle&async=1&first=1&count=35 200
2026-06-11 16:21:54,344 [INFO] DuckDuckGo returned 15 candidates for SKU S004486
2026-06-11 16:21:54,356 [INFO] response: https://www.bing.com/images/async?q=Atlas+2024+wine+bottle&async=1&first=1&count=35 200
2026-06-11 16:21:54,373 [INFO] Bing returned 15 candidates for SKU S004486
2026-06-11 16:21:54,659 [INFO] HTTP Request: POST https://google.serper.dev/images "HTTP/1.1 400 Bad Request"
2026-06-11 16:21:54,661 [ERROR] Serper HTTP error: Client error '400 Bad Request' for url 'https://google.serper.dev/images'
For more information check: https://developer.mozilla.org/en-US/docs/Web/HTTP/Status/400
2026-06-11 16:21:54,661 [INFO] SKU S004486 query='Atlas 2024 wine bottle' — brave=15 google_cse=0 google_images=0 bing=15 ddg=15
2026-06-11 16:21:54,661 [INFO] Merged 80 total candidates for SKU S004486 (all sources, 3 queries)
2026-06-11 16:21:55,523 [INFO] HTTP Request: GET https://winematters.nl/wp-content/uploads/2025/01/Newton-Johnson-Family-Vineyards-Chardonnay.webp "HTTP/1.1 200 OK"
2026-06-11 16:21:55,562 [INFO] AFC is enabled with max remote calls: 10.
2026-06-11 16:21:59,372 [INFO] AFC is enabled with max remote calls: 10.
2026-06-11 16:22:03,820 [INFO] HTTP Request: GET https://www.atlasswift.co.za/wp-content/uploads/2024/09/Shelter-Malbec.png "HTTP/1.1 200 OK"
2026-06-11 16:22:03,882 [ERROR] Error processing candidate https://www.atlasswift.co.za/wp-content/uploads/2024/09/Shelter-Malbec.png for SKU S004486: Bottle is cropped — cap or base not fully visible
2026-06-11 16:22:04,725 [INFO] HTTP Request: GET https://winematters.nl/wp-content/uploads/2025/04/Atlas-Swift-Shelter-Malbec-600x695.webp "HTTP/1.1 200 OK"
2026-06-11 16:22:04,750 [ERROR] Error processing candidate https://winematters.nl/wp-content/uploads/2025/04/Atlas-Swift-Shelter-Malbec-600x695.webp for SKU S004486: Bottle is cropped — cap or base not fully visible
2026-06-11 16:22:04,835 [INFO] HTTP Request: GET https://images.vivino.com/thumbs/FIVDKJfaTOmfkX9Dbxl0VA_375x500.jpg "HTTP/1.1 200 OK"
2026-06-11 16:22:04,853 [ERROR] Error processing candidate https://images.vivino.com/thumbs/FIVDKJfaTOmfkX9Dbxl0VA_375x500.jpg for SKU S004486: Bottle is cropped — cap or base not fully visible
2026-06-11 16:22:05,502 [INFO] HTTP Request: GET https://winematters.nl/wp-content/uploads/2025/04/Atlas-Swift-Shelter-Malbec-300x300.webp "HTTP/1.1 200 OK"
2026-06-11 16:22:05,510 [ERROR] Error processing candidate https://winematters.nl/wp-content/uploads/2025/04/Atlas-Swift-Shelter-Malbec-300x300.webp for SKU S004486: Bottle is cropped — cap or base not fully visible
2026-06-11 16:22:05,704 [INFO] HTTP Request: GET https://www.atlasswift.co.za/wp-content/uploads/2023/12/Shelter-Chardonnay.png "HTTP/1.1 200 OK"
2026-06-11 16:22:05,783 [ERROR] Error processing candidate https://www.atlasswift.co.za/wp-content/uploads/2023/12/Shelter-Chardonnay.png for SKU S004486: Bottle is cropped — cap or base not fully visible
2026-06-11 16:22:06,451 [INFO] HTTP Request: GET https://winematters.nl/wp-content/uploads/2025/01/Welma-Atlas-Swift-600x836.webp "HTTP/1.1 200 OK"
2026-06-11 16:22:07,083 [ERROR] Error processing candidate https://winematters.nl/wp-content/uploads/2025/01/Welma-Atlas-Swift-600x836.webp for SKU S004486: Bottle is cropped — cap or base not fully visible
2026-06-11 16:22:07,262 [INFO] HTTP Request: GET https://www.atlasswift.co.za/wp-content/uploads/2025/09/Earth2Plate-and-Atlas-Swift_Monthly-Recipes_Chocolate_Cover.jpg "HTTP/1.1 200 OK"
2026-06-11 16:22:07,473 [INFO] AFC is enabled with max remote calls: 10.
2026-06-11 16:22:14,862 [INFO] AFC is enabled with max remote calls: 10.
2026-06-11 16:22:22,905 [INFO] HTTP Request: GET https://winematters.nl/wp-content/uploads/2025/01/Atlas-Swift-sign-600x750.webp "HTTP/1.1 200 OK"
2026-06-11 16:22:23,132 [ERROR] Error processing candidate https://winematters.nl/wp-content/uploads/2025/01/Atlas-Swift-sign-600x750.webp for SKU S004486: Bottle is cropped — cap or base not fully visible
2026-06-11 16:22:23,306 [INFO] HTTP Request: GET https://www.atlasswift.co.za/wp-content/uploads/2025/09/box-red-wine-as-final.png "HTTP/1.1 200 OK"
2026-06-11 16:22:23,493 [ERROR] Error processing candidate https://www.atlasswift.co.za/wp-content/uploads/2025/09/box-red-wine-as-final.png for SKU S004486: Bottle is cropped — cap or base not fully visible
2026-06-11 16:22:23,563 [INFO] HTTP Request: GET https://www.grandcruwijnen.nl/media/catalog/product/cache/8ee2cf06b1c0771a5c6d6e1153b1e880/2/0/2023_Atlas_Swift_Shelter_Tempranillo.png "HTTP/1.1 403 Forbidden"
2026-06-11 16:22:23,564 [ERROR] Image download failed for https://www.grandcruwijnen.nl/media/catalog/product/cache/8ee2cf06b1c0771a5c6d6e1153b1e880/2/0/2023_Atlas_Swift_Shelter_Tempranillo.png: Client error '403 Forbidden' for url 'https://www.grandcruwijnen.nl/media/catalog/product/cache/8ee2cf06b1c0771a5c6d6e1153b1e880/2/0/2023_Atlas_Swift_Shelter_Tempranillo.png'
For more information check: https://developer.mozilla.org/en-US/docs/Web/HTTP/Status/403
2026-06-11 16:22:23,564 [ERROR] Error processing candidate https://www.grandcruwijnen.nl/media/catalog/product/cache/8ee2cf06b1c0771a5c6d6e1153b1e880/2/0/2023_Atlas_Swift_Shelter_Tempranillo.png for SKU S004486: Failed to download image: https://www.grandcruwijnen.nl/media/catalog/product/cache/8ee2cf06b1c0771a5c6d6e1153b1e880/2/0/2023_Atlas_Swift_Shelter_Tempranillo.png
2026-06-11 16:22:25,770 [INFO] HTTP Request: GET https://www.atlasswift.co.za/wp-content/uploads/2024/01/Atlas-Range.png "HTTP/1.1 200 OK"
2026-06-11 16:22:25,867 [ERROR] Error processing candidate https://www.atlasswift.co.za/wp-content/uploads/2024/01/Atlas-Range.png for SKU S004486: Bottle is cropped — cap or base not fully visible
2026-06-11 16:22:25,942 [INFO] HTTP Request: GET https://cdn.webshopapp.com/shops/251819/files/456889107/image.jpg "HTTP/1.1 200 OK"
2026-06-11 16:22:25,968 [ERROR] Error processing candidate https://cdn.webshopapp.com/shops/251819/files/456889107/image.jpg for SKU S004486: Bottle is cropped — cap or base not fully visible
2026-06-11 16:22:26,976 [INFO] HTTP Request: GET https://www.atlasswift.co.za/wp-content/uploads/2025/08/Where-does-Malbec-originate-from.png "HTTP/1.1 200 OK"
2026-06-11 16:22:27,036 [ERROR] Error processing candidate https://www.atlasswift.co.za/wp-content/uploads/2025/08/Where-does-Malbec-originate-from.png for SKU S004486: Bottle is cropped — cap or base not fully visible
2026-06-11 16:22:27,105 [INFO] HTTP Request: GET https://www.grandcruwijnen.nl/media/catalog/product/cache/8ee2cf06b1c0771a5c6d6e1153b1e880/2/0/2022_Altlas_Swift_Shelter_Chardonnay.png "HTTP/1.1 403 Forbidden"
2026-06-11 16:22:27,106 [ERROR] Image download failed for https://www.grandcruwijnen.nl/media/catalog/product/cache/8ee2cf06b1c0771a5c6d6e1153b1e880/2/0/2022_Altlas_Swift_Shelter_Chardonnay.png: Client error '403 Forbidden' for url 'https://www.grandcruwijnen.nl/media/catalog/product/cache/8ee2cf06b1c0771a5c6d6e1153b1e880/2/0/2022_Altlas_Swift_Shelter_Chardonnay.png'
For more information check: https://developer.mozilla.org/en-US/docs/Web/HTTP/Status/403
2026-06-11 16:22:27,106 [ERROR] Error processing candidate https://www.grandcruwijnen.nl/media/catalog/product/cache/8ee2cf06b1c0771a5c6d6e1153b1e880/2/0/2022_Altlas_Swift_Shelter_Chardonnay.png for SKU S004486: Failed to download image: https://www.grandcruwijnen.nl/media/catalog/product/cache/8ee2cf06b1c0771a5c6d6e1153b1e880/2/0/2022_Altlas_Swift_Shelter_Chardonnay.png
2026-06-11 16:22:27,108 [INFO]   ✓ S004486 confidence=0% producer=0% vintage=0%
2026-06-11 16:22:27,108 [INFO] [2/61] S004487: Atlas Swift Shelter Chardonnay, South Africa
2026-06-11 16:22:27,199 [INFO] HTTP Request: POST https://google.serper.dev/images "HTTP/1.1 400 Bad Request"
2026-06-11 16:22:27,201 [WARNING] Serper unavailable for Vivino search SKU S004487 — using Brave
2026-06-11 16:22:28,091 [INFO] HTTP Request: GET https://api.search.brave.com/res/v1/images/search?q=Atlas+Swift+Shelter+Chardonnay%2C+South+Africa+2023+vivino&count=15&search_lang=en&country=ALL&safesearch=strict&spellcheck=true "HTTP/1.1 200 OK"
2026-06-11 16:22:28,096 [INFO] Brave returned 15 candidates for SKU S004487 (query='Atlas Swift Shelter Chardonnay, South Africa 2023 vivino')
2026-06-11 16:22:28,097 [INFO] Vivino (Brave fallback) returned 1 candidates for SKU S004487 (query='Atlas Swift Shelter Chardonnay, South Africa 2023 vivino')
2026-06-11 16:22:28,163 [INFO] HTTP Request: POST https://google.serper.dev/images "HTTP/1.1 400 Bad Request"
2026-06-11 16:22:28,165 [WARNING] Serper unavailable for Vivino search SKU S004487 — using Brave
2026-06-11 16:22:28,765 [INFO] HTTP Request: GET https://api.search.brave.com/res/v1/images/search?q=Atlas+Swift+Shelter+Chardonnay%2C+South+Africa+2023+wine+bottle+vivino&count=15&search_lang=en&country=ALL&safesearch=strict&spellcheck=true "HTTP/1.1 200 OK"
2026-06-11 16:22:28,767 [INFO] Brave returned 15 candidates for SKU S004487 (query='Atlas Swift Shelter Chardonnay, South Africa 2023 wine bottle vivino')
2026-06-11 16:22:28,767 [INFO] Vivino (Brave fallback) returned 1 candidates for SKU S004487 (query='Atlas Swift Shelter Chardonnay, South Africa 2023 wine bottle vivino')
2026-06-11 16:22:29,164 [INFO] HTTP Request: POST https://google.serper.dev/images "HTTP/1.1 400 Bad Request"
2026-06-11 16:22:29,164 [WARNING] Serper unavailable for Vivino search SKU S004487 — using Brave
2026-06-11 16:22:29,814 [INFO] HTTP Request: GET https://api.search.brave.com/res/v1/images/search?q=Atlas+2023+wine+bottle+vivino&count=15&search_lang=en&country=ALL&safesearch=strict&spellcheck=true "HTTP/1.1 200 OK"
2026-06-11 16:22:29,816 [INFO] Brave returned 15 candidates for SKU S004487 (query='Atlas 2023 wine bottle vivino')
2026-06-11 16:22:30,167 [INFO] HTTP Request: POST https://google.serper.dev/images "HTTP/1.1 400 Bad Request"
2026-06-11 16:22:30,168 [WARNING] Serper unavailable for Vivino search SKU S004487 — using Brave
2026-06-11 16:22:30,333 [INFO] HTTP Request: GET https://api.search.brave.com/res/v1/images/search?q=Atlas+Swift+Shelter+Chardonnay%2C+South+Africa+2023+vivino&count=15&search_lang=en&country=ALL&safesearch=strict&spellcheck=true "HTTP/1.1 200 OK"
2026-06-11 16:22:30,335 [INFO] Brave returned 15 candidates for SKU S004487 (query='Atlas Swift Shelter Chardonnay, South Africa 2023 vivino')
2026-06-11 16:22:30,335 [INFO] Vivino (Brave fallback) returned 1 candidates for SKU S004487 (query='Atlas Swift Shelter Chardonnay, South Africa 2023 vivino')
2026-06-11 16:22:30,407 [INFO] HTTP Request: GET https://www.googleapis.com/customsearch/v1?key=AIzaSyBZ5p08dd5cR_Q5bMHhaAFuH6kPUO9jxrY&cx=02211d6d3950b4d03&q=Atlas+Swift+Shelter+Chardonnay%2C+South+Africa+2023&searchType=image&num=10&imgSize=large&imgType=photo "HTTP/1.1 403 Forbidden"
2026-06-11 16:22:30,409 [WARNING] Custom Search JSON API returned 403: this GCP project likely has no JSON API entitlement (Google closed JSON API access for new projects; DDG/Bing fallback will be used). See https://developers.google.com/custom-search/v1/overview (Vertex AI Search or a third-party SERP API are alternatives).
2026-06-11 16:22:30,506 [INFO] HTTP Request: GET https://api.search.brave.com/res/v1/images/search?q=Atlas+Swift+Shelter+Chardonnay%2C+South+Africa+2023&count=15&search_lang=en&country=ALL&safesearch=strict&spellcheck=true "HTTP/1.1 200 OK"
2026-06-11 16:22:30,508 [INFO] Brave returned 15 candidates for SKU S004487 (query='Atlas Swift Shelter Chardonnay, South Africa 2023')
2026-06-11 16:22:30,603 [INFO] response: https://www.bing.com/images/async?q=Atlas+Swift+Shelter+Chardonnay%2C+South+Africa+2023&async=1&first=1&count=35 200
2026-06-11 16:22:30,614 [INFO] Bing returned 15 candidates for SKU S004487
2026-06-11 16:22:30,699 [INFO] response: https://duckduckgo.com/?q=Atlas+Swift+Shelter+Chardonnay%2C+South+Africa+2023 200
2026-06-11 16:22:30,844 [INFO] response: https://duckduckgo.com/i.js?o=json&q=Atlas+Swift+Shelter+Chardonnay%2C+South+Africa+2023&l=us-en&vqd=4-187287356580794822882773978711779045946&p=1&ct=AT 403
2026-06-11 16:22:30,942 [INFO] response: https://duckduckgo.com/?q=Atlas+Swift+Shelter+Chardonnay%2C+South+Africa+2023 200
2026-06-11 16:22:31,058 [INFO] response: https://duckduckgo.com/i.js?o=json&q=Atlas+Swift+Shelter+Chardonnay%2C+South+Africa+2023&l=us-en&vqd=4-187287356580794822882773978711779045946&p=1&ct=AT 403
2026-06-11 16:22:31,163 [INFO] HTTP Request: POST https://google.serper.dev/images "HTTP/1.1 400 Bad Request"
2026-06-11 16:22:31,165 [ERROR] Serper HTTP error: Client error '400 Bad Request' for url 'https://google.serper.dev/images'
For more information check: https://developer.mozilla.org/en-US/docs/Web/HTTP/Status/400
2026-06-11 16:22:31,409 [INFO] response: https://www.bing.com/images/async?q=Atlas+Swift+Shelter+Chardonnay%2C+South+Africa+2023&async=1&first=1&count=35 200
2026-06-11 16:22:31,426 [INFO] DuckDuckGo returned 15 candidates for SKU S004487
2026-06-11 16:22:31,426 [INFO] SKU S004487 query='Atlas Swift Shelter Chardonnay, South Africa 2023' — brave=15 google_cse=0 google_images=0 bing=15 ddg=15
2026-06-11 16:22:32,169 [INFO] HTTP Request: POST https://google.serper.dev/images "HTTP/1.1 400 Bad Request"
2026-06-11 16:22:32,169 [WARNING] Serper unavailable for Vivino search SKU S004487 — using Brave
2026-06-11 16:22:32,337 [INFO] HTTP Request: GET https://api.search.brave.com/res/v1/images/search?q=Atlas+Swift+Shelter+Chardonnay%2C+South+Africa+2023+wine+bottle+vivino&count=15&search_lang=en&country=ALL&safesearch=strict&spellcheck=true "HTTP/1.1 200 OK"
2026-06-11 16:22:32,338 [INFO] Brave returned 15 candidates for SKU S004487 (query='Atlas Swift Shelter Chardonnay, South Africa 2023 wine bottle vivino')
2026-06-11 16:22:32,338 [INFO] Vivino (Brave fallback) returned 1 candidates for SKU S004487 (query='Atlas Swift Shelter Chardonnay, South Africa 2023 wine bottle vivino')
2026-06-11 16:22:32,375 [INFO] HTTP Request: GET https://www.googleapis.com/customsearch/v1?key=AIzaSyBZ5p08dd5cR_Q5bMHhaAFuH6kPUO9jxrY&cx=02211d6d3950b4d03&q=Atlas+Swift+Shelter+Chardonnay%2C+South+Africa+2023+wine+bottle&searchType=image&num=10&imgSize=large&imgType=photo "HTTP/1.1 403 Forbidden"
2026-06-11 16:22:32,376 [WARNING] Custom Search JSON API returned 403: this GCP project likely has no JSON API entitlement (Google closed JSON API access for new projects; DDG/Bing fallback will be used). See https://developers.google.com/custom-search/v1/overview (Vertex AI Search or a third-party SERP API are alternatives).
2026-06-11 16:22:32,505 [INFO] response: https://duckduckgo.com/?q=Atlas+Swift+Shelter+Chardonnay%2C+South+Africa+2023+wine+bottle 200
2026-06-11 16:22:32,505 [INFO] HTTP Request: GET https://api.search.brave.com/res/v1/images/search?q=Atlas+Swift+Shelter+Chardonnay%2C+South+Africa+2023+wine+bottle&count=15&search_lang=en&country=ALL&safesearch=strict&spellcheck=true "HTTP/1.1 200 OK"
2026-06-11 16:22:32,506 [INFO] Brave returned 15 candidates for SKU S004487 (query='Atlas Swift Shelter Chardonnay, South Africa 2023 wine bottle')
2026-06-11 16:22:32,582 [INFO] response: https://www.bing.com/images/async?q=Atlas+Swift+Shelter+Chardonnay%2C+South+Africa+2023+wine+bottle&async=1&first=1&count=35 200
2026-06-11 16:22:32,590 [INFO] Bing returned 15 candidates for SKU S004487
2026-06-11 16:22:32,621 [INFO] response: https://duckduckgo.com/i.js?o=json&q=Atlas+Swift+Shelter+Chardonnay%2C+South+Africa+2023+wine+bottle&l=us-en&vqd=4-55734021374710443633509065679133317508&p=1&ct=AT 403
2026-06-11 16:22:32,719 [INFO] response: https://duckduckgo.com/?q=Atlas+Swift+Shelter+Chardonnay%2C+South+Africa+2023+wine+bottle 200
2026-06-11 16:22:32,831 [INFO] response: https://duckduckgo.com/i.js?o=json&q=Atlas+Swift+Shelter+Chardonnay%2C+South+Africa+2023+wine+bottle&l=us-en&vqd=4-55734021374710443633509065679133317508&p=1&ct=AT 403
2026-06-11 16:22:33,107 [INFO] response: https://www.bing.com/images/async?q=Atlas+Swift+Shelter+Chardonnay%2C+South+Africa+2023+wine+bottle&async=1&first=1&count=35 200
2026-06-11 16:22:33,118 [INFO] DuckDuckGo returned 15 candidates for SKU S004487
2026-06-11 16:22:33,168 [INFO] HTTP Request: POST https://google.serper.dev/images "HTTP/1.1 400 Bad Request"
2026-06-11 16:22:33,169 [ERROR] Serper HTTP error: Client error '400 Bad Request' for url 'https://google.serper.dev/images'
For more information check: https://developer.mozilla.org/en-US/docs/Web/HTTP/Status/400
2026-06-11 16:22:33,169 [INFO] SKU S004487 query='Atlas Swift Shelter Chardonnay, South Africa 2023 wine bottle' — brave=15 google_cse=0 google_images=0 bing=15 ddg=15
2026-06-11 16:22:34,173 [INFO] HTTP Request: POST https://google.serper.dev/images "HTTP/1.1 400 Bad Request"
2026-06-11 16:22:34,174 [WARNING] Serper unavailable for Vivino search SKU S004487 — using Brave
2026-06-11 16:22:34,338 [INFO] HTTP Request: GET https://api.search.brave.com/res/v1/images/search?q=Atlas+2023+wine+bottle+vivino&count=15&search_lang=en&country=ALL&safesearch=strict&spellcheck=true "HTTP/1.1 200 OK"
2026-06-11 16:22:34,339 [INFO] Brave returned 15 candidates for SKU S004487 (query='Atlas 2023 wine bottle vivino')
2026-06-11 16:22:34,365 [INFO] HTTP Request: GET https://www.googleapis.com/customsearch/v1?key=AIzaSyBZ5p08dd5cR_Q5bMHhaAFuH6kPUO9jxrY&cx=02211d6d3950b4d03&q=Atlas+2023+wine+bottle&searchType=image&num=10&imgSize=large&imgType=photo "HTTP/1.1 403 Forbidden"
2026-06-11 16:22:34,366 [WARNING] Custom Search JSON API returned 403: this GCP project likely has no JSON API entitlement (Google closed JSON API access for new projects; DDG/Bing fallback will be used). See https://developers.google.com/custom-search/v1/overview (Vertex AI Search or a third-party SERP API are alternatives).
2026-06-11 16:22:34,481 [INFO] response: https://duckduckgo.com/?q=Atlas+2023+wine+bottle 200
2026-06-11 16:22:34,506 [INFO] HTTP Request: GET https://api.search.brave.com/res/v1/images/search?q=Atlas+2023+wine+bottle&count=15&search_lang=en&country=ALL&safesearch=strict&spellcheck=true "HTTP/1.1 200 OK"
2026-06-11 16:22:34,507 [INFO] Brave returned 13 candidates for SKU S004487 (query='Atlas 2023 wine bottle')
2026-06-11 16:22:34,576 [INFO] response: https://www.bing.com/images/async?q=Atlas+2023+wine+bottle&async=1&first=1&count=35 200
2026-06-11 16:22:34,586 [INFO] Bing returned 15 candidates for SKU S004487
2026-06-11 16:22:34,592 [INFO] response: https://duckduckgo.com/i.js?o=json&q=Atlas+2023+wine+bottle&l=us-en&vqd=4-173753565007730364292977640516742186394&p=1&ct=AT 403
2026-06-11 16:22:34,688 [INFO] response: https://duckduckgo.com/?q=Atlas+2023+wine+bottle 200
2026-06-11 16:22:34,799 [INFO] response: https://duckduckgo.com/i.js?o=json&q=Atlas+2023+wine+bottle&l=us-en&vqd=4-173753565007730364292977640516742186394&p=1&ct=AT 403
2026-06-11 16:22:35,016 [INFO] response: https://www.bing.com/images/async?q=Atlas+2023+wine+bottle&async=1&first=1&count=35 200
2026-06-11 16:22:35,023 [INFO] DuckDuckGo returned 15 candidates for SKU S004487
2026-06-11 16:22:35,174 [INFO] HTTP Request: POST https://google.serper.dev/images "HTTP/1.1 400 Bad Request"
2026-06-11 16:22:35,174 [ERROR] Serper HTTP error: Client error '400 Bad Request' for url 'https://google.serper.dev/images'
For more information check: https://developer.mozilla.org/en-US/docs/Web/HTTP/Status/400
2026-06-11 16:22:35,174 [INFO] SKU S004487 query='Atlas 2023 wine bottle' — brave=13 google_cse=0 google_images=0 bing=15 ddg=15
2026-06-11 16:22:35,174 [INFO] Merged 73 total candidates for SKU S004487 (all sources, 3 queries)
2026-06-11 16:22:35,299 [INFO] HTTP Request: GET https://images.vivino.com/thumbs/ov_xTZg8T-y8Oi0570RdQg_pb_x960.png "HTTP/1.1 200 OK"
2026-06-11 16:22:35,337 [INFO] AFC is enabled with max remote calls: 10.
2026-06-11 16:22:38,362 [INFO] AFC is enabled with max remote calls: 10.
2026-06-11 16:22:43,686 [INFO] HTTP Request: GET https://www.atlasswift.co.za/wp-content/uploads/2023/12/Shelter-Chardonnay-2023-300x348.png "HTTP/1.1 200 OK"
2026-06-11 16:22:43,696 [ERROR] Error processing candidate https://www.atlasswift.co.za/wp-content/uploads/2023/12/Shelter-Chardonnay-2023-300x348.png for SKU S004487: Bottle is cropped — cap or base not fully visible
2026-06-11 16:22:44,187 [INFO] HTTP Request: GET https://www.atlasswift.co.za/wp-content/uploads/2023/12/Shelter-Chardonnay-2023.png "HTTP/1.1 200 OK"
2026-06-11 16:22:44,296 [ERROR] Error processing candidate https://www.atlasswift.co.za/wp-content/uploads/2023/12/Shelter-Chardonnay-2023.png for SKU S004487: Bottle is cropped — cap or base not fully visible
2026-06-11 16:22:44,636 [INFO] HTTP Request: GET https://crushedwines.com/cdn/shop/products/AtlasSwiftShelter-Still.jpg?v=1673416825 "HTTP/1.1 404 Not Found"
2026-06-11 16:22:44,639 [ERROR] Image download failed for https://crushedwines.com/cdn/shop/products/AtlasSwiftShelter-Still.jpg?v=1673416825: Client error '404 Not Found' for url 'https://crushedwines.com/cdn/shop/products/AtlasSwiftShelter-Still.jpg?v=1673416825'
For more information check: https://developer.mozilla.org/en-US/docs/Web/HTTP/Status/404
2026-06-11 16:22:44,639 [ERROR] Error processing candidate https://crushedwines.com/cdn/shop/products/AtlasSwiftShelter-Still.jpg?v=1673416825 for SKU S004487: Failed to download image: https://crushedwines.com/cdn/shop/products/AtlasSwiftShelter-Still.jpg?v=1673416825
2026-06-11 16:22:44,826 [INFO] HTTP Request: GET https://www.atlasswift.co.za/wp-content/uploads/2023/12/Shelter-Chardonnay.png "HTTP/1.1 200 OK"
2026-06-11 16:22:44,885 [ERROR] Error processing candidate https://www.atlasswift.co.za/wp-content/uploads/2023/12/Shelter-Chardonnay.png for SKU S004487: Bottle is cropped — cap or base not fully visible
2026-06-11 16:22:44,954 [INFO] HTTP Request: GET https://www.grandcruwijnen.nl/media/catalog/product/cache/8ee2cf06b1c0771a5c6d6e1153b1e880/2/0/2023_Atlas_Swift_Shelter_Tempranillo.png "HTTP/1.1 403 Forbidden"
2026-06-11 16:22:44,955 [ERROR] Image download failed for https://www.grandcruwijnen.nl/media/catalog/product/cache/8ee2cf06b1c0771a5c6d6e1153b1e880/2/0/2023_Atlas_Swift_Shelter_Tempranillo.png: Client error '403 Forbidden' for url 'https://www.grandcruwijnen.nl/media/catalog/product/cache/8ee2cf06b1c0771a5c6d6e1153b1e880/2/0/2023_Atlas_Swift_Shelter_Tempranillo.png'
For more information check: https://developer.mozilla.org/en-US/docs/Web/HTTP/Status/403
2026-06-11 16:22:44,955 [ERROR] Error processing candidate https://www.grandcruwijnen.nl/media/catalog/product/cache/8ee2cf06b1c0771a5c6d6e1153b1e880/2/0/2023_Atlas_Swift_Shelter_Tempranillo.png for SKU S004487: Failed to download image: https://www.grandcruwijnen.nl/media/catalog/product/cache/8ee2cf06b1c0771a5c6d6e1153b1e880/2/0/2023_Atlas_Swift_Shelter_Tempranillo.png
2026-06-11 16:22:45,236 [INFO] HTTP Request: GET https://cdn.ct-static.com/labels/f91702a4-3733-43c6-8c37-7da871fb1fdf.jpg "HTTP/1.1 200 OK"
2026-06-11 16:22:45,319 [ERROR] Error processing candidate https://cdn.ct-static.com/labels/f91702a4-3733-43c6-8c37-7da871fb1fdf.jpg for SKU S004487: Bottle is cropped — cap or base not fully visible
2026-06-11 16:22:45,410 [INFO] HTTP Request: GET https://cdn.webshopapp.com/shops/251819/files/456889107/image.jpg "HTTP/1.1 200 OK"
2026-06-11 16:22:45,431 [ERROR] Error processing candidate https://cdn.webshopapp.com/shops/251819/files/456889107/image.jpg for SKU S004487: Bottle is cropped — cap or base not fully visible
2026-06-11 16:22:45,511 [INFO] HTTP Request: GET https://images.vivino.com/thumbs/gl9W8e4FT8WHlRc7MVzS7w_pb_x600.png "HTTP/1.1 200 OK"
2026-06-11 16:22:45,522 [INFO] AFC is enabled with max remote calls: 10.
2026-06-11 16:22:51,563 [INFO] AFC is enabled with max remote calls: 10.
2026-06-11 16:22:56,298 [INFO] HTTP Request: GET https://winematters.nl/wp-content/uploads/2025/04/Atlas-Swift-Shelter-Malbec-600x695.webp "HTTP/1.1 200 OK"
2026-06-11 16:22:56,321 [ERROR] Error processing candidate https://winematters.nl/wp-content/uploads/2025/04/Atlas-Swift-Shelter-Malbec-600x695.webp for SKU S004487: Bottle is cropped — cap or base not fully visible
2026-06-11 16:22:56,393 [INFO] HTTP Request: GET https://images.vivino.com/thumbs/gl9W8e4FT8WHlRc7MVzS7w_pl_375x500.png "HTTP/1.1 200 OK"
2026-06-11 16:22:56,426 [ERROR] Error processing candidate https://images.vivino.com/thumbs/gl9W8e4FT8WHlRc7MVzS7w_pl_375x500.png for SKU S004487: Bottle is cropped — cap or base not fully visible
2026-06-11 16:22:56,590 [INFO] HTTP Request: GET https://www.wine-searcher.com/images/labels/64/58/11576458.jpg?width=288&height=180&fit=bounds&canvas=288,180&format=auto&auto=compress&dpr=1&quality=70 "HTTP/1.1 200 OK"
2026-06-11 16:22:56,600 [ERROR] Error processing candidate https://www.wine-searcher.com/images/labels/64/58/11576458.jpg?width=288&height=180&fit=bounds&canvas=288,180&format=auto&auto=compress&dpr=1&quality=70 for SKU S004487: Bottle is cropped — cap or base not fully visible
2026-06-11 16:22:57,500 [INFO] HTTP Request: GET https://www.atlasswift.co.za/wp-content/uploads/2024/06/Atlas-Swift_Instagram-Branded-scaled.jpg "HTTP/1.1 200 OK"
2026-06-11 16:22:57,896 [ERROR] Error processing candidate https://www.atlasswift.co.za/wp-content/uploads/2024/06/Atlas-Swift_Instagram-Branded-scaled.jpg for SKU S004487: Bottle is cropped — cap or base not fully visible
2026-06-11 16:22:58,544 [INFO] HTTP Request: GET https://winematters.nl/wp-content/uploads/2025/04/Atlas-Swift-Shelter-Malbec-300x300.webp "HTTP/1.1 200 OK"
2026-06-11 16:22:58,558 [ERROR] Error processing candidate https://winematters.nl/wp-content/uploads/2025/04/Atlas-Swift-Shelter-Malbec-300x300.webp for SKU S004487: Bottle is cropped — cap or base not fully visible
2026-06-11 16:22:59,723 [INFO] HTTP Request: GET https://www.swirlandspice.wine/wp-content/uploads/2022/04/fc_20220405_1197.jpg?w=768 "HTTP/1.1 200 OK"
2026-06-11 16:23:01,198 [ERROR] Error processing candidate https://www.swirlandspice.wine/wp-content/uploads/2022/04/fc_20220405_1197.jpg?w=768 for SKU S004487: Bottle is cropped — cap or base not fully visible
2026-06-11 16:23:01,199 [INFO]   ✓ S004487 confidence=0% producer=0% vintage=0%
2026-06-11 16:23:01,199 [INFO] [3/61] S004491: Barnett Rattlesnake Cabernet Sauvignon, Spring Mountain District, Napa Valley, California (x6)
2026-06-11 16:23:01,293 [INFO] HTTP Request: POST https://google.serper.dev/images "HTTP/1.1 400 Bad Request"
2026-06-11 16:23:01,294 [WARNING] Serper unavailable for Vivino search SKU S004491 — using Brave
2026-06-11 16:23:02,264 [INFO] HTTP Request: GET https://api.search.brave.com/res/v1/images/search?q=Barnett+Rattlesnake+Cabernet+Sauvignon%2C+Spring+Mountain+District%2C+Napa+Valley%2C+California+%28x6%29+2016+vivino&count=15&search_lang=en&country=ALL&safesearch=strict&spellcheck=true "HTTP/1.1 200 OK"
2026-06-11 16:23:02,266 [INFO] Brave returned 15 candidates for SKU S004491 (query='Barnett Rattlesnake Cabernet Sauvignon, Spring Mountain District, Napa Valley, C')
2026-06-11 16:23:02,266 [INFO] Vivino (Brave fallback) returned 3 candidates for SKU S004491 (query='Barnett Rattlesnake Cabernet Sauvignon, Spring Mountain District, Napa Valley, C')
2026-06-11 16:23:02,312 [INFO] HTTP Request: POST https://google.serper.dev/images "HTTP/1.1 400 Bad Request"
2026-06-11 16:23:02,312 [WARNING] Serper unavailable for Vivino search SKU S004491 — using Brave
2026-06-11 16:23:02,962 [INFO] HTTP Request: GET https://api.search.brave.com/res/v1/images/search?q=Barnett+Rattlesnake+Cabernet+Sauvignon%2C+Spring+Mountain+District%2C+Napa+Valley%2C+California+%28x6%29+2016+wine+bottle+vivino&count=15&search_lang=en&country=ALL&safesearch=strict&spellcheck=true "HTTP/1.1 200 OK"
2026-06-11 16:23:02,965 [INFO] Brave returned 15 candidates for SKU S004491 (query='Barnett Rattlesnake Cabernet Sauvignon, Spring Mountain District, Napa Valley, C')
2026-06-11 16:23:02,966 [INFO] Vivino (Brave fallback) returned 2 candidates for SKU S004491 (query='Barnett Rattlesnake Cabernet Sauvignon, Spring Mountain District, Napa Valley, C')
/home/gitanjali/.pyenv/versions/3.10.14/lib/python3.10/site-packages/google/api_core/_python_version_support.py:273: FutureWarning: You are using a Python version (3.10.14) which Google will stop supporting in new releases of google.api_core once it reaches its end of life (2026-10-04). Please upgrade to the latest Python version, or at least Python 3.11, to continue receiving updates for google.api_core past that date.
  warnings.warn(message, FutureWarning)
/home/gitanjali/.pyenv/versions/3.10.14/lib/python3.10/site-packages/google/api_core/_python_version_support.py:273: FutureWarning: You are using a Python version (3.10.14) which Google will stop supporting in new releases of google.cloud.vision_v1 once it reaches its end of life (2026-10-04). Please upgrade to the latest Python version, or at least Python 3.11, to continue receiving updates for google.cloud.vision_v1 past that date.
  warnings.warn(message, FutureWarning)
2026-06-11 16:23:15,967 [INFO] CORRECTED highlights: 61 orange (wrong), 10 yellow (low quality)
2026-06-11 16:23:16,008 [INFO] Missing after S004725: 7 SKUs (S004734, S004741, S004749, S004752, S004753, S004762, S004763)
2026-06-11 16:23:16,108 [INFO] The user provided project/location will take precedence over the Vertex AI API key from the environment variable.
2026-06-11 16:23:16,284 [INFO] The user provided project/location will take precedence over the Vertex AI API key from the environment variable.
2026-06-11 16:23:16,450 [INFO] === ORANGE: re-running 61 SKUs ===
2026-06-11 16:23:16,450 [INFO] [1/61] S004486: Atlas Swift Shelter Malbec, South Africa
2026-06-11 16:23:16,977 [INFO] HTTP Request: POST https://google.serper.dev/images "HTTP/1.1 400 Bad Request"
2026-06-11 16:23:16,979 [WARNING] Serper unavailable for Vivino search SKU S004486 — using Brave
2026-06-11 16:23:17,457 [INFO] HTTP Request: GET https://api.search.brave.com/res/v1/images/search?q=Atlas+Swift+Shelter+Malbec%2C+South+Africa+2024+vivino&count=15&search_lang=en&country=ALL&safesearch=strict&spellcheck=true "HTTP/1.1 200 OK"
2026-06-11 16:23:17,460 [INFO] Brave returned 15 candidates for SKU S004486 (query='Atlas Swift Shelter Malbec, South Africa 2024 vivino')
2026-06-11 16:23:17,507 [INFO] HTTP Request: POST https://google.serper.dev/images "HTTP/1.1 400 Bad Request"
2026-06-11 16:23:17,507 [WARNING] Serper unavailable for Vivino search SKU S004486 — using Brave
2026-06-11 16:23:17,670 [INFO] HTTP Request: GET https://api.search.brave.com/res/v1/images/search?q=Atlas+Swift+Shelter+Malbec%2C+South+Africa+2024+wine+bottle+vivino&count=15&search_lang=en&country=ALL&safesearch=strict&spellcheck=true "HTTP/1.1 200 OK"
2026-06-11 16:23:17,674 [INFO] Brave returned 15 candidates for SKU S004486 (query='Atlas Swift Shelter Malbec, South Africa 2024 wine bottle vivino')
2026-06-11 16:23:17,674 [INFO] Vivino (Brave fallback) returned 2 candidates for SKU S004486 (query='Atlas Swift Shelter Malbec, South Africa 2024 wine bottle vivino')
2026-06-11 16:23:18,514 [INFO] HTTP Request: POST https://google.serper.dev/images "HTTP/1.1 400 Bad Request"
2026-06-11 16:23:18,516 [WARNING] Serper unavailable for Vivino search SKU S004486 — using Brave
2026-06-11 16:23:18,683 [INFO] HTTP Request: GET https://api.search.brave.com/res/v1/images/search?q=Atlas+2024+wine+bottle+vivino&count=15&search_lang=en&country=ALL&safesearch=strict&spellcheck=true "HTTP/1.1 200 OK"
2026-06-11 16:23:18,685 [INFO] Brave returned 15 candidates for SKU S004486 (query='Atlas 2024 wine bottle vivino')
2026-06-11 16:23:18,685 [INFO] Vivino (Brave fallback) returned 1 candidates for SKU S004486 (query='Atlas 2024 wine bottle vivino')
2026-06-11 16:23:19,520 [INFO] HTTP Request: POST https://google.serper.dev/images "HTTP/1.1 400 Bad Request"
2026-06-11 16:23:19,522 [WARNING] Serper unavailable for Vivino search SKU S004486 — using Brave
2026-06-11 16:23:19,691 [INFO] HTTP Request: GET https://api.search.brave.com/res/v1/images/search?q=Atlas+Swift+Shelter+Malbec%2C+South+Africa+2024+vivino&count=15&search_lang=en&country=ALL&safesearch=strict&spellcheck=true "HTTP/1.1 200 OK"
2026-06-11 16:23:19,695 [INFO] Brave returned 15 candidates for SKU S004486 (query='Atlas Swift Shelter Malbec, South Africa 2024 vivino')
2026-06-11 16:23:19,795 [INFO] HTTP Request: GET https://www.googleapis.com/customsearch/v1?key=AIzaSyBZ5p08dd5cR_Q5bMHhaAFuH6kPUO9jxrY&cx=02211d6d3950b4d03&q=Atlas+Swift+Shelter+Malbec%2C+South+Africa+2024&searchType=image&num=10&imgSize=large&imgType=photo "HTTP/1.1 403 Forbidden"
2026-06-11 16:23:19,796 [WARNING] Custom Search JSON API returned 403: this GCP project likely has no JSON API entitlement (Google closed JSON API access for new projects; DDG/Bing fallback will be used). See https://developers.google.com/custom-search/v1/overview (Vertex AI Search or a third-party SERP API are alternatives).
2026-06-11 16:23:19,878 [INFO] HTTP Request: GET https://api.search.brave.com/res/v1/images/search?q=Atlas+Swift+Shelter+Malbec%2C+South+Africa+2024&count=15&search_lang=en&country=ALL&safesearch=strict&spellcheck=true "HTTP/1.1 200 OK"
2026-06-11 16:23:19,881 [INFO] Brave returned 15 candidates for SKU S004486 (query='Atlas Swift Shelter Malbec, South Africa 2024')
2026-06-11 16:23:20,064 [INFO] response: https://duckduckgo.com/?q=Atlas+Swift+Shelter+Malbec%2C+South+Africa+2024 200
2026-06-11 16:23:20,140 [INFO] response: https://www.bing.com/images/async?q=Atlas+Swift+Shelter+Malbec%2C+South+Africa+2024&async=1&first=1&count=35 200
2026-06-11 16:23:20,158 [INFO] Bing returned 15 candidates for SKU S004486
2026-06-11 16:23:20,211 [INFO] response: https://duckduckgo.com/i.js?o=json&q=Atlas+Swift+Shelter+Malbec%2C+South+Africa+2024&l=us-en&vqd=4-65258765041569041682211811711677891219&p=1&ct=AT 403
2026-06-11 16:23:20,310 [INFO] response: https://duckduckgo.com/?q=Atlas+Swift+Shelter+Malbec%2C+South+Africa+2024 200
2026-06-11 16:23:20,422 [INFO] response: https://duckduckgo.com/i.js?o=json&q=Atlas+Swift+Shelter+Malbec%2C+South+Africa+2024&l=us-en&vqd=4-65258765041569041682211811711677891219&p=1&ct=AT 403
2026-06-11 16:23:20,519 [INFO] HTTP Request: POST https://google.serper.dev/images "HTTP/1.1 400 Bad Request"
2026-06-11 16:23:20,521 [ERROR] Serper HTTP error: Client error '400 Bad Request' for url 'https://google.serper.dev/images'
For more information check: https://developer.mozilla.org/en-US/docs/Web/HTTP/Status/400
2026-06-11 16:23:20,651 [INFO] response: https://www.bing.com/images/async?q=Atlas+Swift+Shelter+Malbec%2C+South+Africa+2024&async=1&first=1&count=35 200
2026-06-11 16:23:20,668 [INFO] DuckDuckGo returned 15 candidates for SKU S004486
2026-06-11 16:23:20,669 [INFO] SKU S004486 query='Atlas Swift Shelter Malbec, South Africa 2024' — brave=15 google_cse=0 google_images=0 bing=15 ddg=15
2026-06-11 16:23:21,526 [INFO] HTTP Request: POST https://google.serper.dev/images "HTTP/1.1 400 Bad Request"
2026-06-11 16:23:21,528 [WARNING] Serper unavailable for Vivino search SKU S004486 — using Brave
2026-06-11 16:23:21,693 [INFO] HTTP Request: GET https://api.search.brave.com/res/v1/images/search?q=Atlas+Swift+Shelter+Malbec%2C+South+Africa+2024+wine+bottle+vivino&count=15&search_lang=en&country=ALL&safesearch=strict&spellcheck=true "HTTP/1.1 200 OK"
2026-06-11 16:23:21,696 [INFO] Brave returned 15 candidates for SKU S004486 (query='Atlas Swift Shelter Malbec, South Africa 2024 wine bottle vivino')
2026-06-11 16:23:21,697 [INFO] Vivino (Brave fallback) returned 2 candidates for SKU S004486 (query='Atlas Swift Shelter Malbec, South Africa 2024 wine bottle vivino')
2026-06-11 16:23:21,737 [INFO] HTTP Request: GET https://www.googleapis.com/customsearch/v1?key=AIzaSyBZ5p08dd5cR_Q5bMHhaAFuH6kPUO9jxrY&cx=02211d6d3950b4d03&q=Atlas+Swift+Shelter+Malbec%2C+South+Africa+2024+wine+bottle&searchType=image&num=10&imgSize=large&imgType=photo "HTTP/1.1 403 Forbidden"
2026-06-11 16:23:21,740 [WARNING] Custom Search JSON API returned 403: this GCP project likely has no JSON API entitlement (Google closed JSON API access for new projects; DDG/Bing fallback will be used). See https://developers.google.com/custom-search/v1/overview (Vertex AI Search or a third-party SERP API are alternatives).
2026-06-11 16:23:21,853 [INFO] response: https://duckduckgo.com/?q=Atlas+Swift+Shelter+Malbec%2C+South+Africa+2024+wine+bottle 200
2026-06-11 16:23:21,867 [INFO] HTTP Request: GET https://api.search.brave.com/res/v1/images/search?q=Atlas+Swift+Shelter+Malbec%2C+South+Africa+2024+wine+bottle&count=15&search_lang=en&country=ALL&safesearch=strict&spellcheck=true "HTTP/1.1 200 OK"
2026-06-11 16:23:21,869 [INFO] Brave returned 15 candidates for SKU S004486 (query='Atlas Swift Shelter Malbec, South Africa 2024 wine bottle')
2026-06-11 16:23:21,964 [INFO] response: https://duckduckgo.com/i.js?o=json&q=Atlas+Swift+Shelter+Malbec%2C+South+Africa+2024+wine+bottle&l=us-en&vqd=4-91294229705459645120471283893963139263&p=1&ct=AT 403
2026-06-11 16:23:21,980 [INFO] response: https://www.bing.com/images/async?q=Atlas+Swift+Shelter+Malbec%2C+South+Africa+2024+wine+bottle&async=1&first=1&count=35 200
2026-06-11 16:23:21,992 [INFO] Bing returned 15 candidates for SKU S004486
2026-06-11 16:23:22,168 [INFO] response: https://www.bing.com/images/async?q=Atlas+Swift+Shelter+Malbec%2C+South+Africa+2024+wine+bottle&async=1&first=1&count=35 200
2026-06-11 16:23:22,186 [INFO] DuckDuckGo returned 15 candidates for SKU S004486
2026-06-11 16:23:22,525 [INFO] HTTP Request: POST https://google.serper.dev/images "HTTP/1.1 400 Bad Request"
2026-06-11 16:23:22,526 [ERROR] Serper HTTP error: Client error '400 Bad Request' for url 'https://google.serper.dev/images'
For more information check: https://developer.mozilla.org/en-US/docs/Web/HTTP/Status/400
2026-06-11 16:23:22,526 [INFO] SKU S004486 query='Atlas Swift Shelter Malbec, South Africa 2024 wine bottle' — brave=15 google_cse=0 google_images=0 bing=15 ddg=15
2026-06-11 16:23:23,527 [INFO] HTTP Request: POST https://google.serper.dev/images "HTTP/1.1 400 Bad Request"
2026-06-11 16:23:23,528 [WARNING] Serper unavailable for Vivino search SKU S004486 — using Brave
2026-06-11 16:23:23,693 [INFO] HTTP Request: GET https://api.search.brave.com/res/v1/images/search?q=Atlas+2024+wine+bottle+vivino&count=15&search_lang=en&country=ALL&safesearch=strict&spellcheck=true "HTTP/1.1 200 OK"
2026-06-11 16:23:23,694 [INFO] Brave returned 15 candidates for SKU S004486 (query='Atlas 2024 wine bottle vivino')
2026-06-11 16:23:23,694 [INFO] Vivino (Brave fallback) returned 1 candidates for SKU S004486 (query='Atlas 2024 wine bottle vivino')
2026-06-11 16:23:23,730 [INFO] HTTP Request: GET https://www.googleapis.com/customsearch/v1?key=AIzaSyBZ5p08dd5cR_Q5bMHhaAFuH6kPUO9jxrY&cx=02211d6d3950b4d03&q=Atlas+2024+wine+bottle&searchType=image&num=10&imgSize=large&imgType=photo "HTTP/1.1 403 Forbidden"
2026-06-11 16:23:23,731 [WARNING] Custom Search JSON API returned 403: this GCP project likely has no JSON API entitlement (Google closed JSON API access for new projects; DDG/Bing fallback will be used). See https://developers.google.com/custom-search/v1/overview (Vertex AI Search or a third-party SERP API are alternatives).
2026-06-11 16:23:23,842 [INFO] response: https://duckduckgo.com/?q=Atlas+2024+wine+bottle 200
2026-06-11 16:23:23,858 [INFO] HTTP Request: GET https://api.search.brave.com/res/v1/images/search?q=Atlas+2024+wine+bottle&count=15&search_lang=en&country=ALL&safesearch=strict&spellcheck=true "HTTP/1.1 200 OK"
2026-06-11 16:23:23,859 [INFO] Brave returned 15 candidates for SKU S004486 (query='Atlas 2024 wine bottle')
2026-06-11 16:23:23,952 [INFO] response: https://duckduckgo.com/i.js?o=json&q=Atlas+2024+wine+bottle&l=us-en&vqd=4-221679634500269729888689094745644222840&p=1&ct=AT 403
2026-06-11 16:23:24,003 [INFO] response: https://www.bing.com/images/async?q=Atlas+2024+wine+bottle&async=1&first=1&count=35 200
2026-06-11 16:23:24,018 [INFO] Bing returned 15 candidates for SKU S004486
2026-06-11 16:23:24,048 [INFO] response: https://duckduckgo.com/?q=Atlas+2024+wine+bottle 200
2026-06-11 16:23:24,158 [INFO] response: https://duckduckgo.com/i.js?o=json&q=Atlas+2024+wine+bottle&l=us-en&vqd=4-221679634500269729888689094745644222840&p=1&ct=AT 403
2026-06-11 16:23:24,392 [INFO] response: https://www.bing.com/images/async?q=Atlas+2024+wine+bottle&async=1&first=1&count=35 200
2026-06-11 16:23:24,410 [INFO] DuckDuckGo returned 15 candidates for SKU S004486
2026-06-11 16:23:24,528 [INFO] HTTP Request: POST https://google.serper.dev/images "HTTP/1.1 400 Bad Request"
2026-06-11 16:23:24,529 [ERROR] Serper HTTP error: Client error '400 Bad Request' for url 'https://google.serper.dev/images'
For more information check: https://developer.mozilla.org/en-US/docs/Web/HTTP/Status/400
2026-06-11 16:23:24,529 [INFO] SKU S004486 query='Atlas 2024 wine bottle' — brave=15 google_cse=0 google_images=0 bing=15 ddg=15
2026-06-11 16:23:24,529 [INFO] Merged 81 total candidates for SKU S004486 (all sources, 3 queries)
2026-06-11 16:23:25,372 [INFO] HTTP Request: GET https://winematters.nl/wp-content/uploads/2025/01/Newton-Johnson-Family-Vineyards-Chardonnay.webp "HTTP/1.1 200 OK"
2026-06-11 16:23:25,409 [INFO] AFC is enabled with max remote calls: 10.
2026-06-11 16:23:39,153 [INFO] AFC is enabled with max remote calls: 10.
2026-06-11 16:23:43,817 [INFO] HTTP Request: GET https://www.atlasswift.co.za/wp-content/uploads/2024/09/Shelter-Malbec.png "HTTP/1.1 200 OK"
2026-06-11 16:23:43,890 [ERROR] Error processing candidate https://www.atlasswift.co.za/wp-content/uploads/2024/09/Shelter-Malbec.png for SKU S004486: Bottle is cropped — cap or base not fully visible
2026-06-11 16:23:44,743 [INFO] HTTP Request: GET https://winematters.nl/wp-content/uploads/2025/04/Atlas-Swift-Shelter-Malbec-600x695.webp "HTTP/1.1 200 OK"
2026-06-11 16:23:44,770 [ERROR] Error processing candidate https://winematters.nl/wp-content/uploads/2025/04/Atlas-Swift-Shelter-Malbec-600x695.webp for SKU S004486: Bottle is cropped — cap or base not fully visible
2026-06-11 16:23:44,846 [INFO] HTTP Request: GET https://images.vivino.com/thumbs/FIVDKJfaTOmfkX9Dbxl0VA_375x500.jpg "HTTP/1.1 200 OK"
2026-06-11 16:23:44,870 [ERROR] Error processing candidate https://images.vivino.com/thumbs/FIVDKJfaTOmfkX9Dbxl0VA_375x500.jpg for SKU S004486: Bottle is cropped — cap or base not fully visible
2026-06-11 16:23:45,525 [INFO] HTTP Request: GET https://winematters.nl/wp-content/uploads/2025/04/Atlas-Swift-Shelter-Malbec-300x300.webp "HTTP/1.1 200 OK"
2026-06-11 16:23:45,533 [ERROR] Error processing candidate https://winematters.nl/wp-content/uploads/2025/04/Atlas-Swift-Shelter-Malbec-300x300.webp for SKU S004486: Bottle is cropped — cap or base not fully visible
2026-06-11 16:23:46,150 [INFO] HTTP Request: GET https://www.atlasswift.co.za/wp-content/uploads/2023/12/Shelter-Chardonnay.png "HTTP/1.1 200 OK"
2026-06-11 16:23:46,213 [ERROR] Error processing candidate https://www.atlasswift.co.za/wp-content/uploads/2023/12/Shelter-Chardonnay.png for SKU S004486: Bottle is cropped — cap or base not fully visible
2026-06-11 16:23:47,063 [INFO] HTTP Request: GET https://winematters.nl/wp-content/uploads/2025/01/Welma-Atlas-Swift-600x836.webp "HTTP/1.1 200 OK"
2026-06-11 16:23:47,493 [ERROR] Error processing candidate https://winematters.nl/wp-content/uploads/2025/01/Welma-Atlas-Swift-600x836.webp for SKU S004486: Bottle is cropped — cap or base not fully visible
2026-06-11 16:23:48,167 [INFO] HTTP Request: GET https://www.atlasswift.co.za/wp-content/uploads/2025/09/Earth2Plate-and-Atlas-Swift_Monthly-Recipes_Chocolate_Cover.jpg "HTTP/1.1 200 OK"
2026-06-11 16:23:48,375 [INFO] AFC is enabled with max remote calls: 10.
2026-06-11 16:23:54,131 [INFO] AFC is enabled with max remote calls: 10.
2026-06-11 16:24:05,102 [INFO] HTTP Request: GET https://winematters.nl/wp-content/uploads/2025/01/Atlas-Swift-sign-600x750.webp "HTTP/1.1 200 OK"
2026-06-11 16:24:05,123 [ERROR] Error processing candidate https://winematters.nl/wp-content/uploads/2025/01/Atlas-Swift-sign-600x750.webp for SKU S004486: Bottle is cropped — cap or base not fully visible
2026-06-11 16:24:05,310 [INFO] HTTP Request: GET https://www.atlasswift.co.za/wp-content/uploads/2024/01/Atlas-Range.png "HTTP/1.1 200 OK"
2026-06-11 16:24:05,415 [ERROR] Error processing candidate https://www.atlasswift.co.za/wp-content/uploads/2024/01/Atlas-Range.png for SKU S004486: Bottle is cropped — cap or base not fully visible
2026-06-11 16:24:05,505 [INFO] HTTP Request: GET https://www.grandcruwijnen.nl/media/catalog/product/cache/8ee2cf06b1c0771a5c6d6e1153b1e880/2/0/2023_Atlas_Swift_Shelter_Tempranillo.png "HTTP/1.1 403 Forbidden"
2026-06-11 16:24:05,506 [ERROR] Image download failed for https://www.grandcruwijnen.nl/media/catalog/product/cache/8ee2cf06b1c0771a5c6d6e1153b1e880/2/0/2023_Atlas_Swift_Shelter_Tempranillo.png: Client error '403 Forbidden' for url 'https://www.grandcruwijnen.nl/media/catalog/product/cache/8ee2cf06b1c0771a5c6d6e1153b1e880/2/0/2023_Atlas_Swift_Shelter_Tempranillo.png'
For more information check: https://developer.mozilla.org/en-US/docs/Web/HTTP/Status/403
2026-06-11 16:24:05,506 [ERROR] Error processing candidate https://www.grandcruwijnen.nl/media/catalog/product/cache/8ee2cf06b1c0771a5c6d6e1153b1e880/2/0/2023_Atlas_Swift_Shelter_Tempranillo.png for SKU S004486: Failed to download image: https://www.grandcruwijnen.nl/media/catalog/product/cache/8ee2cf06b1c0771a5c6d6e1153b1e880/2/0/2023_Atlas_Swift_Shelter_Tempranillo.png
2026-06-11 16:24:05,958 [INFO] HTTP Request: GET https://www.atlasswift.co.za/wp-content/uploads/2025/09/box-red-wine-as-final.png "HTTP/1.1 200 OK"
2026-06-11 16:24:06,113 [ERROR] Error processing candidate https://www.atlasswift.co.za/wp-content/uploads/2025/09/box-red-wine-as-final.png for SKU S004486: Bottle is cropped — cap or base not fully visible
2026-06-11 16:24:06,247 [INFO] HTTP Request: GET https://cdn.webshopapp.com/shops/251819/files/456889107/image.jpg "HTTP/1.1 200 OK"
2026-06-11 16:24:06,266 [ERROR] Error processing candidate https://cdn.webshopapp.com/shops/251819/files/456889107/image.jpg for SKU S004486: Bottle is cropped — cap or base not fully visible
2026-06-11 16:24:06,436 [INFO] HTTP Request: GET https://www.atlasswift.co.za/wp-content/uploads/2025/08/Where-does-Malbec-originate-from.png "HTTP/1.1 200 OK"
2026-06-11 16:24:06,489 [ERROR] Error processing candidate https://www.atlasswift.co.za/wp-content/uploads/2025/08/Where-does-Malbec-originate-from.png for SKU S004486: Bottle is cropped — cap or base not fully visible
2026-06-11 16:24:06,561 [INFO] HTTP Request: GET https://www.grandcruwijnen.nl/media/catalog/product/cache/8ee2cf06b1c0771a5c6d6e1153b1e880/2/0/2022_Altlas_Swift_Shelter_Chardonnay.png "HTTP/1.1 403 Forbidden"
2026-06-11 16:24:06,562 [ERROR] Image download failed for https://www.grandcruwijnen.nl/media/catalog/product/cache/8ee2cf06b1c0771a5c6d6e1153b1e880/2/0/2022_Altlas_Swift_Shelter_Chardonnay.png: Client error '403 Forbidden' for url 'https://www.grandcruwijnen.nl/media/catalog/product/cache/8ee2cf06b1c0771a5c6d6e1153b1e880/2/0/2022_Altlas_Swift_Shelter_Chardonnay.png'
For more information check: https://developer.mozilla.org/en-US/docs/Web/HTTP/Status/403
2026-06-11 16:24:06,562 [ERROR] Error processing candidate https://www.grandcruwijnen.nl/media/catalog/product/cache/8ee2cf06b1c0771a5c6d6e1153b1e880/2/0/2022_Altlas_Swift_Shelter_Chardonnay.png for SKU S004486: Failed to download image: https://www.grandcruwijnen.nl/media/catalog/product/cache/8ee2cf06b1c0771a5c6d6e1153b1e880/2/0/2022_Altlas_Swift_Shelter_Chardonnay.png
2026-06-11 16:24:06,562 [INFO]   ✓ S004486 confidence=0% producer=0% vintage=0%
2026-06-11 16:24:06,562 [INFO] [2/61] S004487: Atlas Swift Shelter Chardonnay, South Africa
2026-06-11 16:24:06,644 [INFO] HTTP Request: POST https://google.serper.dev/images "HTTP/1.1 400 Bad Request"
2026-06-11 16:24:06,645 [WARNING] Serper unavailable for Vivino search SKU S004487 — using Brave
2026-06-11 16:24:07,116 [INFO] HTTP Request: GET https://api.search.brave.com/res/v1/images/search?q=Atlas+Swift+Shelter+Chardonnay%2C+South+Africa+2023+vivino&count=15&search_lang=en&country=ALL&safesearch=strict&spellcheck=true "HTTP/1.1 200 OK"
2026-06-11 16:24:07,118 [INFO] Brave returned 15 candidates for SKU S004487 (query='Atlas Swift Shelter Chardonnay, South Africa 2023 vivino')
2026-06-11 16:24:07,118 [INFO] Vivino (Brave fallback) returned 1 candidates for SKU S004487 (query='Atlas Swift Shelter Chardonnay, South Africa 2023 vivino')
2026-06-11 16:24:07,624 [INFO] HTTP Request: POST https://google.serper.dev/images "HTTP/1.1 400 Bad Request"
2026-06-11 16:24:07,625 [WARNING] Serper unavailable for Vivino search SKU S004487 — using Brave
2026-06-11 16:24:07,805 [INFO] HTTP Request: GET https://api.search.brave.com/res/v1/images/search?q=Atlas+Swift+Shelter+Chardonnay%2C+South+Africa+2023+wine+bottle+vivino&count=15&search_lang=en&country=ALL&safesearch=strict&spellcheck=true "HTTP/1.1 200 OK"
2026-06-11 16:24:07,808 [INFO] Brave returned 15 candidates for SKU S004487 (query='Atlas Swift Shelter Chardonnay, South Africa 2023 wine bottle vivino')
2026-06-11 16:24:07,808 [INFO] Vivino (Brave fallback) returned 1 candidates for SKU S004487 (query='Atlas Swift Shelter Chardonnay, South Africa 2023 wine bottle vivino')
2026-06-11 16:24:08,618 [INFO] HTTP Request: POST https://google.serper.dev/images "HTTP/1.1 400 Bad Request"
2026-06-11 16:24:08,619 [WARNING] Serper unavailable for Vivino search SKU S004487 — using Brave
2026-06-11 16:24:08,783 [INFO] HTTP Request: GET https://api.search.brave.com/res/v1/images/search?q=Atlas+2023+wine+bottle+vivino&count=15&search_lang=en&country=ALL&safesearch=strict&spellcheck=true "HTTP/1.1 200 OK"
2026-06-11 16:24:08,784 [INFO] Brave returned 15 candidates for SKU S004487 (query='Atlas 2023 wine bottle vivino')
2026-06-11 16:24:09,624 [INFO] HTTP Request: POST https://google.serper.dev/images "HTTP/1.1 400 Bad Request"
2026-06-11 16:24:09,625 [WARNING] Serper unavailable for Vivino search SKU S004487 — using Brave
2026-06-11 16:24:09,794 [INFO] HTTP Request: GET https://api.search.brave.com/res/v1/images/search?q=Atlas+Swift+Shelter+Chardonnay%2C+South+Africa+2023+vivino&count=15&search_lang=en&country=ALL&safesearch=strict&spellcheck=true "HTTP/1.1 200 OK"
2026-06-11 16:24:09,797 [INFO] Brave returned 15 candidates for SKU S004487 (query='Atlas Swift Shelter Chardonnay, South Africa 2023 vivino')
2026-06-11 16:24:09,798 [INFO] Vivino (Brave fallback) returned 1 candidates for SKU S004487 (query='Atlas Swift Shelter Chardonnay, South Africa 2023 vivino')
2026-06-11 16:24:09,891 [INFO] HTTP Request: GET https://www.googleapis.com/customsearch/v1?key=AIzaSyBZ5p08dd5cR_Q5bMHhaAFuH6kPUO9jxrY&cx=02211d6d3950b4d03&q=Atlas+Swift+Shelter+Chardonnay%2C+South+Africa+2023&searchType=image&num=10&imgSize=large&imgType=photo "HTTP/1.1 403 Forbidden"
2026-06-11 16:24:09,896 [WARNING] Custom Search JSON API returned 403: this GCP project likely has no JSON API entitlement (Google closed JSON API access for new projects; DDG/Bing fallback will be used). See https://developers.google.com/custom-search/v1/overview (Vertex AI Search or a third-party SERP API are alternatives).
2026-06-11 16:24:09,970 [INFO] HTTP Request: GET https://api.search.brave.com/res/v1/images/search?q=Atlas+Swift+Shelter+Chardonnay%2C+South+Africa+2023&count=15&search_lang=en&country=ALL&safesearch=strict&spellcheck=true "HTTP/1.1 200 OK"
2026-06-11 16:24:09,972 [INFO] Brave returned 15 candidates for SKU S004487 (query='Atlas Swift Shelter Chardonnay, South Africa 2023')
2026-06-11 16:24:10,086 [INFO] response: https://www.bing.com/images/async?q=Atlas+Swift+Shelter+Chardonnay%2C+South+Africa+2023&async=1&first=1&count=35 200
2026-06-11 16:24:10,105 [INFO] Bing returned 15 candidates for SKU S004487
2026-06-11 16:24:10,128 [INFO] response: https://duckduckgo.com/?q=Atlas+Swift+Shelter+Chardonnay%2C+South+Africa+2023 200
2026-06-11 16:24:10,248 [INFO] response: https://duckduckgo.com/i.js?o=json&q=Atlas+Swift+Shelter+Chardonnay%2C+South+Africa+2023&l=us-en&vqd=4-187287356580794822882773978711779045946&p=1&ct=AT 403
2026-06-11 16:24:10,515 [INFO] response: https://www.bing.com/images/async?q=Atlas+Swift+Shelter+Chardonnay%2C+South+Africa+2023&async=1&first=1&count=35 200
2026-06-11 16:24:10,538 [INFO] DuckDuckGo returned 15 candidates for SKU S004487
2026-06-11 16:24:10,626 [INFO] HTTP Request: POST https://google.serper.dev/images "HTTP/1.1 400 Bad Request"
2026-06-11 16:24:10,628 [ERROR] Serper HTTP error: Client error '400 Bad Request' for url 'https://google.serper.dev/images'
For more information check: https://developer.mozilla.org/en-US/docs/Web/HTTP/Status/400
2026-06-11 16:24:10,628 [INFO] SKU S004487 query='Atlas Swift Shelter Chardonnay, South Africa 2023' — brave=15 google_cse=0 google_images=0 bing=15 ddg=15
2026-06-11 16:24:11,631 [INFO] HTTP Request: POST https://google.serper.dev/images "HTTP/1.1 400 Bad Request"
2026-06-11 16:24:11,632 [WARNING] Serper unavailable for Vivino search SKU S004487 — using Brave
2026-06-11 16:24:11,803 [INFO] HTTP Request: GET https://api.search.brave.com/res/v1/images/search?q=Atlas+Swift+Shelter+Chardonnay%2C+South+Africa+2023+wine+bottle+vivino&count=15&search_lang=en&country=ALL&safesearch=strict&spellcheck=true "HTTP/1.1 200 OK"
2026-06-11 16:24:11,805 [INFO] Brave returned 15 candidates for SKU S004487 (query='Atlas Swift Shelter Chardonnay, South Africa 2023 wine bottle vivino')
2026-06-11 16:24:11,806 [INFO] Vivino (Brave fallback) returned 1 candidates for SKU S004487 (query='Atlas Swift Shelter Chardonnay, South Africa 2023 wine bottle vivino')
2026-06-11 16:24:11,842 [INFO] HTTP Request: GET https://www.googleapis.com/customsearch/v1?key=AIzaSyBZ5p08dd5cR_Q5bMHhaAFuH6kPUO9jxrY&cx=02211d6d3950b4d03&q=Atlas+Swift+Shelter+Chardonnay%2C+South+Africa+2023+wine+bottle&searchType=image&num=10&imgSize=large&imgType=photo "HTTP/1.1 403 Forbidden"
2026-06-11 16:24:11,844 [WARNING] Custom Search JSON API returned 403: this GCP project likely has no JSON API entitlement (Google closed JSON API access for new projects; DDG/Bing fallback will be used). See https://developers.google.com/custom-search/v1/overview (Vertex AI Search or a third-party SERP API are alternatives).
2026-06-11 16:24:11,946 [INFO] response: https://duckduckgo.com/?q=Atlas+Swift+Shelter+Chardonnay%2C+South+Africa+2023+wine+bottle 200
2026-06-11 16:24:11,977 [INFO] HTTP Request: GET https://api.search.brave.com/res/v1/images/search?q=Atlas+Swift+Shelter+Chardonnay%2C+South+Africa+2023+wine+bottle&count=15&search_lang=en&country=ALL&safesearch=strict&spellcheck=true "HTTP/1.1 200 OK"
2026-06-11 16:24:11,978 [INFO] Brave returned 15 candidates for SKU S004487 (query='Atlas Swift Shelter Chardonnay, South Africa 2023 wine bottle')
2026-06-11 16:24:12,043 [INFO] response: https://duckduckgo.com/i.js?o=json&q=Atlas+Swift+Shelter+Chardonnay%2C+South+Africa+2023+wine+bottle&l=us-en&vqd=4-55734021374710443633509065679133317508&p=1&ct=AT 403
2026-06-11 16:24:12,118 [INFO] response: https://www.bing.com/images/async?q=Atlas+Swift+Shelter+Chardonnay%2C+South+Africa+2023+wine+bottle&async=1&first=1&count=35 200
2026-06-11 16:24:12,129 [INFO] Bing returned 15 candidates for SKU S004487
2026-06-11 16:24:12,291 [INFO] response: https://www.bing.com/images/async?q=Atlas+Swift+Shelter+Chardonnay%2C+South+Africa+2023+wine+bottle&async=1&first=1&count=35 200
2026-06-11 16:24:12,300 [INFO] DuckDuckGo returned 15 candidates for SKU S004487
2026-06-11 16:24:12,631 [INFO] HTTP Request: POST https://google.serper.dev/images "HTTP/1.1 400 Bad Request"
2026-06-11 16:24:12,633 [ERROR] Serper HTTP error: Client error '400 Bad Request' for url 'https://google.serper.dev/images'
For more information check: https://developer.mozilla.org/en-US/docs/Web/HTTP/Status/400
2026-06-11 16:24:12,633 [INFO] SKU S004487 query='Atlas Swift Shelter Chardonnay, South Africa 2023 wine bottle' — brave=15 google_cse=0 google_images=0 bing=15 ddg=15
2026-06-11 16:24:13,647 [INFO] HTTP Request: POST https://google.serper.dev/images "HTTP/1.1 400 Bad Request"
2026-06-11 16:24:13,648 [WARNING] Serper unavailable for Vivino search SKU S004487 — using Brave
2026-06-11 16:24:13,816 [INFO] HTTP Request: GET https://api.search.brave.com/res/v1/images/search?q=Atlas+2023+wine+bottle+vivino&count=15&search_lang=en&country=ALL&safesearch=strict&spellcheck=true "HTTP/1.1 200 OK"
2026-06-11 16:24:13,817 [INFO] Brave returned 15 candidates for SKU S004487 (query='Atlas 2023 wine bottle vivino')
2026-06-11 16:24:13,854 [INFO] HTTP Request: GET https://www.googleapis.com/customsearch/v1?key=AIzaSyBZ5p08dd5cR_Q5bMHhaAFuH6kPUO9jxrY&cx=02211d6d3950b4d03&q=Atlas+2023+wine+bottle&searchType=image&num=10&imgSize=large&imgType=photo "HTTP/1.1 403 Forbidden"
2026-06-11 16:24:13,857 [WARNING] Custom Search JSON API returned 403: this GCP project likely has no JSON API entitlement (Google closed JSON API access for new projects; DDG/Bing fallback will be used). See https://developers.google.com/custom-search/v1/overview (Vertex AI Search or a third-party SERP API are alternatives).
2026-06-11 16:24:13,965 [INFO] response: https://duckduckgo.com/?q=Atlas+2023+wine+bottle 200
2026-06-11 16:24:13,994 [INFO] HTTP Request: GET https://api.search.brave.com/res/v1/images/search?q=Atlas+2023+wine+bottle&count=15&search_lang=en&country=ALL&safesearch=strict&spellcheck=true "HTTP/1.1 200 OK"
2026-06-11 16:24:13,997 [INFO] Brave returned 13 candidates for SKU S004487 (query='Atlas 2023 wine bottle')
2026-06-11 16:24:14,069 [INFO] response: https://duckduckgo.com/i.js?o=json&q=Atlas+2023+wine+bottle&l=us-en&vqd=4-173753565007730364292977640516742186394&p=1&ct=AT 403
2026-06-11 16:24:14,136 [INFO] response: https://www.bing.com/images/async?q=Atlas+2023+wine+bottle&async=1&first=1&count=35 200
2026-06-11 16:24:14,153 [INFO] Bing returned 15 candidates for SKU S004487
2026-06-11 16:24:14,305 [INFO] response: https://www.bing.com/images/async?q=Atlas+2023+wine+bottle&async=1&first=1&count=35 200
2026-06-11 16:24:14,318 [INFO] DuckDuckGo returned 15 candidates for SKU S004487
2026-06-11 16:24:14,640 [INFO] HTTP Request: POST https://google.serper.dev/images "HTTP/1.1 400 Bad Request"
2026-06-11 16:24:14,641 [ERROR] Serper HTTP error: Client error '400 Bad Request' for url 'https://google.serper.dev/images'
For more information check: https://developer.mozilla.org/en-US/docs/Web/HTTP/Status/400
2026-06-11 16:24:14,642 [INFO] SKU S004487 query='Atlas 2023 wine bottle' — brave=13 google_cse=0 google_images=0 bing=15 ddg=15
2026-06-11 16:24:14,642 [INFO] Merged 73 total candidates for SKU S004487 (all sources, 3 queries)
2026-06-11 16:24:14,718 [INFO] HTTP Request: GET https://images.vivino.com/thumbs/ov_xTZg8T-y8Oi0570RdQg_pb_x960.png "HTTP/1.1 200 OK"
2026-06-11 16:24:14,746 [INFO] AFC is enabled with max remote calls: 10.
2026-06-11 16:24:16,395 [ERROR] Error processing candidate https://images.vivino.com/thumbs/ov_xTZg8T-y8Oi0570RdQg_pb_x960.png for SKU S004487: Image does not contain a wine bottle with a label
2026-06-11 16:24:16,631 [INFO] HTTP Request: GET https://www.atlasswift.co.za/wp-content/uploads/2023/12/Shelter-Chardonnay-2023-300x348.png "HTTP/1.1 200 OK"
2026-06-11 16:24:16,646 [ERROR] Error processing candidate https://www.atlasswift.co.za/wp-content/uploads/2023/12/Shelter-Chardonnay-2023-300x348.png for SKU S004487: Bottle is cropped — cap or base not fully visible
2026-06-11 16:24:17,546 [INFO] HTTP Request: GET https://www.atlasswift.co.za/wp-content/uploads/2023/12/Shelter-Chardonnay-2023.png "HTTP/1.1 200 OK"
2026-06-11 16:24:17,679 [ERROR] Error processing candidate https://www.atlasswift.co.za/wp-content/uploads/2023/12/Shelter-Chardonnay-2023.png for SKU S004487: Bottle is cropped — cap or base not fully visible
2026-06-11 16:24:18,021 [INFO] HTTP Request: GET https://crushedwines.com/cdn/shop/products/AtlasSwiftShelter-Still.jpg?v=1673416825 "HTTP/1.1 404 Not Found"
2026-06-11 16:24:18,021 [ERROR] Image download failed for https://crushedwines.com/cdn/shop/products/AtlasSwiftShelter-Still.jpg?v=1673416825: Client error '404 Not Found' for url 'https://crushedwines.com/cdn/shop/products/AtlasSwiftShelter-Still.jpg?v=1673416825'
For more information check: https://developer.mozilla.org/en-US/docs/Web/HTTP/Status/404
2026-06-11 16:24:18,021 [ERROR] Error processing candidate https://crushedwines.com/cdn/shop/products/AtlasSwiftShelter-Still.jpg?v=1673416825 for SKU S004487: Failed to download image: https://crushedwines.com/cdn/shop/products/AtlasSwiftShelter-Still.jpg?v=1673416825
2026-06-11 16:24:18,198 [INFO] HTTP Request: GET https://www.atlasswift.co.za/wp-content/uploads/2023/12/Shelter-Chardonnay.png "HTTP/1.1 200 OK"
2026-06-11 16:24:18,257 [ERROR] Error processing candidate https://www.atlasswift.co.za/wp-content/uploads/2023/12/Shelter-Chardonnay.png for SKU S004487: Bottle is cropped — cap or base not fully visible
2026-06-11 16:24:18,325 [INFO] HTTP Request: GET https://www.grandcruwijnen.nl/media/catalog/product/cache/8ee2cf06b1c0771a5c6d6e1153b1e880/2/0/2023_Atlas_Swift_Shelter_Tempranillo.png "HTTP/1.1 403 Forbidden"
2026-06-11 16:24:18,326 [ERROR] Image download failed for https://www.grandcruwijnen.nl/media/catalog/product/cache/8ee2cf06b1c0771a5c6d6e1153b1e880/2/0/2023_Atlas_Swift_Shelter_Tempranillo.png: Client error '403 Forbidden' for url 'https://www.grandcruwijnen.nl/media/catalog/product/cache/8ee2cf06b1c0771a5c6d6e1153b1e880/2/0/2023_Atlas_Swift_Shelter_Tempranillo.png'
For more information check: https://developer.mozilla.org/en-US/docs/Web/HTTP/Status/403
2026-06-11 16:24:18,327 [ERROR] Error processing candidate https://www.grandcruwijnen.nl/media/catalog/product/cache/8ee2cf06b1c0771a5c6d6e1153b1e880/2/0/2023_Atlas_Swift_Shelter_Tempranillo.png for SKU S004487: Failed to download image: https://www.grandcruwijnen.nl/media/catalog/product/cache/8ee2cf06b1c0771a5c6d6e1153b1e880/2/0/2023_Atlas_Swift_Shelter_Tempranillo.png
2026-06-11 16:24:18,461 [INFO] HTTP Request: GET https://cdn.ct-static.com/labels/f91702a4-3733-43c6-8c37-7da871fb1fdf.jpg "HTTP/1.1 200 OK"
2026-06-11 16:24:18,512 [ERROR] Error processing candidate https://cdn.ct-static.com/labels/f91702a4-3733-43c6-8c37-7da871fb1fdf.jpg for SKU S004487: Bottle is cropped — cap or base not fully visible
2026-06-11 16:24:18,608 [INFO] HTTP Request: GET https://cdn.webshopapp.com/shops/251819/files/456889107/image.jpg "HTTP/1.1 200 OK"
2026-06-11 16:24:18,629 [ERROR] Error processing candidate https://cdn.webshopapp.com/shops/251819/files/456889107/image.jpg for SKU S004487: Bottle is cropped — cap or base not fully visible
2026-06-11 16:24:18,699 [INFO] HTTP Request: GET https://images.vivino.com/thumbs/gl9W8e4FT8WHlRc7MVzS7w_pb_x600.png "HTTP/1.1 200 OK"
2026-06-11 16:24:18,708 [INFO] AFC is enabled with max remote calls: 10.
2026-06-11 16:24:22,710 [INFO] AFC is enabled with max remote calls: 10.
2026-06-11 16:24:28,506 [INFO] HTTP Request: GET https://winematters.nl/wp-content/uploads/2025/04/Atlas-Swift-Shelter-Malbec-600x695.webp "HTTP/1.1 200 OK"
2026-06-11 16:24:28,525 [ERROR] Error processing candidate https://winematters.nl/wp-content/uploads/2025/04/Atlas-Swift-Shelter-Malbec-600x695.webp for SKU S004487: Bottle is cropped — cap or base not fully visible
2026-06-11 16:24:28,644 [INFO] HTTP Request: GET https://images.vivino.com/thumbs/gl9W8e4FT8WHlRc7MVzS7w_pl_375x500.png "HTTP/1.1 200 OK"
2026-06-11 16:24:28,692 [ERROR] Error processing candidate https://images.vivino.com/thumbs/gl9W8e4FT8WHlRc7MVzS7w_pl_375x500.png for SKU S004487: Bottle is cropped — cap or base not fully visible
2026-06-11 16:24:28,871 [INFO] HTTP Request: GET https://www.wine-searcher.com/images/labels/64/58/11576458.jpg?width=288&height=180&fit=bounds&canvas=288,180&format=auto&auto=compress&dpr=1&quality=70 "HTTP/1.1 200 OK"
2026-06-11 16:24:28,879 [ERROR] Error processing candidate https://www.wine-searcher.com/images/labels/64/58/11576458.jpg?width=288&height=180&fit=bounds&canvas=288,180&format=auto&auto=compress&dpr=1&quality=70 for SKU S004487: Bottle is cropped — cap or base not fully visible
2026-06-11 16:24:29,497 [INFO] HTTP Request: GET https://www.atlasswift.co.za/wp-content/uploads/2024/06/Atlas-Swift_Instagram-Branded-scaled.jpg "HTTP/1.1 200 OK"
2026-06-11 16:24:29,894 [ERROR] Error processing candidate https://www.atlasswift.co.za/wp-content/uploads/2024/06/Atlas-Swift_Instagram-Branded-scaled.jpg for SKU S004487: Bottle is cropped — cap or base not fully visible
2026-06-11 16:24:30,540 [INFO] HTTP Request: GET https://winematters.nl/wp-content/uploads/2025/04/Atlas-Swift-Shelter-Malbec-300x300.webp "HTTP/1.1 200 OK"
2026-06-11 16:24:30,550 [ERROR] Error processing candidate https://winematters.nl/wp-content/uploads/2025/04/Atlas-Swift-Shelter-Malbec-300x300.webp for SKU S004487: Bottle is cropped — cap or base not fully visible
2026-06-11 16:24:31,779 [INFO] HTTP Request: GET https://www.swirlandspice.wine/wp-content/uploads/2022/04/fc_20220405_1197.jpg?w=768 "HTTP/1.1 200 OK"
2026-06-11 16:24:33,629 [ERROR] Error processing candidate https://www.swirlandspice.wine/wp-content/uploads/2022/04/fc_20220405_1197.jpg?w=768 for SKU S004487: Bottle is cropped — cap or base not fully visible
2026-06-11 16:24:33,629 [INFO]   ✓ S004487 confidence=0% producer=0% vintage=0%
2026-06-11 16:24:33,629 [INFO] [3/61] S004491: Barnett Rattlesnake Cabernet Sauvignon, Spring Mountain District, Napa Valley, California (x6)
2026-06-11 16:24:33,724 [INFO] HTTP Request: POST https://google.serper.dev/images "HTTP/1.1 400 Bad Request"
2026-06-11 16:24:33,724 [WARNING] Serper unavailable for Vivino search SKU S004491 — using Brave
2026-06-11 16:24:34,217 [INFO] HTTP Request: GET https://api.search.brave.com/res/v1/images/search?q=Barnett+Rattlesnake+Cabernet+Sauvignon%2C+Spring+Mountain+District%2C+Napa+Valley%2C+California+%28x6%29+2016+vivino&count=15&search_lang=en&country=ALL&safesearch=strict&spellcheck=true "HTTP/1.1 200 OK"
2026-06-11 16:24:34,219 [INFO] Brave returned 15 candidates for SKU S004491 (query='Barnett Rattlesnake Cabernet Sauvignon, Spring Mountain District, Napa Valley, C')
2026-06-11 16:24:34,219 [INFO] Vivino (Brave fallback) returned 3 candidates for SKU S004491 (query='Barnett Rattlesnake Cabernet Sauvignon, Spring Mountain District, Napa Valley, C')
2026-06-11 16:24:34,683 [INFO] HTTP Request: POST https://google.serper.dev/images "HTTP/1.1 400 Bad Request"
2026-06-11 16:24:34,684 [WARNING] Serper unavailable for Vivino search SKU S004491 — using Brave
2026-06-11 16:24:34,847 [INFO] HTTP Request: GET https://api.search.brave.com/res/v1/images/search?q=Barnett+Rattlesnake+Cabernet+Sauvignon%2C+Spring+Mountain+District%2C+Napa+Valley%2C+California+%28x6%29+2016+wine+bottle+vivino&count=15&search_lang=en&country=ALL&safesearch=strict&spellcheck=true "HTTP/1.1 200 OK"
2026-06-11 16:24:34,850 [INFO] Brave returned 15 candidates for SKU S004491 (query='Barnett Rattlesnake Cabernet Sauvignon, Spring Mountain District, Napa Valley, C')
2026-06-11 16:24:34,850 [INFO] Vivino (Brave fallback) returned 2 candidates for SKU S004491 (query='Barnett Rattlesnake Cabernet Sauvignon, Spring Mountain District, Napa Valley, C')
2026-06-11 16:24:35,688 [INFO] HTTP Request: POST https://google.serper.dev/images "HTTP/1.1 400 Bad Request"
2026-06-11 16:24:35,689 [WARNING] Serper unavailable for Vivino search SKU S004491 — using Brave
2026-06-11 16:24:36,313 [INFO] HTTP Request: GET https://api.search.brave.com/res/v1/images/search?q=Barnett+2016+wine+bottle+vivino&count=15&search_lang=en&country=ALL&safesearch=strict&spellcheck=true "HTTP/1.1 200 OK"
2026-06-11 16:24:36,316 [INFO] Brave returned 15 candidates for SKU S004491 (query='Barnett 2016 wine bottle vivino')
2026-06-11 16:24:36,317 [INFO] Vivino (Brave fallback) returned 2 candidates for SKU S004491 (query='Barnett 2016 wine bottle vivino')
2026-06-11 16:24:36,317 [INFO] Vivino-only pass returned 5 candidates for SKU S004491
2026-06-11 16:24:37,178 [INFO] HTTP Request: GET https://images.vivino.com/thumbs/U0c6SVz0T_2FXBQ7CgytJA_pb_x600.png "HTTP/1.1 200 OK"
2026-06-11 16:24:37,409 [INFO] AFC is enabled with max remote calls: 10.
2026-06-11 16:24:41,353 [INFO] AFC is enabled with max remote calls: 10.
2026-06-11 16:24:44,727 [INFO] HTTP Request: GET https://images.vivino.com/thumbs/YbWTWcAAQJab41e7DExdtw_pb_x600.png "HTTP/1.1 200 OK"
2026-06-11 16:24:44,748 [INFO] AFC is enabled with max remote calls: 10.
2026-06-11 16:24:51,317 [INFO] AFC is enabled with max remote calls: 10.
2026-06-11 16:24:54,657 [INFO] HTTP Request: GET https://images.vivino.com/thumbs/YbWTWcAAQJab41e7DExdtw_pb_x300.png "HTTP/1.1 200 OK"
2026-06-11 16:24:54,667 [INFO] AFC is enabled with max remote calls: 10.
2026-06-11 16:24:58,730 [INFO] AFC is enabled with max remote calls: 10.
2026-06-11 16:25:02,116 [INFO] HTTP Request: GET https://images.vivino.com/thumbs/xnQoKJKfTmmYnyydxwpeAg_pb_x600.png "HTTP/1.1 200 OK"
2026-06-11 16:25:02,132 [INFO] AFC is enabled with max remote calls: 10.
2026-06-11 16:25:05,295 [ERROR] Error processing candidate https://images.vivino.com/thumbs/xnQoKJKfTmmYnyydxwpeAg_pb_x600.png for SKU S004491: Image does not contain a wine bottle with a label
2026-06-11 16:25:06,181 [INFO] HTTP Request: GET https://images.vivino.com/thumbs/hlUE4uxhTBqt00sOMRdV4w_pb_x960.png "HTTP/1.1 200 OK"
2026-06-11 16:25:06,631 [INFO] AFC is enabled with max remote calls: 10.
2026-06-11 16:25:10,339 [INFO] AFC is enabled with max remote calls: 10.
2026-06-11 16:25:15,017 [INFO]   ✓ S004491 confidence=0% producer=0% vintage=0%
2026-06-11 16:25:15,018 [INFO] [4/61] S004493: Barnett Cabernet Sauvignon, Spring Mountain District, Napa Valley, California (x6)
2026-06-11 16:25:15,126 [INFO] HTTP Request: POST https://google.serper.dev/images "HTTP/1.1 400 Bad Request"
2026-06-11 16:25:15,127 [WARNING] Serper unavailable for Vivino search SKU S004493 — using Brave
2026-06-11 16:25:16,044 [INFO] HTTP Request: GET https://api.search.brave.com/res/v1/images/search?q=Barnett+Cabernet+Sauvignon%2C+Spring+Mountain+District%2C+Napa+Valley%2C+California+%28x6%29+2021+vivino&count=15&search_lang=en&country=ALL&safesearch=strict&spellcheck=true "HTTP/1.1 200 OK"
2026-06-11 16:25:16,046 [INFO] Brave returned 15 candidates for SKU S004493 (query='Barnett Cabernet Sauvignon, Spring Mountain District, Napa Valley, California (x')
2026-06-11 16:25:16,093 [INFO] HTTP Request: POST https://google.serper.dev/images "HTTP/1.1 400 Bad Request"
2026-06-11 16:25:16,095 [WARNING] Serper unavailable for Vivino search SKU S004493 — using Brave
2026-06-11 16:25:16,770 [INFO] HTTP Request: GET https://api.search.brave.com/res/v1/images/search?q=Barnett+Cabernet+Sauvignon%2C+Spring+Mountain+District%2C+Napa+Valley%2C+California+%28x6%29+2021+wine+bottle+vivino&count=15&search_lang=en&country=ALL&safesearch=strict&spellcheck=true "HTTP/1.1 200 OK"
2026-06-11 16:25:16,773 [INFO] Brave returned 15 candidates for SKU S004493 (query='Barnett Cabernet Sauvignon, Spring Mountain District, Napa Valley, California (x')
2026-06-11 16:25:16,773 [INFO] Vivino (Brave fallback) returned 1 candidates for SKU S004493 (query='Barnett Cabernet Sauvignon, Spring Mountain District, Napa Valley, California (x')
2026-06-11 16:25:17,189 [INFO] HTTP Request: POST https://google.serper.dev/images "HTTP/1.1 400 Bad Request"
2026-06-11 16:25:17,191 [WARNING] Serper unavailable for Vivino search SKU S004493 — using Brave
2026-06-11 16:25:17,807 [INFO] HTTP Request: GET https://api.search.brave.com/res/v1/images/search?q=Barnett+2021+wine+bottle+vivino&count=15&search_lang=en&country=ALL&safesearch=strict&spellcheck=true "HTTP/1.1 200 OK"
2026-06-11 16:25:17,809 [INFO] Brave returned 15 candidates for SKU S004493 (query='Barnett 2021 wine bottle vivino')
2026-06-11 16:25:18,096 [INFO] HTTP Request: POST https://google.serper.dev/images "HTTP/1.1 400 Bad Request"
2026-06-11 16:25:18,098 [WARNING] Serper unavailable for Vivino search SKU S004493 — using Brave
2026-06-11 16:25:18,263 [INFO] HTTP Request: GET https://api.search.brave.com/res/v1/images/search?q=Barnett+Cabernet+Sauvignon%2C+Spring+Mountain+District%2C+Napa+Valley%2C+California+%28x6%29+2021+vivino&count=15&search_lang=en&country=ALL&safesearch=strict&spellcheck=true "HTTP/1.1 200 OK"
2026-06-11 16:25:18,266 [INFO] Brave returned 15 candidates for SKU S004493 (query='Barnett Cabernet Sauvignon, Spring Mountain District, Napa Valley, California (x')
2026-06-11 16:25:18,360 [INFO] HTTP Request: GET https://www.googleapis.com/customsearch/v1?key=AIzaSyBZ5p08dd5cR_Q5bMHhaAFuH6kPUO9jxrY&cx=02211d6d3950b4d03&q=Barnett+Cabernet+Sauvignon%2C+Spring+Mountain+District%2C+Napa+Valley%2C+California+%28x6%29+2021&searchType=image&num=10&imgSize=large&imgType=photo "HTTP/1.1 403 Forbidden"
2026-06-11 16:25:18,362 [WARNING] Custom Search JSON API returned 403: this GCP project likely has no JSON API entitlement (Google closed JSON API access for new projects; DDG/Bing fallback will be used). See https://developers.google.com/custom-search/v1/overview (Vertex AI Search or a third-party SERP API are alternatives).
2026-06-11 16:25:18,434 [INFO] HTTP Request: GET https://api.search.brave.com/res/v1/images/search?q=Barnett+Cabernet+Sauvignon%2C+Spring+Mountain+District%2C+Napa+Valley%2C+California+%28x6%29+2021&count=15&search_lang=en&country=ALL&safesearch=strict&spellcheck=true "HTTP/1.1 200 OK"
2026-06-11 16:25:18,437 [INFO] Brave returned 15 candidates for SKU S004493 (query='Barnett Cabernet Sauvignon, Spring Mountain District, Napa Valley, California (x')
2026-06-11 16:25:18,633 [INFO] response: https://duckduckgo.com/?q=Barnett+Cabernet+Sauvignon%2C+Spring+Mountain+District%2C+Napa+Valley%2C+California+%28x6%29+2021 202
2026-06-11 16:25:18,635 [INFO] response: https://www.bing.com/images/async?q=Barnett+Cabernet+Sauvignon%2C+Spring+Mountain+District%2C+Napa+Valley%2C+California+%28x6%29+2021&async=1&first=1&count=35 200
2026-06-11 16:25:18,648 [INFO] Bing returned 15 candidates for SKU S004493
2026-06-11 16:25:18,805 [INFO] response: https://duckduckgo.com/i.js?o=json&q=Barnett+Cabernet+Sauvignon%2C+Spring+Mountain+District%2C+Napa+Valley%2C+California+%28x6%29+2021&l=us-en&vqd=4-98633708896983808101163042291336833906&p=1&ct=AT 403
2026-06-11 16:25:19,073 [INFO] response: https://www.bing.com/images/async?q=Barnett+Cabernet+Sauvignon%2C+Spring+Mountain+District%2C+Napa+Valley%2C+California+%28x6%29+2021&async=1&first=1&count=35 200
2026-06-11 16:25:19,086 [INFO] DuckDuckGo returned 15 candidates for SKU S004493
2026-06-11 16:25:19,104 [INFO] HTTP Request: POST https://google.serper.dev/images "HTTP/1.1 400 Bad Request"
2026-06-11 16:25:19,106 [ERROR] Serper HTTP error: Client error '400 Bad Request' for url 'https://google.serper.dev/images'
For more information check: https://developer.mozilla.org/en-US/docs/Web/HTTP/Status/400
2026-06-11 16:25:19,106 [INFO] SKU S004493 query='Barnett Cabernet Sauvignon, Spring Mountain District, Napa Valley, Cal' — brave=15 google_cse=0 google_images=0 bing=15 ddg=15
2026-06-11 16:25:20,105 [INFO] HTTP Request: POST https://google.serper.dev/images "HTTP/1.1 400 Bad Request"
2026-06-11 16:25:20,107 [WARNING] Serper unavailable for Vivino search SKU S004493 — using Brave
2026-06-11 16:25:20,271 [INFO] HTTP Request: GET https://api.search.brave.com/res/v1/images/search?q=Barnett+Cabernet+Sauvignon%2C+Spring+Mountain+District%2C+Napa+Valley%2C+California+%28x6%29+2021+wine+bottle+vivino&count=15&search_lang=en&country=ALL&safesearch=strict&spellcheck=true "HTTP/1.1 200 OK"
2026-06-11 16:25:20,273 [INFO] Brave returned 15 candidates for SKU S004493 (query='Barnett Cabernet Sauvignon, Spring Mountain District, Napa Valley, California (x')
2026-06-11 16:25:20,273 [INFO] Vivino (Brave fallback) returned 1 candidates for SKU S004493 (query='Barnett Cabernet Sauvignon, Spring Mountain District, Napa Valley, California (x')
2026-06-11 16:25:20,309 [INFO] HTTP Request: GET https://www.googleapis.com/customsearch/v1?key=AIzaSyBZ5p08dd5cR_Q5bMHhaAFuH6kPUO9jxrY&cx=02211d6d3950b4d03&q=Barnett+Cabernet+Sauvignon%2C+Spring+Mountain+District%2C+Napa+Valley%2C+California+%28x6%29+2021+wine+bottle&searchType=image&num=10&imgSize=large&imgType=photo "HTTP/1.1 403 Forbidden"
2026-06-11 16:25:20,311 [WARNING] Custom Search JSON API returned 403: this GCP project likely has no JSON API entitlement (Google closed JSON API access for new projects; DDG/Bing fallback will be used). See https://developers.google.com/custom-search/v1/overview (Vertex AI Search or a third-party SERP API are alternatives).
2026-06-11 16:25:20,429 [INFO] response: https://duckduckgo.com/?q=Barnett+Cabernet+Sauvignon%2C+Spring+Mountain+District%2C+Napa+Valley%2C+California+%28x6%29+2021+wine+bottle 202
2026-06-11 16:25:20,437 [INFO] HTTP Request: GET https://api.search.brave.com/res/v1/images/search?q=Barnett+Cabernet+Sauvignon%2C+Spring+Mountain+District%2C+Napa+Valley%2C+California+%28x6%29+2021+wine+bottle&count=15&search_lang=en&country=ALL&safesearch=strict&spellcheck=true "HTTP/1.1 200 OK"
2026-06-11 16:25:20,438 [INFO] Brave returned 15 candidates for SKU S004493 (query='Barnett Cabernet Sauvignon, Spring Mountain District, Napa Valley, California (x')
2026-06-11 16:25:20,614 [INFO] response: https://duckduckgo.com/i.js?o=json&q=Barnett+Cabernet+Sauvignon%2C+Spring+Mountain+District%2C+Napa+Valley%2C+California+%28x6%29+2021+wine+bottle&l=us-en&vqd=4-271023482453719720038953418548815303431&p=1&ct=AT 403
2026-06-11 16:25:20,635 [INFO] response: https://www.bing.com/images/async?q=Barnett+Cabernet+Sauvignon%2C+Spring+Mountain+District%2C+Napa+Valley%2C+California+%28x6%29+2021+wine+bottle&async=1&first=1&count=35 200
2026-06-11 16:25:20,648 [INFO] Bing returned 15 candidates for SKU S004493
2026-06-11 16:25:20,705 [INFO] response: https://duckduckgo.com/?q=Barnett+Cabernet+Sauvignon%2C+Spring+Mountain+District%2C+Napa+Valley%2C+California+%28x6%29+2021+wine+bottle 200
2026-06-11 16:25:20,804 [INFO] response: https://duckduckgo.com/i.js?o=json&q=Barnett+Cabernet+Sauvignon%2C+Spring+Mountain+District%2C+Napa+Valley%2C+California+%28x6%29+2021+wine+bottle&l=us-en&vqd=4-271023482453719720038953418548815303431&p=1&ct=AT 403
2026-06-11 16:25:21,068 [INFO] response: https://www.bing.com/images/async?q=Barnett+Cabernet+Sauvignon%2C+Spring+Mountain+District%2C+Napa+Valley%2C+California+%28x6%29+2021+wine+bottle&async=1&first=1&count=35 200
2026-06-11 16:25:21,082 [INFO] DuckDuckGo returned 15 candidates for SKU S004493
2026-06-11 16:25:21,112 [INFO] HTTP Request: POST https://google.serper.dev/images "HTTP/1.1 400 Bad Request"
2026-06-11 16:25:21,114 [ERROR] Serper HTTP error: Client error '400 Bad Request' for url 'https://google.serper.dev/images'
For more information check: https://developer.mozilla.org/en-US/docs/Web/HTTP/Status/400
2026-06-11 16:25:21,115 [INFO] SKU S004493 query='Barnett Cabernet Sauvignon, Spring Mountain District, Napa Valley, Cal' — brave=15 google_cse=0 google_images=0 bing=15 ddg=15
2026-06-11 16:25:22,114 [INFO] HTTP Request: POST https://google.serper.dev/images "HTTP/1.1 400 Bad Request"
2026-06-11 16:25:22,116 [WARNING] Serper unavailable for Vivino search SKU S004493 — using Brave
2026-06-11 16:25:22,279 [INFO] HTTP Request: GET https://api.search.brave.com/res/v1/images/search?q=Barnett+2021+wine+bottle+vivino&count=15&search_lang=en&country=ALL&safesearch=strict&spellcheck=true "HTTP/1.1 200 OK"
2026-06-11 16:25:22,282 [INFO] Brave returned 15 candidates for SKU S004493 (query='Barnett 2021 wine bottle vivino')
2026-06-11 16:25:22,315 [INFO] HTTP Request: GET https://www.googleapis.com/customsearch/v1?key=AIzaSyBZ5p08dd5cR_Q5bMHhaAFuH6kPUO9jxrY&cx=02211d6d3950b4d03&q=Barnett+2021+wine+bottle&searchType=image&num=10&imgSize=large&imgType=photo "HTTP/1.1 403 Forbidden"
2026-06-11 16:25:22,318 [WARNING] Custom Search JSON API returned 403: this GCP project likely has no JSON API entitlement (Google closed JSON API access for new projects; DDG/Bing fallback will be used). See https://developers.google.com/custom-search/v1/overview (Vertex AI Search or a third-party SERP API are alternatives).
2026-06-11 16:25:22,447 [INFO] HTTP Request: GET https://api.search.brave.com/res/v1/images/search?q=Barnett+2021+wine+bottle&count=15&search_lang=en&country=ALL&safesearch=strict&spellcheck=true "HTTP/1.1 200 OK"
2026-06-11 16:25:22,449 [INFO] Brave returned 15 candidates for SKU S004493 (query='Barnett 2021 wine bottle')
2026-06-11 16:25:22,512 [INFO] response: https://duckduckgo.com/?q=Barnett+2021+wine+bottle 202
2026-06-11 16:25:22,564 [INFO] response: https://www.bing.com/images/async?q=Barnett+2021+wine+bottle&async=1&first=1&count=35 200
2026-06-11 16:25:22,574 [INFO] Bing returned 15 candidates for SKU S004493
2026-06-11 16:25:22,615 [INFO] response: https://duckduckgo.com/i.js?o=json&q=Barnett+2021+wine+bottle&l=us-en&vqd=4-163197730428632184990791256221048486870&p=1&ct=AT 403
2026-06-11 16:25:22,849 [INFO] response: https://www.bing.com/images/async?q=Barnett+2021+wine+bottle&async=1&first=1&count=35 200
2026-06-11 16:25:22,860 [INFO] DuckDuckGo returned 15 candidates for SKU S004493
2026-06-11 16:25:23,115 [INFO] HTTP Request: POST https://google.serper.dev/images "HTTP/1.1 400 Bad Request"
2026-06-11 16:25:23,117 [ERROR] Serper HTTP error: Client error '400 Bad Request' for url 'https://google.serper.dev/images'
For more information check: https://developer.mozilla.org/en-US/docs/Web/HTTP/Status/400
2026-06-11 16:25:23,117 [INFO] SKU S004493 query='Barnett 2021 wine bottle' — brave=15 google_cse=0 google_images=0 bing=15 ddg=15
2026-06-11 16:25:23,117 [INFO] Merged 61 total candidates for SKU S004493 (all sources, 3 queries)
2026-06-11 16:25:23,714 [INFO] HTTP Request: GET https://www.happywinecalle8.com/cdn/shop/files/2021-barnett-vineyards-spring-mountain-cabernet-sauvignon-napa-valley-california-237502.png?v=1733827597&width=1080 "HTTP/1.1 404 Not Found"
2026-06-11 16:25:23,715 [ERROR] Image download failed for https://www.happywinecalle8.com/cdn/shop/files/2021-barnett-vineyards-spring-mountain-cabernet-sauvignon-napa-valley-california-237502.png?v=1733827597&width=1080: Client error '404 Not Found' for url 'https://www.happywinecalle8.com/cdn/shop/files/2021-barnett-vineyards-spring-mountain-cabernet-sauvignon-napa-valley-california-237502.png?v=1733827597&width=1080'
For more information check: https://developer.mozilla.org/en-US/docs/Web/HTTP/Status/404
2026-06-11 16:25:23,715 [ERROR] Error processing candidate https://www.happywinecalle8.com/cdn/shop/files/2021-barnett-vineyards-spring-mountain-cabernet-sauvignon-napa-valley-california-237502.png?v=1733827597&width=1080 for SKU S004493: Failed to download image: https://www.happywinecalle8.com/cdn/shop/files/2021-barnett-vineyards-spring-mountain-cabernet-sauvignon-napa-valley-california-237502.png?v=1733827597&width=1080
2026-06-11 16:25:23,934 [INFO] HTTP Request: GET https://cdn.ct-static.com/labels/7c0c513e-a8f8-4cac-a904-2c897269d7ad.jpg "HTTP/1.1 200 OK"
2026-06-11 16:25:24,022 [ERROR] Error processing candidate https://cdn.ct-static.com/labels/7c0c513e-a8f8-4cac-a904-2c897269d7ad.jpg for SKU S004493: Bottle is cropped — cap or base not fully visible
2026-06-11 16:25:24,256 [INFO] HTTP Request: GET https://assets.wine.com/winecom/image/upload/w_600,h_400,dpr_2.0,c_fit,q_auto:good,fl_progressive/rrkiwjbqktxal2ieogyk.jpg "HTTP/1.1 200 OK"
2026-06-11 16:25:24,278 [ERROR] Error processing candidate https://assets.wine.com/winecom/image/upload/w_600,h_400,dpr_2.0,c_fit,q_auto:good,fl_progressive/rrkiwjbqktxal2ieogyk.jpg for SKU S004493: Bottle is cropped — cap or base not fully visible
2026-06-11 16:25:24,438 [INFO] HTTP Request: GET https://cdn.ct-static.com/labels/cc00b47b-9737-4dba-b97f-20d6779a82f9.jpg "HTTP/1.1 200 OK"
2026-06-11 16:25:24,513 [ERROR] Error processing candidate https://cdn.ct-static.com/labels/cc00b47b-9737-4dba-b97f-20d6779a82f9.jpg for SKU S004493: Bottle is cropped — cap or base not fully visible
2026-06-11 16:25:24,594 [INFO] HTTP Request: GET https://www.mrdwine.com/cdn/shop/files/BarnettVineyardsSpringMountainDistrictCabernetSauvignon2021.png?v=1701943892&width=1080 "HTTP/1.1 200 OK"
2026-06-11 16:25:24,677 [ERROR] Error processing candidate https://www.mrdwine.com/cdn/shop/files/BarnettVineyardsSpringMountainDistrictCabernetSauvignon2021.png?v=1701943892&width=1080 for SKU S004493: Bottle is cropped — cap or base not fully visible
2026-06-11 16:25:24,840 [INFO] HTTP Request: GET https://cdn.ct-static.com/labels/3b61dd6a-de11-477b-9bc5-810cda25006e.jpg "HTTP/1.1 200 OK"
2026-06-11 16:25:24,928 [ERROR] Error processing candidate https://cdn.ct-static.com/labels/3b61dd6a-de11-477b-9bc5-810cda25006e.jpg for SKU S004493: Bottle is cropped — cap or base not fully visible
2026-06-11 16:25:25,003 [INFO] HTTP Request: GET https://d2j6dbq0eux0bg.cloudfront.net/images/78536016/3403339959.jpg "HTTP/1.1 200 OK"
2026-06-11 16:25:25,024 [INFO] AFC is enabled with max remote calls: 10.
2026-06-11 16:25:28,206 [INFO] AFC is enabled with max remote calls: 10.
2026-06-11 16:25:31,554 [INFO] HTTP Request: GET https://cdn.ct-static.com/labels/6cf12fa0-0e5b-4acc-b37f-e46649cdda81.jpg "HTTP/1.1 200 OK"
2026-06-11 16:25:31,645 [ERROR] Error processing candidate https://cdn.ct-static.com/labels/6cf12fa0-0e5b-4acc-b37f-e46649cdda81.jpg for SKU S004493: Bottle is cropped — cap or base not fully visible
2026-06-11 16:25:31,772 [INFO] HTTP Request: GET https://www.winemadeeasy.com/media/catalog/product/cache/400a650acef16caf799ce948294c4e36/b/a/barnett_spring_mt_cab_18mv_750.jpg "HTTP/1.1 403 Forbidden"
2026-06-11 16:25:31,775 [ERROR] Image download failed for https://www.winemadeeasy.com/media/catalog/product/cache/400a650acef16caf799ce948294c4e36/b/a/barnett_spring_mt_cab_18mv_750.jpg: Client error '403 Forbidden' for url 'https://www.winemadeeasy.com/media/catalog/product/cache/400a650acef16caf799ce948294c4e36/b/a/barnett_spring_mt_cab_18mv_750.jpg'
For more information check: https://developer.mozilla.org/en-US/docs/Web/HTTP/Status/403
2026-06-11 16:25:31,775 [ERROR] Error processing candidate https://www.winemadeeasy.com/media/catalog/product/cache/400a650acef16caf799ce948294c4e36/b/a/barnett_spring_mt_cab_18mv_750.jpg for SKU S004493: Failed to download image: https://www.winemadeeasy.com/media/catalog/product/cache/400a650acef16caf799ce948294c4e36/b/a/barnett_spring_mt_cab_18mv_750.jpg
2026-06-11 16:25:32,926 [INFO] HTTP Request: GET https://cdn.ct-static.com/labels/4944e534-f55f-4e23-ac1e-6b9c0ad4b59f.jpg "HTTP/1.1 200 OK"
2026-06-11 16:25:33,015 [ERROR] Error processing candidate https://cdn.ct-static.com/labels/4944e534-f55f-4e23-ac1e-6b9c0ad4b59f.jpg for SKU S004493: Bottle is cropped — cap or base not fully visible
2026-06-11 16:25:33,576 [INFO] HTTP Request: GET https://www.napawineproject.com/wp-blog/wp-content/uploads/2013/10/Barnett-Vineyards-Merlot-1024x683.jpg "HTTP/1.1 200 OK"
2026-06-11 16:25:33,961 [ERROR] Error processing candidate https://www.napawineproject.com/wp-blog/wp-content/uploads/2013/10/Barnett-Vineyards-Merlot-1024x683.jpg for SKU S004493: Bottle is cropped — cap or base not fully visible
2026-06-11 16:25:34,985 [INFO] HTTP Request: GET https://cdn.ct-static.com/labels/6d972c71-3a09-42ab-bdbd-5ec21919e22b.jpg "HTTP/1.1 200 OK"
2026-06-11 16:25:35,055 [ERROR] Error processing candidate https://cdn.ct-static.com/labels/6d972c71-3a09-42ab-bdbd-5ec21919e22b.jpg for SKU S004493: Bottle is cropped — cap or base not fully visible
2026-06-11 16:25:35,163 [INFO] HTTP Request: GET https://www.wine.com/content/media/jc70ljquxrra/3XCrwtZlSUksGysAAmiw0W/1558a8a54aaad9aeee8812331e52ec05/Napa2.jpg?w=1920&q=50 "HTTP/1.1 200 OK"
2026-06-11 16:25:35,240 [ERROR] Error processing candidate https://www.wine.com/content/media/jc70ljquxrra/3XCrwtZlSUksGysAAmiw0W/1558a8a54aaad9aeee8812331e52ec05/Napa2.jpg?w=1920&q=50 for SKU S004493: Bottle is cropped — cap or base not fully visible
2026-06-11 16:25:36,103 [INFO] HTTP Request: GET https://cdn.ct-static.com/labels/6cb1a7d8-070d-4318-925f-5db05f83d78b.jpg "HTTP/1.1 200 OK"
2026-06-11 16:25:36,136 [ERROR] Error processing candidate https://cdn.ct-static.com/labels/6cb1a7d8-070d-4318-925f-5db05f83d78b.jpg for SKU S004493: Bottle is cropped — cap or base not fully visible
2026-06-11 16:25:36,301 [INFO] HTTP Request: GET https://www.winecountryconnection.net/wp-content/uploads/2024/03/unnamed-1-4-1.png "HTTP/1.1 403 Forbidden"
2026-06-11 16:25:36,303 [ERROR] Image download failed for https://www.winecountryconnection.net/wp-content/uploads/2024/03/unnamed-1-4-1.png: Client error '403 Forbidden' for url 'https://www.winecountryconnection.net/wp-content/uploads/2024/03/unnamed-1-4-1.png'
For more information check: https://developer.mozilla.org/en-US/docs/Web/HTTP/Status/403
2026-06-11 16:25:36,303 [ERROR] Error processing candidate https://www.winecountryconnection.net/wp-content/uploads/2024/03/unnamed-1-4-1.png for SKU S004493: Failed to download image: https://www.winecountryconnection.net/wp-content/uploads/2024/03/unnamed-1-4-1.png
2026-06-11 16:25:36,304 [INFO]   ✓ S004493 confidence=0% producer=0% vintage=0%
2026-06-11 16:25:36,304 [INFO] [5/61] S004494: Barnett Chardonnay, Sangiocomo Vineyard, Carneros, California
2026-06-11 16:25:36,401 [INFO] HTTP Request: POST https://google.serper.dev/images "HTTP/1.1 400 Bad Request"
2026-06-11 16:25:36,402 [WARNING] Serper unavailable for Vivino search SKU S004494 — using Brave
2026-06-11 16:25:37,322 [INFO] HTTP Request: GET https://api.search.brave.com/res/v1/images/search?q=Barnett+Chardonnay%2C+Sangiocomo+Vineyard%2C+Carneros%2C+California+2020+vivino&count=15&search_lang=en&country=ALL&safesearch=strict&spellcheck=true "HTTP/1.1 200 OK"
2026-06-11 16:25:37,324 [INFO] Brave returned 15 candidates for SKU S004494 (query='Barnett Chardonnay, Sangiocomo Vineyard, Carneros, California 2020 vivino')
2026-06-11 16:25:37,369 [INFO] HTTP Request: POST https://google.serper.dev/images "HTTP/1.1 400 Bad Request"
2026-06-11 16:25:37,370 [WARNING] Serper unavailable for Vivino search SKU S004494 — using Brave
2026-06-11 16:25:38,098 [INFO] HTTP Request: GET https://api.search.brave.com/res/v1/images/search?q=Barnett+Chardonnay%2C+Sangiocomo+Vineyard%2C+Carneros%2C+California+2020+wine+bottle+vivino&count=15&search_lang=en&country=ALL&safesearch=strict&spellcheck=true "HTTP/1.1 200 OK"
2026-06-11 16:25:38,100 [INFO] Brave returned 15 candidates for SKU S004494 (query='Barnett Chardonnay, Sangiocomo Vineyard, Carneros, California 2020 wine bottle v')
2026-06-11 16:25:38,372 [INFO] HTTP Request: POST https://google.serper.dev/images "HTTP/1.1 400 Bad Request"
2026-06-11 16:25:38,374 [WARNING] Serper unavailable for Vivino search SKU S004494 — using Brave
2026-06-11 16:25:38,978 [INFO] HTTP Request: GET https://api.search.brave.com/res/v1/images/search?q=Barnett+2020+wine+bottle+vivino&count=15&search_lang=en&country=ALL&safesearch=strict&spellcheck=true "HTTP/1.1 200 OK"
2026-06-11 16:25:38,981 [INFO] Brave returned 15 candidates for SKU S004494 (query='Barnett 2020 wine bottle vivino')
2026-06-11 16:25:39,376 [INFO] HTTP Request: POST https://google.serper.dev/images "HTTP/1.1 400 Bad Request"
2026-06-11 16:25:39,377 [WARNING] Serper unavailable for Vivino search SKU S004494 — using Brave
2026-06-11 16:25:39,542 [INFO] HTTP Request: GET https://api.search.brave.com/res/v1/images/search?q=Barnett+Chardonnay%2C+Sangiocomo+Vineyard%2C+Carneros%2C+California+2020+vivino&count=15&search_lang=en&country=ALL&safesearch=strict&spellcheck=true "HTTP/1.1 200 OK"
2026-06-11 16:25:39,545 [INFO] Brave returned 15 candidates for SKU S004494 (query='Barnett Chardonnay, Sangiocomo Vineyard, Carneros, California 2020 vivino')
2026-06-11 16:25:39,617 [INFO] HTTP Request: GET https://www.googleapis.com/customsearch/v1?key=AIzaSyBZ5p08dd5cR_Q5bMHhaAFuH6kPUO9jxrY&cx=02211d6d3950b4d03&q=Barnett+Chardonnay%2C+Sangiocomo+Vineyard%2C+Carneros%2C+California+2020&searchType=image&num=10&imgSize=large&imgType=photo "HTTP/1.1 403 Forbidden"
2026-06-11 16:25:39,618 [WARNING] Custom Search JSON API returned 403: this GCP project likely has no JSON API entitlement (Google closed JSON API access for new projects; DDG/Bing fallback will be used). See https://developers.google.com/custom-search/v1/overview (Vertex AI Search or a third-party SERP API are alternatives).
2026-06-11 16:25:39,701 [INFO] response: https://duckduckgo.com/?q=Barnett+Chardonnay%2C+Sangiocomo+Vineyard%2C+Carneros%2C+California+2020 202
2026-06-11 16:25:39,709 [INFO] HTTP Request: GET https://api.search.brave.com/res/v1/images/search?q=Barnett+Chardonnay%2C+Sangiocomo+Vineyard%2C+Carneros%2C+California+2020&count=15&search_lang=en&country=ALL&safesearch=strict&spellcheck=true "HTTP/1.1 200 OK"
2026-06-11 16:25:39,712 [INFO] Brave returned 15 candidates for SKU S004494 (query='Barnett Chardonnay, Sangiocomo Vineyard, Carneros, California 2020')
2026-06-11 16:25:39,895 [INFO] response: https://www.bing.com/images/async?q=Barnett+Chardonnay%2C+Sangiocomo+Vineyard%2C+Carneros%2C+California+2020&async=1&first=1&count=35 200
2026-06-11 16:25:39,907 [INFO] response: https://duckduckgo.com/i.js?o=json&q=Barnett+Chardonnay%2C+Sangiocomo+Vineyard%2C+Carneros%2C+California+2020&l=us-en&vqd=4-161667340834380596698120161676426125202&p=1&ct=AT 403
2026-06-11 16:25:39,909 [INFO] Bing returned 15 candidates for SKU S004494
2026-06-11 16:25:40,106 [INFO] response: https://www.bing.com/images/async?q=Barnett+Chardonnay%2C+Sangiocomo+Vineyard%2C+Carneros%2C+California+2020&async=1&first=1&count=35 200
2026-06-11 16:25:40,117 [INFO] DuckDuckGo returned 15 candidates for SKU S004494
2026-06-11 16:25:40,381 [INFO] HTTP Request: POST https://google.serper.dev/images "HTTP/1.1 400 Bad Request"
2026-06-11 16:25:40,382 [ERROR] Serper HTTP error: Client error '400 Bad Request' for url 'https://google.serper.dev/images'
For more information check: https://developer.mozilla.org/en-US/docs/Web/HTTP/Status/400
2026-06-11 16:25:40,382 [INFO] SKU S004494 query='Barnett Chardonnay, Sangiocomo Vineyard, Carneros, California 2020' — brave=15 google_cse=0 google_images=0 bing=15 ddg=15
2026-06-11 16:25:41,383 [INFO] HTTP Request: POST https://google.serper.dev/images "HTTP/1.1 400 Bad Request"
2026-06-11 16:25:41,384 [WARNING] Serper unavailable for Vivino search SKU S004494 — using Brave
2026-06-11 16:25:41,546 [INFO] HTTP Request: GET https://api.search.brave.com/res/v1/images/search?q=Barnett+Chardonnay%2C+Sangiocomo+Vineyard%2C+Carneros%2C+California+2020+wine+bottle+vivino&count=15&search_lang=en&country=ALL&safesearch=strict&spellcheck=true "HTTP/1.1 200 OK"
2026-06-11 16:25:41,549 [INFO] Brave returned 15 candidates for SKU S004494 (query='Barnett Chardonnay, Sangiocomo Vineyard, Carneros, California 2020 wine bottle v')
2026-06-11 16:25:41,594 [INFO] HTTP Request: GET https://www.googleapis.com/customsearch/v1?key=AIzaSyBZ5p08dd5cR_Q5bMHhaAFuH6kPUO9jxrY&cx=02211d6d3950b4d03&q=Barnett+Chardonnay%2C+Sangiocomo+Vineyard%2C+Carneros%2C+California+2020+wine+bottle&searchType=image&num=10&imgSize=large&imgType=photo "HTTP/1.1 403 Forbidden"
2026-06-11 16:25:41,596 [WARNING] Custom Search JSON API returned 403: this GCP project likely has no JSON API entitlement (Google closed JSON API access for new projects; DDG/Bing fallback will be used). See https://developers.google.com/custom-search/v1/overview (Vertex AI Search or a third-party SERP API are alternatives).
2026-06-11 16:25:41,696 [INFO] response: https://duckduckgo.com/?q=Barnett+Chardonnay%2C+Sangiocomo+Vineyard%2C+Carneros%2C+California+2020+wine+bottle 202
2026-06-11 16:25:41,718 [INFO] HTTP Request: GET https://api.search.brave.com/res/v1/images/search?q=Barnett+Chardonnay%2C+Sangiocomo+Vineyard%2C+Carneros%2C+California+2020+wine+bottle&count=15&search_lang=en&country=ALL&safesearch=strict&spellcheck=true "HTTP/1.1 200 OK"
2026-06-11 16:25:41,721 [INFO] Brave returned 15 candidates for SKU S004494 (query='Barnett Chardonnay, Sangiocomo Vineyard, Carneros, California 2020 wine bottle')
2026-06-11 16:25:41,887 [INFO] response: https://www.bing.com/images/async?q=Barnett+Chardonnay%2C+Sangiocomo+Vineyard%2C+Carneros%2C+California+2020+wine+bottle&async=1&first=1&count=35 200
2026-06-11 16:25:41,887 [INFO] response: https://duckduckgo.com/i.js?o=json&q=Barnett+Chardonnay%2C+Sangiocomo+Vineyard%2C+Carneros%2C+California+2020+wine+bottle&l=us-en&vqd=4-71488661189739691041201634168622606586&p=1&ct=AT 403
2026-06-11 16:25:41,901 [INFO] Bing returned 15 candidates for SKU S004494
2026-06-11 16:25:41,979 [INFO] response: https://duckduckgo.com/?q=Barnett+Chardonnay%2C+Sangiocomo+Vineyard%2C+Carneros%2C+California+2020+wine+bottle 200
2026-06-11 16:25:42,085 [INFO] response: https://duckduckgo.com/i.js?o=json&q=Barnett+Chardonnay%2C+Sangiocomo+Vineyard%2C+Carneros%2C+California+2020+wine+bottle&l=us-en&vqd=4-71488661189739691041201634168622606586&p=1&ct=AT 403
2026-06-11 16:25:42,292 [INFO] response: https://www.bing.com/images/async?q=Barnett+Chardonnay%2C+Sangiocomo+Vineyard%2C+Carneros%2C+California+2020+wine+bottle&async=1&first=1&count=35 200
2026-06-11 16:25:42,305 [INFO] DuckDuckGo returned 15 candidates for SKU S004494
2026-06-11 16:25:42,386 [INFO] HTTP Request: POST https://google.serper.dev/images "HTTP/1.1 400 Bad Request"
2026-06-11 16:25:42,387 [ERROR] Serper HTTP error: Client error '400 Bad Request' for url 'https://google.serper.dev/images'
For more information check: https://developer.mozilla.org/en-US/docs/Web/HTTP/Status/400
2026-06-11 16:25:42,387 [INFO] SKU S004494 query='Barnett Chardonnay, Sangiocomo Vineyard, Carneros, California 2020 win' — brave=15 google_cse=0 google_images=0 bing=15 ddg=15
2026-06-11 16:25:43,389 [INFO] HTTP Request: POST https://google.serper.dev/images "HTTP/1.1 400 Bad Request"
2026-06-11 16:25:43,390 [WARNING] Serper unavailable for Vivino search SKU S004494 — using Brave
2026-06-11 16:25:43,555 [INFO] HTTP Request: GET https://api.search.brave.com/res/v1/images/search?q=Barnett+2020+wine+bottle+vivino&count=15&search_lang=en&country=ALL&safesearch=strict&spellcheck=true "HTTP/1.1 200 OK"
2026-06-11 16:25:43,558 [INFO] Brave returned 15 candidates for SKU S004494 (query='Barnett 2020 wine bottle vivino')
2026-06-11 16:25:43,600 [INFO] HTTP Request: GET https://www.googleapis.com/customsearch/v1?key=AIzaSyBZ5p08dd5cR_Q5bMHhaAFuH6kPUO9jxrY&cx=02211d6d3950b4d03&q=Barnett+2020+wine+bottle&searchType=image&num=10&imgSize=large&imgType=photo "HTTP/1.1 403 Forbidden"
2026-06-11 16:25:43,602 [WARNING] Custom Search JSON API returned 403: this GCP project likely has no JSON API entitlement (Google closed JSON API access for new projects; DDG/Bing fallback will be used). See https://developers.google.com/custom-search/v1/overview (Vertex AI Search or a third-party SERP API are alternatives).
2026-06-11 16:25:43,705 [INFO] response: https://duckduckgo.com/?q=Barnett+2020+wine+bottle 202
2026-06-11 16:25:43,723 [INFO] HTTP Request: GET https://api.search.brave.com/res/v1/images/search?q=Barnett+2020+wine+bottle&count=15&search_lang=en&country=ALL&safesearch=strict&spellcheck=true "HTTP/1.1 200 OK"
2026-06-11 16:25:43,725 [INFO] Brave returned 15 candidates for SKU S004494 (query='Barnett 2020 wine bottle')
2026-06-11 16:25:43,868 [INFO] response: https://www.bing.com/images/async?q=Barnett+2020+wine+bottle&async=1&first=1&count=35 200
2026-06-11 16:25:43,880 [INFO] Bing returned 15 candidates for SKU S004494
2026-06-11 16:25:43,893 [INFO] response: https://duckduckgo.com/i.js?o=json&q=Barnett+2020+wine+bottle&l=us-en&vqd=4-14474114677265666372009262234555474404&p=1&ct=AT 403
2026-06-11 16:25:44,132 [INFO] response: https://www.bing.com/images/async?q=Barnett+2020+wine+bottle&async=1&first=1&count=35 200
2026-06-11 16:25:44,144 [INFO] DuckDuckGo returned 15 candidates for SKU S004494
2026-06-11 16:25:44,393 [INFO] HTTP Request: POST https://google.serper.dev/images "HTTP/1.1 400 Bad Request"
2026-06-11 16:25:44,395 [ERROR] Serper HTTP error: Client error '400 Bad Request' for url 'https://google.serper.dev/images'
For more information check: https://developer.mozilla.org/en-US/docs/Web/HTTP/Status/400
2026-06-11 16:25:44,395 [INFO] SKU S004494 query='Barnett 2020 wine bottle' — brave=15 google_cse=0 google_images=0 bing=15 ddg=15
2026-06-11 16:25:44,395 [INFO] Merged 70 total candidates for SKU S004494 (all sources, 3 queries)
2026-06-11 16:25:44,538 [INFO] HTTP Request: GET https://vintagewineandspirits.com/cdn/shop/files/Lloyd-Carneros-Chardonnay-2020-Vintage-Wine-and-Sp-0.jpg?v=1756554470&width=1946 "HTTP/1.1 200 OK"
2026-06-11 16:25:44,574 [INFO] AFC is enabled with max remote calls: 10.
2026-06-11 16:25:48,986 [INFO] AFC is enabled with max remote calls: 10.
2026-06-11 16:25:53,391 [INFO] HTTP Request: GET https://cdn.ct-static.com/labels/f488908e-8879-4bed-8212-d4e8b6a53c46.jpg "HTTP/1.1 200 OK"
2026-06-11 16:25:53,493 [ERROR] Error processing candidate https://cdn.ct-static.com/labels/f488908e-8879-4bed-8212-d4e8b6a53c46.jpg for SKU S004494: Bottle is cropped — cap or base not fully visible
2026-06-11 16:25:53,746 [INFO] HTTP Request: GET https://craftshack.com/cdn/shop/files/LloydCarnerosChardonnay2020_535x.jpg?v=1705850694 "HTTP/1.1 200 OK"
2026-06-11 16:25:53,772 [INFO] AFC is enabled with max remote calls: 10.
2026-06-11 16:25:59,884 [INFO] AFC is enabled with max remote calls: 10.
2026-06-11 16:26:05,204 [INFO] HTTP Request: GET https://redneckwinecompany.com/cdn/shop/products/barnett-sangiacomo-vineyard-carneros-chardonnay-2017-750ml-897096_800x.jpg?v=1691423366 "HTTP/1.1 200 OK"
2026-06-11 16:26:05,221 [ERROR] Error processing candidate https://redneckwinecompany.com/cdn/shop/products/barnett-sangiacomo-vineyard-carneros-chardonnay-2017-750ml-897096_800x.jpg?v=1691423366 for SKU S004494: Bottle is cropped — cap or base not fully visible
2026-06-11 16:26:05,403 [INFO] HTTP Request: GET https://assets.wine.com/winecom/image/upload/w_600,h_400,dpr_2.0,c_fit,q_auto:good,fl_progressive/ai2ynf7a8hovbkg8at9f.jpg "HTTP/1.1 200 OK"
2026-06-11 16:26:05,464 [ERROR] Error processing candidate https://assets.wine.com/winecom/image/upload/w_600,h_400,dpr_2.0,c_fit,q_auto:good,fl_progressive/ai2ynf7a8hovbkg8at9f.jpg for SKU S004494: Bottle is cropped — cap or base not fully visible
2026-06-11 16:26:06,218 [INFO] HTTP Request: GET https://wineriff.com/wp-content/uploads/2021/05/Barnett-19-Sangiacomo-CH-768x1024.jpg "HTTP/1.1 200 OK"
2026-06-11 16:26:06,791 [ERROR] Error processing candidate https://wineriff.com/wp-content/uploads/2021/05/Barnett-19-Sangiacomo-CH-768x1024.jpg for SKU S004494: Bottle is cropped — cap or base not fully visible
2026-06-11 16:26:06,889 [INFO] HTTP Request: GET https://cdn11.bigcommerce.com/s-zhp7f0lunw/images/stencil/220x220/products/23803/10034/2022_Barnett_Vineyards_Chardonnay_Sangiacomo_Vineyard_Los_Carneros__45616.1724094949.png?c=2 "HTTP/1.1 200 OK"
2026-06-11 16:26:06,897 [ERROR] Error processing candidate https://cdn11.bigcommerce.com/s-zhp7f0lunw/images/stencil/220x220/products/23803/10034/2022_Barnett_Vineyards_Chardonnay_Sangiacomo_Vineyard_Los_Carneros__45616.1724094949.png?c=2 for SKU S004494: Bottle is cropped — cap or base not fully visible
2026-06-11 16:26:07,284 [INFO] HTTP Request: GET https://cdn.ct-static.com/labels/b3034ebf-cdd6-455a-8ac7-744d9ab021d9.jpg "HTTP/1.1 200 OK"
2026-06-11 16:26:07,311 [ERROR] Error processing candidate https://cdn.ct-static.com/labels/b3034ebf-cdd6-455a-8ac7-744d9ab021d9.jpg for SKU S004494: Bottle is cropped — cap or base not fully visible
2026-06-11 16:26:07,399 [INFO] HTTP Request: GET https://cdn11.bigcommerce.com/s-zhp7f0lunw/images/stencil/1024x1024/products/23803/10034/2022_Barnett_Vineyards_Chardonnay_Sangiacomo_Vineyard_Los_Carneros__45616.1724094949.png?c=2 "HTTP/1.1 200 OK"
2026-06-11 16:26:07,432 [ERROR] Error processing candidate https://cdn11.bigcommerce.com/s-zhp7f0lunw/images/stencil/1024x1024/products/23803/10034/2022_Barnett_Vineyards_Chardonnay_Sangiacomo_Vineyard_Los_Carneros__45616.1724094949.png?c=2 for SKU S004494: Bottle is cropped — cap or base not fully visible
2026-06-11 16:26:07,548 [INFO] HTTP Request: GET https://d2mvsg0ph94s7h.cloudfront.net/richard-haynes-1420681019-20740e60de3d.jpg "HTTP/1.1 200 OK"
2026-06-11 16:26:07,654 [ERROR] Error processing candidate https://d2mvsg0ph94s7h.cloudfront.net/richard-haynes-1420681019-20740e60de3d.jpg for SKU S004494: Bottle is cropped — cap or base not fully visible
2026-06-11 16:26:07,756 [INFO] HTTP Request: GET https://www.winecountryconnection.net/wp-content/uploads/2023/10/image-15.png "HTTP/1.1 403 Forbidden"
2026-06-11 16:26:07,757 [ERROR] Image download failed for https://www.winecountryconnection.net/wp-content/uploads/2023/10/image-15.png: Client error '403 Forbidden' for url 'https://www.winecountryconnection.net/wp-content/uploads/2023/10/image-15.png'
For more information check: https://developer.mozilla.org/en-US/docs/Web/HTTP/Status/403
2026-06-11 16:26:07,757 [ERROR] Error processing candidate https://www.winecountryconnection.net/wp-content/uploads/2023/10/image-15.png for SKU S004494: Failed to download image: https://www.winecountryconnection.net/wp-content/uploads/2023/10/image-15.png
2026-06-11 16:26:08,416 [INFO] HTTP Request: GET https://wineriff.com/wp-content/uploads/2021/05/Barnett-19-Sangiacomo-CH-header-800.jpg "HTTP/1.1 200 OK"
2026-06-11 16:26:08,786 [ERROR] Error processing candidate https://wineriff.com/wp-content/uploads/2021/05/Barnett-19-Sangiacomo-CH-header-800.jpg for SKU S004494: Bottle is cropped — cap or base not fully visible
2026-06-11 16:26:09,497 [INFO] HTTP Request: GET https://blogger.googleusercontent.com/img/b/R29vZ2xl/AVvXsEgs68Q2OPAwksIHqjXMiQ2nt9HTHzgejuDtX6Sam1ElVvPiFIrb12hRSv-z5RnI77jv7GoE7339Ye3QtQUlnLJFwn2h1iZC8_bMm0xd85mqoj2QAeObSc32YSzV_7RFiU5eWvfTJPAvfIIOVjjYtRFmj2zTAdPKfkgvuXLWRRQZgm2PrtgBQEIMP6PhVbvX/w300-h400/Chard1.jpg "HTTP/1.1 200 OK"
2026-06-11 16:26:09,514 [ERROR] Error processing candidate https://blogger.googleusercontent.com/img/b/R29vZ2xl/AVvXsEgs68Q2OPAwksIHqjXMiQ2nt9HTHzgejuDtX6Sam1ElVvPiFIrb12hRSv-z5RnI77jv7GoE7339Ye3QtQUlnLJFwn2h1iZC8_bMm0xd85mqoj2QAeObSc32YSzV_7RFiU5eWvfTJPAvfIIOVjjYtRFmj2zTAdPKfkgvuXLWRRQZgm2PrtgBQEIMP6PhVbvX/w300-h400/Chard1.jpg for SKU S004494: Bottle is cropped — cap or base not fully visible
2026-06-11 16:26:10,308 [INFO] HTTP Request: GET https://cdn.ct-static.com/labels/42653fe3-28f5-4aee-9a1e-48748205c219.jpg "HTTP/1.1 200 OK"
2026-06-11 16:26:10,332 [ERROR] Error processing candidate https://cdn.ct-static.com/labels/42653fe3-28f5-4aee-9a1e-48748205c219.jpg for SKU S004494: Bottle is cropped — cap or base not fully visible
2026-06-11 16:26:10,420 [INFO] HTTP Request: GET https://trianglewineco.com/cdn/shop/files/wine-barnett-sangiacomo-vineyard-chardonnay-carneros-1183414537.jpg?v=1754519368&width=1946 "HTTP/1.1 200 OK"
2026-06-11 16:26:10,427 [ERROR] Error processing candidate https://trianglewineco.com/cdn/shop/files/wine-barnett-sangiacomo-vineyard-chardonnay-carneros-1183414537.jpg?v=1754519368&width=1946 for SKU S004494: Bottle is cropped — cap or base not fully visible
2026-06-11 16:26:10,428 [INFO]   ✓ S004494 confidence=0% producer=0% vintage=0%
2026-06-11 16:26:10,428 [INFO] [6/61] S004495: Barnett Chardonnay, Sangiocomo Vineyard, Carneros, California
2026-06-11 16:26:10,527 [INFO] HTTP Request: POST https://google.serper.dev/images "HTTP/1.1 400 Bad Request"
2026-06-11 16:26:10,528 [WARNING] Serper unavailable for Vivino search SKU S004495 — using Brave
2026-06-11 16:26:11,459 [INFO] HTTP Request: GET https://api.search.brave.com/res/v1/images/search?q=Barnett+Chardonnay%2C+Sangiocomo+Vineyard%2C+Carneros%2C+California+2022+vivino&count=15&search_lang=en&country=ALL&safesearch=strict&spellcheck=true "HTTP/1.1 200 OK"
2026-06-11 16:26:11,461 [INFO] Brave returned 15 candidates for SKU S004495 (query='Barnett Chardonnay, Sangiocomo Vineyard, Carneros, California 2022 vivino')
2026-06-11 16:26:11,509 [INFO] HTTP Request: POST https://google.serper.dev/images "HTTP/1.1 400 Bad Request"
2026-06-11 16:26:11,510 [WARNING] Serper unavailable for Vivino search SKU S004495 — using Brave
2026-06-11 16:26:12,203 [INFO] HTTP Request: GET https://api.search.brave.com/res/v1/images/search?q=Barnett+Chardonnay%2C+Sangiocomo+Vineyard%2C+Carneros%2C+California+2022+wine+bottle+vivino&count=15&search_lang=en&country=ALL&safesearch=strict&spellcheck=true "HTTP/1.1 200 OK"
2026-06-11 16:26:12,206 [INFO] Brave returned 15 candidates for SKU S004495 (query='Barnett Chardonnay, Sangiocomo Vineyard, Carneros, California 2022 wine bottle v')
2026-06-11 16:26:12,512 [INFO] HTTP Request: POST https://google.serper.dev/images "HTTP/1.1 400 Bad Request"
2026-06-11 16:26:12,513 [WARNING] Serper unavailable for Vivino search SKU S004495 — using Brave
2026-06-11 16:26:13,148 [INFO] HTTP Request: GET https://api.search.brave.com/res/v1/images/search?q=Barnett+2022+wine+bottle+vivino&count=15&search_lang=en&country=ALL&safesearch=strict&spellcheck=true "HTTP/1.1 200 OK"
2026-06-11 16:26:13,150 [INFO] Brave returned 15 candidates for SKU S004495 (query='Barnett 2022 wine bottle vivino')
2026-06-11 16:26:13,151 [INFO] Vivino (Brave fallback) returned 4 candidates for SKU S004495 (query='Barnett 2022 wine bottle vivino')
2026-06-11 16:26:13,512 [INFO] HTTP Request: POST https://google.serper.dev/images "HTTP/1.1 400 Bad Request"
2026-06-11 16:26:13,513 [WARNING] Serper unavailable for Vivino search SKU S004495 — using Brave
2026-06-11 16:26:13,678 [INFO] HTTP Request: GET https://api.search.brave.com/res/v1/images/search?q=Barnett+Chardonnay%2C+Sangiocomo+Vineyard%2C+Carneros%2C+California+2022+vivino&count=15&search_lang=en&country=ALL&safesearch=strict&spellcheck=true "HTTP/1.1 200 OK"
2026-06-11 16:26:13,680 [INFO] Brave returned 15 candidates for SKU S004495 (query='Barnett Chardonnay, Sangiocomo Vineyard, Carneros, California 2022 vivino')
2026-06-11 16:26:13,750 [INFO] HTTP Request: GET https://www.googleapis.com/customsearch/v1?key=AIzaSyBZ5p08dd5cR_Q5bMHhaAFuH6kPUO9jxrY&cx=02211d6d3950b4d03&q=Barnett+Chardonnay%2C+Sangiocomo+Vineyard%2C+Carneros%2C+California+2022&searchType=image&num=10&imgSize=large&imgType=photo "HTTP/1.1 403 Forbidden"
2026-06-11 16:26:13,752 [WARNING] Custom Search JSON API returned 403: this GCP project likely has no JSON API entitlement (Google closed JSON API access for new projects; DDG/Bing fallback will be used). See https://developers.google.com/custom-search/v1/overview (Vertex AI Search or a third-party SERP API are alternatives).
2026-06-11 16:26:13,849 [INFO] HTTP Request: GET https://api.search.brave.com/res/v1/images/search?q=Barnett+Chardonnay%2C+Sangiocomo+Vineyard%2C+Carneros%2C+California+2022&count=15&search_lang=en&country=ALL&safesearch=strict&spellcheck=true "HTTP/1.1 200 OK"
2026-06-11 16:26:13,852 [INFO] Brave returned 15 candidates for SKU S004495 (query='Barnett Chardonnay, Sangiocomo Vineyard, Carneros, California 2022')
2026-06-11 16:26:13,981 [INFO] response: https://www.bing.com/images/async?q=Barnett+Chardonnay%2C+Sangiocomo+Vineyard%2C+Carneros%2C+California+2022&async=1&first=1&count=35 200
2026-06-11 16:26:13,995 [INFO] Bing returned 15 candidates for SKU S004495
2026-06-11 16:26:14,020 [INFO] response: https://duckduckgo.com/?q=Barnett+Chardonnay%2C+Sangiocomo+Vineyard%2C+Carneros%2C+California+2022 202
2026-06-11 16:26:14,184 [INFO] response: https://duckduckgo.com/i.js?o=json&q=Barnett+Chardonnay%2C+Sangiocomo+Vineyard%2C+Carneros%2C+California+2022&l=us-en&vqd=4-311717635395911803590110909594528904474&p=1&ct=AT 403
2026-06-11 16:26:14,267 [INFO] response: https://duckduckgo.com/?q=Barnett+Chardonnay%2C+Sangiocomo+Vineyard%2C+Carneros%2C+California+2022 200
2026-06-11 16:26:14,366 [INFO] response: https://duckduckgo.com/i.js?o=json&q=Barnett+Chardonnay%2C+Sangiocomo+Vineyard%2C+Carneros%2C+California+2022&l=us-en&vqd=4-311717635395911803590110909594528904474&p=1&ct=AT 403
2026-06-11 16:26:14,515 [INFO] HTTP Request: POST https://google.serper.dev/images "HTTP/1.1 400 Bad Request"
2026-06-11 16:26:14,516 [ERROR] Serper HTTP error: Client error '400 Bad Request' for url 'https://google.serper.dev/images'
For more information check: https://developer.mozilla.org/en-US/docs/Web/HTTP/Status/400
2026-06-11 16:26:14,577 [INFO] response: https://www.bing.com/images/async?q=Barnett+Chardonnay%2C+Sangiocomo+Vineyard%2C+Carneros%2C+California+2022&async=1&first=1&count=35 200
2026-06-11 16:26:14,590 [INFO] DuckDuckGo returned 15 candidates for SKU S004495
2026-06-11 16:26:14,591 [INFO] SKU S004495 query='Barnett Chardonnay, Sangiocomo Vineyard, Carneros, California 2022' — brave=15 google_cse=0 google_images=0 bing=15 ddg=15
2026-06-11 16:26:15,515 [INFO] HTTP Request: POST https://google.serper.dev/images "HTTP/1.1 400 Bad Request"
2026-06-11 16:26:15,516 [WARNING] Serper unavailable for Vivino search SKU S004495 — using Brave
2026-06-11 16:26:15,683 [INFO] HTTP Request: GET https://api.search.brave.com/res/v1/images/search?q=Barnett+Chardonnay%2C+Sangiocomo+Vineyard%2C+Carneros%2C+California+2022+wine+bottle+vivino&count=15&search_lang=en&country=ALL&safesearch=strict&spellcheck=true "HTTP/1.1 200 OK"
2026-06-11 16:26:15,685 [INFO] Brave returned 15 candidates for SKU S004495 (query='Barnett Chardonnay, Sangiocomo Vineyard, Carneros, California 2022 wine bottle v')
2026-06-11 16:26:15,720 [INFO] HTTP Request: GET https://www.googleapis.com/customsearch/v1?key=AIzaSyBZ5p08dd5cR_Q5bMHhaAFuH6kPUO9jxrY&cx=02211d6d3950b4d03&q=Barnett+Chardonnay%2C+Sangiocomo+Vineyard%2C+Carneros%2C+California+2022+wine+bottle&searchType=image&num=10&imgSize=large&imgType=photo "HTTP/1.1 403 Forbidden"
2026-06-11 16:26:15,722 [WARNING] Custom Search JSON API returned 403: this GCP project likely has no JSON API entitlement (Google closed JSON API access for new projects; DDG/Bing fallback will be used). See https://developers.google.com/custom-search/v1/overview (Vertex AI Search or a third-party SERP API are alternatives).
2026-06-11 16:26:15,840 [INFO] response: https://duckduckgo.com/?q=Barnett+Chardonnay%2C+Sangiocomo+Vineyard%2C+Carneros%2C+California+2022+wine+bottle 202
2026-06-11 16:26:15,855 [INFO] HTTP Request: GET https://api.search.brave.com/res/v1/images/search?q=Barnett+Chardonnay%2C+Sangiocomo+Vineyard%2C+Carneros%2C+California+2022+wine+bottle&count=15&search_lang=en&country=ALL&safesearch=strict&spellcheck=true "HTTP/1.1 200 OK"
2026-06-11 16:26:15,858 [INFO] Brave returned 15 candidates for SKU S004495 (query='Barnett Chardonnay, Sangiocomo Vineyard, Carneros, California 2022 wine bottle')
2026-06-11 16:26:15,985 [INFO] response: https://www.bing.com/images/async?q=Barnett+Chardonnay%2C+Sangiocomo+Vineyard%2C+Carneros%2C+California+2022+wine+bottle&async=1&first=1&count=35 200
2026-06-11 16:26:15,996 [INFO] Bing returned 15 candidates for SKU S004495
2026-06-11 16:26:16,023 [INFO] response: https://duckduckgo.com/i.js?o=json&q=Barnett+Chardonnay%2C+Sangiocomo+Vineyard%2C+Carneros%2C+California+2022+wine+bottle&l=us-en&vqd=4-339513535197724801307035583500612535582&p=1&ct=AT 403
2026-06-11 16:26:16,108 [INFO] response: https://duckduckgo.com/?q=Barnett+Chardonnay%2C+Sangiocomo+Vineyard%2C+Carneros%2C+California+2022+wine+bottle 200
2026-06-11 16:26:16,210 [INFO] response: https://duckduckgo.com/i.js?o=json&q=Barnett+Chardonnay%2C+Sangiocomo+Vineyard%2C+Carneros%2C+California+2022+wine+bottle&l=us-en&vqd=4-339513535197724801307035583500612535582&p=1&ct=AT 403
2026-06-11 16:26:16,388 [INFO] response: https://www.bing.com/images/async?q=Barnett+Chardonnay%2C+Sangiocomo+Vineyard%2C+Carneros%2C+California+2022+wine+bottle&async=1&first=1&count=35 200
2026-06-11 16:26:16,400 [INFO] DuckDuckGo returned 15 candidates for SKU S004495
2026-06-11 16:26:16,518 [INFO] HTTP Request: POST https://google.serper.dev/images "HTTP/1.1 400 Bad Request"
2026-06-11 16:26:16,519 [ERROR] Serper HTTP error: Client error '400 Bad Request' for url 'https://google.serper.dev/images'
For more information check: https://developer.mozilla.org/en-US/docs/Web/HTTP/Status/400
2026-06-11 16:26:16,519 [INFO] SKU S004495 query='Barnett Chardonnay, Sangiocomo Vineyard, Carneros, California 2022 win' — brave=15 google_cse=0 google_images=0 bing=15 ddg=15
2026-06-11 16:26:17,519 [INFO] HTTP Request: POST https://google.serper.dev/images "HTTP/1.1 400 Bad Request"
2026-06-11 16:26:17,520 [WARNING] Serper unavailable for Vivino search SKU S004495 — using Brave
2026-06-11 16:26:17,688 [INFO] HTTP Request: GET https://api.search.brave.com/res/v1/images/search?q=Barnett+2022+wine+bottle+vivino&count=15&search_lang=en&country=ALL&safesearch=strict&spellcheck=true "HTTP/1.1 200 OK"
2026-06-11 16:26:17,690 [INFO] Brave returned 15 candidates for SKU S004495 (query='Barnett 2022 wine bottle vivino')
2026-06-11 16:26:17,691 [INFO] Vivino (Brave fallback) returned 4 candidates for SKU S004495 (query='Barnett 2022 wine bottle vivino')
2026-06-11 16:26:17,735 [INFO] HTTP Request: GET https://www.googleapis.com/customsearch/v1?key=AIzaSyBZ5p08dd5cR_Q5bMHhaAFuH6kPUO9jxrY&cx=02211d6d3950b4d03&q=Barnett+2022+wine+bottle&searchType=image&num=10&imgSize=large&imgType=photo "HTTP/1.1 403 Forbidden"
2026-06-11 16:26:17,737 [WARNING] Custom Search JSON API returned 403: this GCP project likely has no JSON API entitlement (Google closed JSON API access for new projects; DDG/Bing fallback will be used). See https://developers.google.com/custom-search/v1/overview (Vertex AI Search or a third-party SERP API are alternatives).
2026-06-11 16:26:17,856 [INFO] HTTP Request: GET https://api.search.brave.com/res/v1/images/search?q=Barnett+2022+wine+bottle&count=15&search_lang=en&country=ALL&safesearch=strict&spellcheck=true "HTTP/1.1 200 OK"
2026-06-11 16:26:17,859 [INFO] Brave returned 15 candidates for SKU S004495 (query='Barnett 2022 wine bottle')
2026-06-11 16:26:17,987 [INFO] response: https://www.bing.com/images/async?q=Barnett+2022+wine+bottle&async=1&first=1&count=35 200
2026-06-11 16:26:17,998 [INFO] Bing returned 15 candidates for SKU S004495
2026-06-11 16:26:18,050 [INFO] response: https://duckduckgo.com/?q=Barnett+2022+wine+bottle 202
2026-06-11 16:26:18,229 [INFO] response: https://duckduckgo.com/i.js?o=json&q=Barnett+2022+wine+bottle&l=us-en&vqd=4-53637258520381240586225207738563634888&p=1&ct=AT 403
2026-06-11 16:26:18,314 [INFO] response: https://duckduckgo.com/?q=Barnett+2022+wine+bottle 200
2026-06-11 16:26:18,411 [INFO] response: https://duckduckgo.com/i.js?o=json&q=Barnett+2022+wine+bottle&l=us-en&vqd=4-53637258520381240586225207738563634888&p=1&ct=AT 403
2026-06-11 16:26:18,534 [INFO] HTTP Request: POST https://google.serper.dev/images "HTTP/1.1 400 Bad Request"
2026-06-11 16:26:18,535 [ERROR] Serper HTTP error: Client error '400 Bad Request' for url 'https://google.serper.dev/images'
For more information check: https://developer.mozilla.org/en-US/docs/Web/HTTP/Status/400
2026-06-11 16:26:18,640 [INFO] response: https://www.bing.com/images/async?q=Barnett+2022+wine+bottle&async=1&first=1&count=35 200
2026-06-11 16:26:18,653 [INFO] DuckDuckGo returned 15 candidates for SKU S004495
2026-06-11 16:26:18,654 [INFO] SKU S004495 query='Barnett 2022 wine bottle' — brave=15 google_cse=0 google_images=0 bing=15 ddg=15
2026-06-11 16:26:18,654 [INFO] Merged 78 total candidates for SKU S004495 (all sources, 3 queries)
2026-06-11 16:26:18,789 [INFO] HTTP Request: GET https://www.winecountryconnection.net/wp-content/uploads/2023/10/image-15.png "HTTP/1.1 403 Forbidden"
2026-06-11 16:26:18,791 [ERROR] Image download failed for https://www.winecountryconnection.net/wp-content/uploads/2023/10/image-15.png: Client error '403 Forbidden' for url 'https://www.winecountryconnection.net/wp-content/uploads/2023/10/image-15.png'
For more information check: https://developer.mozilla.org/en-US/docs/Web/HTTP/Status/403
2026-06-11 16:26:18,791 [ERROR] Error processing candidate https://www.winecountryconnection.net/wp-content/uploads/2023/10/image-15.png for SKU S004495: Failed to download image: https://www.winecountryconnection.net/wp-content/uploads/2023/10/image-15.png
2026-06-11 16:26:19,386 [INFO] HTTP Request: GET https://static.wineaccess.com/optimized/images/products/2024/05/2022_Barnett_Vineyards_Chardonnay_Sangiacomo_Vineyard_Carneros_Bottleshot/e26e3c9c2bbc582aa5e94d3160c84584.webp "HTTP/1.1 200 OK"
2026-06-11 16:26:19,410 [ERROR] Error processing candidate https://static.wineaccess.com/optimized/images/products/2024/05/2022_Barnett_Vineyards_Chardonnay_Sangiacomo_Vineyard_Carneros_Bottleshot/e26e3c9c2bbc582aa5e94d3160c84584.webp for SKU S004495: Failed to download image: https://static.wineaccess.com/optimized/images/products/2024/05/2022_Barnett_Vineyards_Chardonnay_Sangiacomo_Vineyard_Carneros_Bottleshot/e26e3c9c2bbc582aa5e94d3160c84584.webp
2026-06-11 16:26:19,500 [INFO] HTTP Request: GET https://trianglewineco.com/cdn/shop/files/wine-barnett-sangiacomo-vineyard-chardonnay-carneros-1183414537.jpg?v=1754519368&width=1946 "HTTP/1.1 200 OK"
2026-06-11 16:26:19,510 [ERROR] Error processing candidate https://trianglewineco.com/cdn/shop/files/wine-barnett-sangiacomo-vineyard-chardonnay-carneros-1183414537.jpg?v=1754519368&width=1946 for SKU S004495: Bottle is cropped — cap or base not fully visible
2026-06-11 16:26:19,745 [INFO] HTTP Request: GET https://redneckwinecompany.com/cdn/shop/products/barnett-sangiacomo-vineyard-carneros-chardonnay-2017-750ml-897096_800x.jpg?v=1691423366 "HTTP/1.1 200 OK"
2026-06-11 16:26:19,772 [ERROR] Error processing candidate https://redneckwinecompany.com/cdn/shop/products/barnett-sangiacomo-vineyard-carneros-chardonnay-2017-750ml-897096_800x.jpg?v=1691423366 for SKU S004495: Bottle is cropped — cap or base not fully visible
2026-06-11 16:26:20,502 [INFO] HTTP Request: GET https://shop.adairfamilywines.com/assets/images/products/large/BR_Cohn_NV_Chardonnay_Sangiacomo_Vineyard_Carneros_750ml-FKMXQI.png "HTTP/1.1 200 OK"
2026-06-11 16:26:21,286 [ERROR] Error processing candidate https://shop.adairfamilywines.com/assets/images/products/large/BR_Cohn_NV_Chardonnay_Sangiacomo_Vineyard_Carneros_750ml-FKMXQI.png for SKU S004495: Bottle is cropped — cap or base not fully visible
2026-06-11 16:26:21,436 [INFO] HTTP Request: GET https://www.instacart.com/image-server/1200x1200/www.instacart.com/assets/domains/product-image/file/large_cb49561f-444d-46b4-9fcc-058433c9c929.jpeg "HTTP/1.1 200 OK"
2026-06-11 16:26:21,486 [ERROR] Error processing candidate https://www.instacart.com/image-server/1200x1200/www.instacart.com/assets/domains/product-image/file/large_cb49561f-444d-46b4-9fcc-058433c9c929.jpeg for SKU S004495: Bottle is cropped — cap or base not fully visible
2026-06-11 16:26:21,660 [INFO] HTTP Request: GET https://assets.wine.com/winecom/image/upload/w_600,h_400,dpr_2.0,c_fit,q_auto:good,fl_progressive/ai2ynf7a8hovbkg8at9f.jpg "HTTP/1.1 200 OK"
2026-06-11 16:26:21,715 [ERROR] Error processing candidate https://assets.wine.com/winecom/image/upload/w_600,h_400,dpr_2.0,c_fit,q_auto:good,fl_progressive/ai2ynf7a8hovbkg8at9f.jpg for SKU S004495: Bottle is cropped — cap or base not fully visible
2026-06-11 16:26:22,574 [INFO] HTTP Request: GET https://cdn.ct-static.com/labels/94d8c15d-2f0d-4021-a574-d83cc95431d2.jpg "HTTP/1.1 200 OK"
2026-06-11 16:26:22,599 [ERROR] Error processing candidate https://cdn.ct-static.com/labels/94d8c15d-2f0d-4021-a574-d83cc95431d2.jpg for SKU S004495: Bottle is cropped — cap or base not fully visible
2026-06-11 16:26:22,697 [INFO] HTTP Request: GET https://cdn11.bigcommerce.com/s-zhp7f0lunw/images/stencil/1024x1024/products/23803/10034/2022_Barnett_Vineyards_Chardonnay_Sangiacomo_Vineyard_Los_Carneros__45616.1724094949.png?c=2 "HTTP/1.1 200 OK"
2026-06-11 16:26:22,726 [ERROR] Error processing candidate https://cdn11.bigcommerce.com/s-zhp7f0lunw/images/stencil/1024x1024/products/23803/10034/2022_Barnett_Vineyards_Chardonnay_Sangiacomo_Vineyard_Los_Carneros__45616.1724094949.png?c=2 for SKU S004495: Bottle is cropped — cap or base not fully visible
2026-06-11 16:26:23,737 [INFO] HTTP Request: GET https://wineriff.com/wp-content/uploads/2021/05/Barnett-NV-Sangiacomo-CH.png "HTTP/1.1 200 OK"
libpng warning: iCCP: known incorrect sRGB profile
2026-06-11 16:26:24,491 [ERROR] Error processing candidate https://wineriff.com/wp-content/uploads/2021/05/Barnett-NV-Sangiacomo-CH.png for SKU S004495: Bottle is cropped — cap or base not fully visible
2026-06-11 16:26:24,569 [INFO] HTTP Request: GET https://www.brix26.com/cdn/shop/products/Gregory_Graham_Chard.jpg?v=1613070345&width=1080 "HTTP/1.1 200 OK"
2026-06-11 16:26:24,581 [ERROR] Error processing candidate https://www.brix26.com/cdn/shop/products/Gregory_Graham_Chard.jpg?v=1613070345&width=1080 for SKU S004495: Bottle is cropped — cap or base not fully visible
2026-06-11 16:26:25,667 [INFO] HTTP Request: GET https://cdn.ct-static.com/labels/d403019a-84e1-4cc3-aee7-fd2c35d5a2cb.jpg "HTTP/1.1 200 OK"
2026-06-11 16:26:25,708 [ERROR] Error processing candidate https://cdn.ct-static.com/labels/d403019a-84e1-4cc3-aee7-fd2c35d5a2cb.jpg for SKU S004495: Bottle is cropped — cap or base not fully visible
2026-06-11 16:26:25,813 [INFO] HTTP Request: GET https://cdn11.bigcommerce.com/s-a04d0/images/stencil/500x659/products/20879/22737/saintsbury-sangiacomo-vineyards-carneros-chardonnay__87319.1730154844.jpg?c=2 "HTTP/1.1 200 OK"
2026-06-11 16:26:25,831 [ERROR] Error processing candidate https://cdn11.bigcommerce.com/s-a04d0/images/stencil/500x659/products/20879/22737/saintsbury-sangiacomo-vineyards-carneros-chardonnay__87319.1730154844.jpg?c=2 for SKU S004495: Bottle is cropped — cap or base not fully visible
2026-06-11 16:26:26,767 [INFO] HTTP Request: GET https://www.wine.com/product/images/w_767,c_fit,q_auto:good,fl_progressive/354891.jpg "HTTP/1.1 200 OK"
2026-06-11 16:26:26,835 [ERROR] Error processing candidate https://www.wine.com/product/images/w_767,c_fit,q_auto:good,fl_progressive/354891.jpg for SKU S004495: Bottle is cropped — cap or base not fully visible
2026-06-11 16:26:26,928 [INFO] HTTP Request: GET https://www.barnettvineyards.com/assets/images/products/pictures/BVCH22SV_600x900.png "HTTP/1.1 403 Forbidden"
2026-06-11 16:26:26,930 [ERROR] Image download failed for https://www.barnettvineyards.com/assets/images/products/pictures/BVCH22SV_600x900.png: Client error '403 Forbidden' for url 'https://www.barnettvineyards.com/assets/images/products/pictures/BVCH22SV_600x900.png'
For more information check: https://developer.mozilla.org/en-US/docs/Web/HTTP/Status/403
2026-06-11 16:26:26,930 [ERROR] Error processing candidate https://www.barnettvineyards.com/assets/images/products/pictures/BVCH22SV_600x900.png for SKU S004495: Failed to download image: https://www.barnettvineyards.com/assets/images/products/pictures/BVCH22SV_600x900.png
2026-06-11 16:26:26,931 [WARNING]   No image for S004495 (verdict=REJECT, conf=0%)
2026-06-11 16:26:26,931 [INFO] [7/61] S004496: Domaine Boudau Le Clos Rose, Cotes du Roussillon, France
2026-06-11 16:26:27,017 [INFO] HTTP Request: POST https://google.serper.dev/images "HTTP/1.1 400 Bad Request"
2026-06-11 16:26:27,018 [WARNING] Serper unavailable for Vivino search SKU S004496 — using Brave
2026-06-11 16:26:27,955 [INFO] HTTP Request: GET https://api.search.brave.com/res/v1/images/search?q=Domaine+Boudau+Le+Clos+Rose%2C+Cotes+du+Roussillon%2C+France+2024+vivino&count=15&search_lang=en&country=ALL&safesearch=strict&spellcheck=true "HTTP/1.1 200 OK"
2026-06-11 16:26:27,957 [INFO] Brave returned 15 candidates for SKU S004496 (query='Domaine Boudau Le Clos Rose, Cotes du Roussillon, France 2024 vivino')
2026-06-11 16:26:28,005 [INFO] HTTP Request: POST https://google.serper.dev/images "HTTP/1.1 400 Bad Request"
2026-06-11 16:26:28,006 [WARNING] Serper unavailable for Vivino search SKU S004496 — using Brave
2026-06-11 16:26:28,687 [INFO] HTTP Request: GET https://api.search.brave.com/res/v1/images/search?q=Domaine+Boudau+Le+Clos+Rose%2C+Cotes+du+Roussillon%2C+France+2024+wine+bottle+vivino&count=15&search_lang=en&country=ALL&safesearch=strict&spellcheck=true "HTTP/1.1 200 OK"
2026-06-11 16:26:28,700 [INFO] Brave returned 15 candidates for SKU S004496 (query='Domaine Boudau Le Clos Rose, Cotes du Roussillon, France 2024 wine bottle vivino')
2026-06-11 16:26:29,009 [INFO] HTTP Request: POST https://google.serper.dev/images "HTTP/1.1 400 Bad Request"
2026-06-11 16:26:29,011 [WARNING] Serper unavailable for Vivino search SKU S004496 — using Brave
2026-06-11 16:26:29,589 [INFO] HTTP Request: GET https://api.search.brave.com/res/v1/images/search?q=Domaine+Boudau+2024+wine+bottle+vivino&count=15&search_lang=en&country=ALL&safesearch=strict&spellcheck=true "HTTP/1.1 200 OK"
2026-06-11 16:26:29,591 [INFO] Brave returned 15 candidates for SKU S004496 (query='Domaine Boudau 2024 wine bottle vivino')
2026-06-11 16:26:30,009 [INFO] HTTP Request: POST https://google.serper.dev/images "HTTP/1.1 400 Bad Request"
2026-06-11 16:26:30,010 [WARNING] Serper unavailable for Vivino search SKU S004496 — using Brave
2026-06-11 16:26:30,177 [INFO] HTTP Request: GET https://api.search.brave.com/res/v1/images/search?q=Domaine+Boudau+Le+Clos+Rose%2C+Cotes+du+Roussillon%2C+France+2024+vivino&count=15&search_lang=en&country=ALL&safesearch=strict&spellcheck=true "HTTP/1.1 200 OK"
2026-06-11 16:26:30,179 [INFO] Brave returned 15 candidates for SKU S004496 (query='Domaine Boudau Le Clos Rose, Cotes du Roussillon, France 2024 vivino')
2026-06-11 16:26:30,242 [INFO] HTTP Request: GET https://www.googleapis.com/customsearch/v1?key=AIzaSyBZ5p08dd5cR_Q5bMHhaAFuH6kPUO9jxrY&cx=02211d6d3950b4d03&q=Domaine+Boudau+Le+Clos+Rose%2C+Cotes+du+Roussillon%2C+France+2024&searchType=image&num=10&imgSize=large&imgType=photo "HTTP/1.1 403 Forbidden"
2026-06-11 16:26:30,245 [WARNING] Custom Search JSON API returned 403: this GCP project likely has no JSON API entitlement (Google closed JSON API access for new projects; DDG/Bing fallback will be used). See https://developers.google.com/custom-search/v1/overview (Vertex AI Search or a third-party SERP API are alternatives).
2026-06-11 16:26:30,348 [INFO] HTTP Request: GET https://api.search.brave.com/res/v1/images/search?q=Domaine+Boudau+Le+Clos+Rose%2C+Cotes+du+Roussillon%2C+France+2024&count=15&search_lang=en&country=ALL&safesearch=strict&spellcheck=true "HTTP/1.1 200 OK"
2026-06-11 16:26:30,351 [INFO] Brave returned 15 candidates for SKU S004496 (query='Domaine Boudau Le Clos Rose, Cotes du Roussillon, France 2024')
2026-06-11 16:26:30,492 [INFO] response: https://www.bing.com/images/async?q=Domaine+Boudau+Le+Clos+Rose%2C+Cotes+du+Roussillon%2C+France+2024&async=1&first=1&count=35 200
2026-06-11 16:26:30,505 [INFO] Bing returned 15 candidates for SKU S004496
2026-06-11 16:26:30,644 [INFO] response: https://duckduckgo.com/?q=Domaine+Boudau+Le+Clos+Rose%2C+Cotes+du+Roussillon%2C+France+2024 202
2026-06-11 16:26:30,749 [INFO] response: https://duckduckgo.com/i.js?o=json&q=Domaine+Boudau+Le+Clos+Rose%2C+Cotes+du+Roussillon%2C+France+2024&l=us-en&vqd=4-98906083266669997361941539797461372216&p=1&ct=AT 403
2026-06-11 16:26:30,944 [INFO] response: https://www.bing.com/images/async?q=Domaine+Boudau+Le+Clos+Rose%2C+Cotes+du+Roussillon%2C+France+2024&async=1&first=1&count=35 200
2026-06-11 16:26:30,956 [INFO] DuckDuckGo returned 15 candidates for SKU S004496
2026-06-11 16:26:31,010 [INFO] HTTP Request: POST https://google.serper.dev/images "HTTP/1.1 400 Bad Request"
2026-06-11 16:26:31,012 [ERROR] Serper HTTP error: Client error '400 Bad Request' for url 'https://google.serper.dev/images'
For more information check: https://developer.mozilla.org/en-US/docs/Web/HTTP/Status/400
2026-06-11 16:26:31,012 [INFO] SKU S004496 query='Domaine Boudau Le Clos Rose, Cotes du Roussillon, France 2024' — brave=15 google_cse=0 google_images=0 bing=15 ddg=15
2026-06-11 16:26:32,012 [INFO] HTTP Request: POST https://google.serper.dev/images "HTTP/1.1 400 Bad Request"
2026-06-11 16:26:32,013 [WARNING] Serper unavailable for Vivino search SKU S004496 — using Brave
2026-06-11 16:26:32,177 [INFO] HTTP Request: GET https://api.search.brave.com/res/v1/images/search?q=Domaine+Boudau+Le+Clos+Rose%2C+Cotes+du+Roussillon%2C+France+2024+wine+bottle+vivino&count=15&search_lang=en&country=ALL&safesearch=strict&spellcheck=true "HTTP/1.1 200 OK"
2026-06-11 16:26:32,180 [INFO] Brave returned 15 candidates for SKU S004496 (query='Domaine Boudau Le Clos Rose, Cotes du Roussillon, France 2024 wine bottle vivino')
2026-06-11 16:26:32,226 [INFO] HTTP Request: GET https://www.googleapis.com/customsearch/v1?key=AIzaSyBZ5p08dd5cR_Q5bMHhaAFuH6kPUO9jxrY&cx=02211d6d3950b4d03&q=Domaine+Boudau+Le+Clos+Rose%2C+Cotes+du+Roussillon%2C+France+2024+wine+bottle&searchType=image&num=10&imgSize=large&imgType=photo "HTTP/1.1 403 Forbidden"
2026-06-11 16:26:32,228 [WARNING] Custom Search JSON API returned 403: this GCP project likely has no JSON API entitlement (Google closed JSON API access for new projects; DDG/Bing fallback will be used). See https://developers.google.com/custom-search/v1/overview (Vertex AI Search or a third-party SERP API are alternatives).
2026-06-11 16:26:32,351 [INFO] HTTP Request: GET https://api.search.brave.com/res/v1/images/search?q=Domaine+Boudau+Le+Clos+Rose%2C+Cotes+du+Roussillon%2C+France+2024+wine+bottle&count=15&search_lang=en&country=ALL&safesearch=strict&spellcheck=true "HTTP/1.1 200 OK"
2026-06-11 16:26:32,354 [INFO] Brave returned 15 candidates for SKU S004496 (query='Domaine Boudau Le Clos Rose, Cotes du Roussillon, France 2024 wine bottle')
2026-06-11 16:26:32,516 [INFO] response: https://www.bing.com/images/async?q=Domaine+Boudau+Le+Clos+Rose%2C+Cotes+du+Roussillon%2C+France+2024+wine+bottle&async=1&first=1&count=35 200
2026-06-11 16:26:32,532 [INFO] Bing returned 15 candidates for SKU S004496
2026-06-11 16:26:32,580 [INFO] response: https://duckduckgo.com/?q=Domaine+Boudau+Le+Clos+Rose%2C+Cotes+du+Roussillon%2C+France+2024+wine+bottle 202
2026-06-11 16:26:32,760 [INFO] response: https://duckduckgo.com/i.js?o=json&q=Domaine+Boudau+Le+Clos+Rose%2C+Cotes+du+Roussillon%2C+France+2024+wine+bottle&l=us-en&vqd=4-15434607378469708929219469868735363723&p=1&ct=AT 403
2026-06-11 16:26:32,979 [INFO] response: https://www.bing.com/images/async?q=Domaine+Boudau+Le+Clos+Rose%2C+Cotes+du+Roussillon%2C+France+2024+wine+bottle&async=1&first=1&count=35 200
2026-06-11 16:26:32,998 [INFO] DuckDuckGo returned 15 candidates for SKU S004496
2026-06-11 16:26:33,019 [INFO] HTTP Request: POST https://google.serper.dev/images "HTTP/1.1 400 Bad Request"
2026-06-11 16:26:33,021 [ERROR] Serper HTTP error: Client error '400 Bad Request' for url 'https://google.serper.dev/images'
For more information check: https://developer.mozilla.org/en-US/docs/Web/HTTP/Status/400
2026-06-11 16:26:33,022 [INFO] SKU S004496 query='Domaine Boudau Le Clos Rose, Cotes du Roussillon, France 2024 wine bot' — brave=15 google_cse=0 google_images=0 bing=15 ddg=15
2026-06-11 16:26:34,023 [INFO] HTTP Request: POST https://google.serper.dev/images "HTTP/1.1 400 Bad Request"
2026-06-11 16:26:34,024 [WARNING] Serper unavailable for Vivino search SKU S004496 — using Brave
2026-06-11 16:26:34,190 [INFO] HTTP Request: GET https://api.search.brave.com/res/v1/images/search?q=Domaine+Boudau+2024+wine+bottle+vivino&count=15&search_lang=en&country=ALL&safesearch=strict&spellcheck=true "HTTP/1.1 200 OK"
2026-06-11 16:26:34,193 [INFO] Brave returned 15 candidates for SKU S004496 (query='Domaine Boudau 2024 wine bottle vivino')
2026-06-11 16:26:34,233 [INFO] HTTP Request: GET https://www.googleapis.com/customsearch/v1?key=AIzaSyBZ5p08dd5cR_Q5bMHhaAFuH6kPUO9jxrY&cx=02211d6d3950b4d03&q=Domaine+Boudau+2024+wine+bottle&searchType=image&num=10&imgSize=large&imgType=photo "HTTP/1.1 403 Forbidden"
2026-06-11 16:26:34,235 [WARNING] Custom Search JSON API returned 403: this GCP project likely has no JSON API entitlement (Google closed JSON API access for new projects; DDG/Bing fallback will be used). See https://developers.google.com/custom-search/v1/overview (Vertex AI Search or a third-party SERP API are alternatives).
2026-06-11 16:26:34,364 [INFO] HTTP Request: GET https://api.search.brave.com/res/v1/images/search?q=Domaine+Boudau+2024+wine+bottle&count=15&search_lang=en&country=ALL&safesearch=strict&spellcheck=true "HTTP/1.1 200 OK"
2026-06-11 16:26:34,367 [INFO] Brave returned 15 candidates for SKU S004496 (query='Domaine Boudau 2024 wine bottle')
2026-06-11 16:26:34,500 [INFO] response: https://www.bing.com/images/async?q=Domaine+Boudau+2024+wine+bottle&async=1&first=1&count=35 200
2026-06-11 16:26:34,510 [INFO] Bing returned 15 candidates for SKU S004496
2026-06-11 16:26:34,692 [INFO] response: https://duckduckgo.com/?q=Domaine+Boudau+2024+wine+bottle 202
2026-06-11 16:26:34,790 [INFO] response: https://duckduckgo.com/i.js?o=json&q=Domaine+Boudau+2024+wine+bottle&l=us-en&vqd=4-287564335231091789851774186208960987003&p=1&ct=AT 403
2026-06-11 16:26:35,020 [INFO] HTTP Request: POST https://google.serper.dev/images "HTTP/1.1 400 Bad Request"
2026-06-11 16:26:35,021 [ERROR] Serper HTTP error: Client error '400 Bad Request' for url 'https://google.serper.dev/images'
For more information check: https://developer.mozilla.org/en-US/docs/Web/HTTP/Status/400
2026-06-11 16:26:35,311 [INFO] response: https://www.bing.com/images/async?q=Domaine+Boudau+2024+wine+bottle&async=1&first=1&count=35 200
2026-06-11 16:26:35,325 [INFO] DuckDuckGo returned 15 candidates for SKU S004496
2026-06-11 16:26:35,326 [INFO] SKU S004496 query='Domaine Boudau 2024 wine bottle' — brave=15 google_cse=0 google_images=0 bing=15 ddg=15
2026-06-11 16:26:35,326 [INFO] Merged 76 total candidates for SKU S004496 (all sources, 3 queries)
2026-06-11 16:26:36,611 [INFO] HTTP Request: GET https://optimuswine.com/4091-large_default/domaine-boudau-le-clos-rose-cotes-du-roussillon-2024-75cl.jpg "HTTP/1.1 200 OK"
2026-06-11 16:26:37,058 [ERROR] Error processing candidate https://optimuswine.com/4091-large_default/domaine-boudau-le-clos-rose-cotes-du-roussillon-2024-75cl.jpg for SKU S004496: Bottle is cropped — cap or base not fully visible
2026-06-11 16:26:37,900 [INFO] HTTP Request: GET https://www.karl-kerler.de/upload_sr03_alless01/gross_boudau-le-clos-rose-bio_57676.jpg "HTTP/1.1 200 OK"
2026-06-11 16:26:38,108 [ERROR] Error processing candidate https://www.karl-kerler.de/upload_sr03_alless01/gross_boudau-le-clos-rose-bio_57676.jpg for SKU S004496: Bottle is cropped — cap or base not fully visible
2026-06-11 16:26:39,013 [INFO] HTTP Request: GET https://www.karl-kerler.de/upload_sr03_alless01/detail_boudau-le-clos-rose-bio_57675.jpg "HTTP/1.1 200 OK"
2026-06-11 16:26:39,017 [ERROR] Error processing candidate https://www.karl-kerler.de/upload_sr03_alless01/detail_boudau-le-clos-rose-bio_57675.jpg for SKU S004496: Bottle is cropped — cap or base not fully visible
2026-06-11 16:26:40,170 [INFO] HTTP Request: GET https://www.twil.fr/media/catalog/product/cache/1/image/1000x1000/a8c876702c6cb649fba7cbed6b6e2e91/8/5/85675dbc54b274c7449e7855718235db.jpeg "HTTP/1.1 200 OK"
2026-06-11 16:26:40,596 [ERROR] Error processing candidate https://www.twil.fr/media/catalog/product/cache/1/image/1000x1000/a8c876702c6cb649fba7cbed6b6e2e91/8/5/85675dbc54b274c7449e7855718235db.jpeg for SKU S004496: Bottle is cropped — cap or base not fully visible
2026-06-11 16:26:41,545 [INFO] HTTP Request: GET https://optimuswine.com/4091-side_product_default/domaine-boudau-le-clos-rose-cotes-du-roussillon-2024-75cl.jpg "HTTP/1.1 200 OK"
2026-06-11 16:26:41,550 [ERROR] Error processing candidate https://optimuswine.com/4091-side_product_default/domaine-boudau-le-clos-rose-cotes-du-roussillon-2024-75cl.jpg for SKU S004496: Bottle is cropped — cap or base not fully visible
2026-06-11 16:26:42,587 [INFO] HTTP Request: GET https://www.auxventsdanges.com/wp-content/uploads/2022/06/ajmi4nwdbdw6ny8nflb9nezcz649-scaled.jpeg "HTTP/1.1 200 OK"
2026-06-11 16:26:43,854 [ERROR] Error processing candidate https://www.auxventsdanges.com/wp-content/uploads/2022/06/ajmi4nwdbdw6ny8nflb9nezcz649-scaled.jpeg for SKU S004496: Bottle is cropped — cap or base not fully visible
2026-06-11 16:26:44,927 [INFO] HTTP Request: GET https://www.karl-kerler.de/upload_sr03_alless01/liste_boudau-le-clos-rose-bio_57674.jpg "HTTP/1.1 200 OK"
2026-06-11 16:26:44,931 [ERROR] Error processing candidate https://www.karl-kerler.de/upload_sr03_alless01/liste_boudau-le-clos-rose-bio_57674.jpg for SKU S004496: Bottle is cropped — cap or base not fully visible
2026-06-11 16:26:46,366 [INFO] HTTP Request: GET https://domainesduroussillon.fr/wp-content/uploads/2022/08/domaine-boudau-cotes-catalanes-le-petit-closi-1860266-s766-flo-2048x2048.png "HTTP/1.1 200 OK"
2026-06-11 16:26:47,399 [INFO] AFC is enabled with max remote calls: 10.
2026-06-11 16:26:52,705 [INFO] AFC is enabled with max remote calls: 10.
2026-06-11 16:26:59,971 [INFO] HTTP Request: GET https://optimuswine.com/4090-home_default/domaine-boudau-le-clos-blanc-cotes-du-roussillon-2024-75cl.jpg "HTTP/1.1 200 OK"
2026-06-11 16:26:59,982 [ERROR] Error processing candidate https://optimuswine.com/4090-home_default/domaine-boudau-le-clos-blanc-cotes-du-roussillon-2024-75cl.jpg for SKU S004496: Bottle is cropped — cap or base not fully visible
2026-06-11 16:27:00,620 [INFO] HTTP Request: GET https://ezentrum-res.cloudinary.com/image/upload/h_800,c_scale,q_50/v1742817062/pinard/htoyy4bunhy2q2bxidrc.jpg "HTTP/1.1 200 OK"
2026-06-11 16:27:00,636 [INFO] AFC is enabled with max remote calls: 10.
2026-06-11 16:27:04,501 [INFO] AFC is enabled with max remote calls: 10.
2026-06-11 16:27:09,190 [INFO] HTTP Request: GET https://media-viniou.com/wine-info/428111/vin-blanc-sec-le-clos-domaine-boudau-2024-france-roussillon-cotes-du-roussillon-aoc-bio-1.jpeg "HTTP/1.1 200 OK"
2026-06-11 16:27:09,202 [ERROR] Error processing candidate https://media-viniou.com/wine-info/428111/vin-blanc-sec-le-clos-domaine-boudau-2024-france-roussillon-cotes-du-roussillon-aoc-bio-1.jpeg for SKU S004496: Bottle is cropped — cap or base not fully visible
2026-06-11 16:27:10,401 [INFO] HTTP Request: GET https://optimuswine.com/4090-large_default/domaine-boudau-le-clos-blanc-cotes-du-roussillon-2024-75cl.jpg "HTTP/1.1 200 OK"
2026-06-11 16:27:10,860 [ERROR] Error processing candidate https://optimuswine.com/4090-large_default/domaine-boudau-le-clos-blanc-cotes-du-roussillon-2024-75cl.jpg for SKU S004496: Bottle is cropped — cap or base not fully visible
2026-06-11 16:27:11,108 [INFO] HTTP Request: GET https://media-viniou.com/wine-info/489504/vin-blanc-demi-sec-le-clos-domaine-boudau-2024-france-roussillon-cotes-du-roussillon-aoc-1.jpeg "HTTP/1.1 200 OK"
2026-06-11 16:27:11,119 [ERROR] Error processing candidate https://media-viniou.com/wine-info/489504/vin-blanc-demi-sec-le-clos-domaine-boudau-2024-france-roussillon-cotes-du-roussillon-aoc-1.jpeg for SKU S004496: Bottle is cropped — cap or base not fully visible
2026-06-11 16:27:11,399 [INFO] HTTP Request: GET http://www.hourlierwines.co.uk/cdn/shop/files/DomaineBoudau_LeClos_04d1fdad-7025-4f7a-8eea-ffdd5843e55a.jpg?v=1728475998 "HTTP/1.1 301 Moved Permanently"
2026-06-11 16:27:11,951 [INFO] HTTP Request: GET https://www.hourlierwines.co.uk/cdn/shop/files/DomaineBoudau_LeClos_04d1fdad-7025-4f7a-8eea-ffdd5843e55a.jpg?v=1728475998 "HTTP/1.1 200 OK"
2026-06-11 16:27:11,992 [ERROR] Error processing candidate http://www.hourlierwines.co.uk/cdn/shop/files/DomaineBoudau_LeClos_04d1fdad-7025-4f7a-8eea-ffdd5843e55a.jpg?v=1728475998 for SKU S004496: Bottle is cropped — cap or base not fully visible
2026-06-11 16:27:13,236 [INFO] HTTP Request: GET https://optimuswine.com/4079-home_default/domaine-boucabeille-les-terrasses-cotes-du-roussillon-rouge-2024-75cl.jpg "HTTP/1.1 200 OK"
2026-06-11 16:27:13,255 [ERROR] Error processing candidate https://optimuswine.com/4079-home_default/domaine-boucabeille-les-terrasses-cotes-du-roussillon-rouge-2024-75cl.jpg for SKU S004496: Bottle is cropped — cap or base not fully visible
2026-06-11 16:27:13,256 [INFO]   ✓ S004496 confidence=0% producer=0% vintage=0%
2026-06-11 16:27:13,256 [INFO] [8/61] S004504: Chateau Boutisse, Saint-Emilion Grand Cru, Bordeaux, France ( Case)
2026-06-11 16:27:13,347 [INFO] HTTP Request: POST https://google.serper.dev/images "HTTP/1.1 400 Bad Request"
2026-06-11 16:27:13,348 [WARNING] Serper unavailable for Vivino search SKU S004504 — using Brave
2026-06-11 16:27:14,273 [INFO] HTTP Request: GET https://api.search.brave.com/res/v1/images/search?q=Chateau+Boutisse%2C+Saint-Emilion+Grand+Cru%2C+Bordeaux%2C+France+%28+Case%29+2013+vivino&count=15&search_lang=en&country=ALL&safesearch=strict&spellcheck=true "HTTP/1.1 200 OK"
2026-06-11 16:27:14,276 [INFO] Brave returned 15 candidates for SKU S004504 (query='Chateau Boutisse, Saint-Emilion Grand Cru, Bordeaux, France ( Case) 2013 vivino')
2026-06-11 16:27:14,323 [INFO] HTTP Request: POST https://google.serper.dev/images "HTTP/1.1 400 Bad Request"
2026-06-11 16:27:14,324 [WARNING] Serper unavailable for Vivino search SKU S004504 — using Brave
2026-06-11 16:27:14,960 [INFO] HTTP Request: GET https://api.search.brave.com/res/v1/images/search?q=Chateau+Boutisse%2C+Saint-Emilion+Grand+Cru%2C+Bordeaux%2C+France+%28+Case%29+2013+wine+bottle+vivino&count=15&search_lang=en&country=ALL&safesearch=strict&spellcheck=true "HTTP/1.1 200 OK"
2026-06-11 16:27:14,963 [INFO] Brave returned 15 candidates for SKU S004504 (query='Chateau Boutisse, Saint-Emilion Grand Cru, Bordeaux, France ( Case) 2013 wine bo')
2026-06-11 16:27:15,330 [INFO] HTTP Request: POST https://google.serper.dev/images "HTTP/1.1 400 Bad Request"
2026-06-11 16:27:15,332 [WARNING] Serper unavailable for Vivino search SKU S004504 — using Brave
2026-06-11 16:27:15,904 [INFO] HTTP Request: GET https://api.search.brave.com/res/v1/images/search?q=Chateau+Boutisse%2C+2013+wine+bottle+vivino&count=15&search_lang=en&country=ALL&safesearch=strict&spellcheck=true "HTTP/1.1 200 OK"
2026-06-11 16:27:15,906 [INFO] Brave returned 15 candidates for SKU S004504 (query='Chateau Boutisse, 2013 wine bottle vivino')
2026-06-11 16:27:15,906 [INFO] Vivino (Brave fallback) returned 3 candidates for SKU S004504 (query='Chateau Boutisse, 2013 wine bottle vivino')
2026-06-11 16:27:16,326 [INFO] HTTP Request: POST https://google.serper.dev/images "HTTP/1.1 400 Bad Request"
2026-06-11 16:27:16,328 [WARNING] Serper unavailable for Vivino search SKU S004504 — using Brave
2026-06-11 16:27:16,494 [INFO] HTTP Request: GET https://api.search.brave.com/res/v1/images/search?q=Chateau+Boutisse%2C+Saint-Emilion+Grand+Cru%2C+Bordeaux%2C+France+%28+Case%29+2013+vivino&count=15&search_lang=en&country=ALL&safesearch=strict&spellcheck=true "HTTP/1.1 200 OK"
2026-06-11 16:27:16,498 [INFO] Brave returned 15 candidates for SKU S004504 (query='Chateau Boutisse, Saint-Emilion Grand Cru, Bordeaux, France ( Case) 2013 vivino')
2026-06-11 16:27:16,572 [INFO] HTTP Request: GET https://www.googleapis.com/customsearch/v1?key=AIzaSyBZ5p08dd5cR_Q5bMHhaAFuH6kPUO9jxrY&cx=02211d6d3950b4d03&q=Chateau+Boutisse%2C+Saint-Emilion+Grand+Cru%2C+Bordeaux%2C+France+%28+Case%29+2013&searchType=image&num=10&imgSize=large&imgType=photo "HTTP/1.1 403 Forbidden"
2026-06-11 16:27:16,575 [WARNING] Custom Search JSON API returned 403: this GCP project likely has no JSON API entitlement (Google closed JSON API access for new projects; DDG/Bing fallback will be used). See https://developers.google.com/custom-search/v1/overview (Vertex AI Search or a third-party SERP API are alternatives).
2026-06-11 16:27:16,673 [INFO] HTTP Request: GET https://api.search.brave.com/res/v1/images/search?q=Chateau+Boutisse%2C+Saint-Emilion+Grand+Cru%2C+Bordeaux%2C+France+%28+Case%29+2013&count=15&search_lang=en&country=ALL&safesearch=strict&spellcheck=true "HTTP/1.1 200 OK"
2026-06-11 16:27:16,674 [INFO] Brave returned 15 candidates for SKU S004504 (query='Chateau Boutisse, Saint-Emilion Grand Cru, Bordeaux, France ( Case) 2013')
2026-06-11 16:27:16,825 [INFO] response: https://www.bing.com/images/async?q=Chateau+Boutisse%2C+Saint-Emilion+Grand+Cru%2C+Bordeaux%2C+France+%28+Case%29+2013&async=1&first=1&count=35 200
2026-06-11 16:27:16,829 [INFO] Bing returned 15 candidates for SKU S004504
2026-06-11 16:27:16,858 [INFO] response: https://duckduckgo.com/?q=Chateau+Boutisse%2C+Saint-Emilion+Grand+Cru%2C+Bordeaux%2C+France+%28+Case%29+2013 202
2026-06-11 16:27:17,033 [INFO] response: https://duckduckgo.com/i.js?o=json&q=Chateau+Boutisse%2C+Saint-Emilion+Grand+Cru%2C+Bordeaux%2C+France+%28+Case%29+2013&l=us-en&vqd=4-8692914032815198728450485547161709712&p=1&ct=AT 403
2026-06-11 16:27:17,280 [INFO] response: https://www.bing.com/images/async?q=Chateau+Boutisse%2C+Saint-Emilion+Grand+Cru%2C+Bordeaux%2C+France+%28+Case%29+2013&async=1&first=1&count=35 200
2026-06-11 16:27:17,295 [INFO] DuckDuckGo returned 15 candidates for SKU S004504
2026-06-11 16:27:17,329 [INFO] HTTP Request: POST https://google.serper.dev/images "HTTP/1.1 400 Bad Request"
2026-06-11 16:27:17,331 [ERROR] Serper HTTP error: Client error '400 Bad Request' for url 'https://google.serper.dev/images'
For more information check: https://developer.mozilla.org/en-US/docs/Web/HTTP/Status/400
2026-06-11 16:27:17,331 [INFO] SKU S004504 query='Chateau Boutisse, Saint-Emilion Grand Cru, Bordeaux, France ( Case) 20' — brave=15 google_cse=0 google_images=0 bing=15 ddg=15
2026-06-11 16:27:18,332 [INFO] HTTP Request: POST https://google.serper.dev/images "HTTP/1.1 400 Bad Request"
2026-06-11 16:27:18,333 [WARNING] Serper unavailable for Vivino search SKU S004504 — using Brave
2026-06-11 16:27:18,498 [INFO] HTTP Request: GET https://api.search.brave.com/res/v1/images/search?q=Chateau+Boutisse%2C+Saint-Emilion+Grand+Cru%2C+Bordeaux%2C+France+%28+Case%29+2013+wine+bottle+vivino&count=15&search_lang=en&country=ALL&safesearch=strict&spellcheck=true "HTTP/1.1 200 OK"
2026-06-11 16:27:18,500 [INFO] Brave returned 15 candidates for SKU S004504 (query='Chateau Boutisse, Saint-Emilion Grand Cru, Bordeaux, France ( Case) 2013 wine bo')
2026-06-11 16:27:18,529 [INFO] HTTP Request: GET https://www.googleapis.com/customsearch/v1?key=AIzaSyBZ5p08dd5cR_Q5bMHhaAFuH6kPUO9jxrY&cx=02211d6d3950b4d03&q=Chateau+Boutisse%2C+Saint-Emilion+Grand+Cru%2C+Bordeaux%2C+France+%28+Case%29+2013+wine+bottle&searchType=image&num=10&imgSize=large&imgType=photo "HTTP/1.1 403 Forbidden"
2026-06-11 16:27:18,532 [WARNING] Custom Search JSON API returned 403: this GCP project likely has no JSON API entitlement (Google closed JSON API access for new projects; DDG/Bing fallback will be used). See https://developers.google.com/custom-search/v1/overview (Vertex AI Search or a third-party SERP API are alternatives).
2026-06-11 16:27:18,666 [INFO] response: https://duckduckgo.com/?q=Chateau+Boutisse%2C+Saint-Emilion+Grand+Cru%2C+Bordeaux%2C+France+%28+Case%29+2013+wine+bottle 202
2026-06-11 16:27:18,810 [INFO] response: https://www.bing.com/images/async?q=Chateau+Boutisse%2C+Saint-Emilion+Grand+Cru%2C+Bordeaux%2C+France+%28+Case%29+2013+wine+bottle&async=1&first=1&count=35 200
2026-06-11 16:27:18,826 [INFO] Bing returned 15 candidates for SKU S004504
2026-06-11 16:27:18,857 [INFO] response: https://duckduckgo.com/i.js?o=json&q=Chateau+Boutisse%2C+Saint-Emilion+Grand+Cru%2C+Bordeaux%2C+France+%28+Case%29+2013+wine+bottle&l=us-en&vqd=4-217752756723464734226427534884635355748&p=1&ct=AT 403
2026-06-11 16:27:18,948 [INFO] response: https://duckduckgo.com/?q=Chateau+Boutisse%2C+Saint-Emilion+Grand+Cru%2C+Bordeaux%2C+France+%28+Case%29+2013+wine+bottle 200
2026-06-11 16:27:19,049 [INFO] response: https://duckduckgo.com/i.js?o=json&q=Chateau+Boutisse%2C+Saint-Emilion+Grand+Cru%2C+Bordeaux%2C+France+%28+Case%29+2013+wine+bottle&l=us-en&vqd=4-217752756723464734226427534884635355748&p=1&ct=AT 403
2026-06-11 16:27:19,279 [INFO] HTTP Request: GET https://api.search.brave.com/res/v1/images/search?q=Chateau+Boutisse%2C+Saint-Emilion+Grand+Cru%2C+Bordeaux%2C+France+%28+Case%29+2013+wine+bottle&count=15&search_lang=en&country=ALL&safesearch=strict&spellcheck=true "HTTP/1.1 200 OK"
2026-06-11 16:27:19,280 [INFO] Brave returned 15 candidates for SKU S004504 (query='Chateau Boutisse, Saint-Emilion Grand Cru, Bordeaux, France ( Case) 2013 wine bo')
2026-06-11 16:27:19,290 [INFO] response: https://www.bing.com/images/async?q=Chateau+Boutisse%2C+Saint-Emilion+Grand+Cru%2C+Bordeaux%2C+France+%28+Case%29+2013+wine+bottle&async=1&first=1&count=35 200
2026-06-11 16:27:19,299 [INFO] DuckDuckGo returned 15 candidates for SKU S004504
2026-06-11 16:27:19,333 [INFO] HTTP Request: POST https://google.serper.dev/images "HTTP/1.1 400 Bad Request"
2026-06-11 16:27:19,334 [ERROR] Serper HTTP error: Client error '400 Bad Request' for url 'https://google.serper.dev/images'
For more information check: https://developer.mozilla.org/en-US/docs/Web/HTTP/Status/400
2026-06-11 16:27:19,334 [INFO] SKU S004504 query='Chateau Boutisse, Saint-Emilion Grand Cru, Bordeaux, France ( Case) 20' — brave=15 google_cse=0 google_images=0 bing=15 ddg=15
2026-06-11 16:27:20,334 [INFO] HTTP Request: POST https://google.serper.dev/images "HTTP/1.1 400 Bad Request"
2026-06-11 16:27:20,336 [WARNING] Serper unavailable for Vivino search SKU S004504 — using Brave
2026-06-11 16:27:20,503 [INFO] HTTP Request: GET https://api.search.brave.com/res/v1/images/search?q=Chateau+Boutisse%2C+2013+wine+bottle+vivino&count=15&search_lang=en&country=ALL&safesearch=strict&spellcheck=true "HTTP/1.1 200 OK"
2026-06-11 16:27:20,507 [INFO] Brave returned 15 candidates for SKU S004504 (query='Chateau Boutisse, 2013 wine bottle vivino')
2026-06-11 16:27:20,507 [INFO] Vivino (Brave fallback) returned 3 candidates for SKU S004504 (query='Chateau Boutisse, 2013 wine bottle vivino')
2026-06-11 16:27:20,539 [INFO] HTTP Request: GET https://www.googleapis.com/customsearch/v1?key=AIzaSyBZ5p08dd5cR_Q5bMHhaAFuH6kPUO9jxrY&cx=02211d6d3950b4d03&q=Chateau+Boutisse%2C+2013+wine+bottle&searchType=image&num=10&imgSize=large&imgType=photo "HTTP/1.1 403 Forbidden"
2026-06-11 16:27:20,542 [WARNING] Custom Search JSON API returned 403: this GCP project likely has no JSON API entitlement (Google closed JSON API access for new projects; DDG/Bing fallback will be used). See https://developers.google.com/custom-search/v1/overview (Vertex AI Search or a third-party SERP API are alternatives).
2026-06-11 16:27:20,677 [INFO] HTTP Request: GET https://api.search.brave.com/res/v1/images/search?q=Chateau+Boutisse%2C+2013+wine+bottle&count=15&search_lang=en&country=ALL&safesearch=strict&spellcheck=true "HTTP/1.1 200 OK"
2026-06-11 16:27:20,679 [INFO] response: https://duckduckgo.com/?q=Chateau+Boutisse%2C+2013+wine+bottle 202
2026-06-11 16:27:20,680 [INFO] Brave returned 15 candidates for SKU S004504 (query='Chateau Boutisse, 2013 wine bottle')
2026-06-11 16:27:20,866 [INFO] response: https://duckduckgo.com/i.js?o=json&q=Chateau+Boutisse%2C+2013+wine+bottle&l=us-en&vqd=4-101377369752037204494998321972345933687&p=1&ct=AT 403
2026-06-11 16:27:20,928 [INFO] response: https://www.bing.com/images/async?q=Chateau+Boutisse%2C+2013+wine+bottle&async=1&first=1&count=35 200
2026-06-11 16:27:20,953 [INFO] Bing returned 15 candidates for SKU S004504
2026-06-11 16:27:21,207 [INFO] response: https://www.bing.com/images/async?q=Chateau+Boutisse%2C+2013+wine+bottle&async=1&first=1&count=35 200
2026-06-11 16:27:21,231 [INFO] DuckDuckGo returned 15 candidates for SKU S004504
2026-06-11 16:27:21,336 [INFO] HTTP Request: POST https://google.serper.dev/images "HTTP/1.1 400 Bad Request"
2026-06-11 16:27:21,338 [ERROR] Serper HTTP error: Client error '400 Bad Request' for url 'https://google.serper.dev/images'
For more information check: https://developer.mozilla.org/en-US/docs/Web/HTTP/Status/400
2026-06-11 16:27:21,339 [INFO] SKU S004504 query='Chateau Boutisse, 2013 wine bottle' — brave=15 google_cse=0 google_images=0 bing=15 ddg=15
2026-06-11 16:27:21,339 [INFO] Merged 78 total candidates for SKU S004504 (all sources, 3 queries)
2026-06-11 16:27:21,447 [INFO] HTTP Request: GET https://media-viniou.com/wineimage/appellation/france/bordeaux/saintemiliongrandcru/vins-1.png "HTTP/1.1 200 OK"
2026-06-11 16:27:21,455 [ERROR] Error processing candidate https://media-viniou.com/wineimage/appellation/france/bordeaux/saintemiliongrandcru/vins-1.png for SKU S004504: Bottle is cropped — cap or base not fully visible
2026-06-11 16:27:22,156 [INFO] HTTP Request: GET https://vinicolor.ca/wp-content/uploads/2023/08/Chateau-Boutisse-Saint-Emilion-Grand-Cru.png "HTTP/1.1 200 OK"
2026-06-11 16:27:23,080 [INFO] AFC is enabled with max remote calls: 10.
2026-06-11 16:27:26,951 [INFO] AFC is enabled with max remote calls: 10.
2026-06-11 16:27:32,220 [INFO] HTTP Request: GET https://media-viniou.com/wine-info/23253/vin-rouge-sec-chateau-haut-boutisse-2013-france-bordeaux-saint-emilion-grand-cru-1.png "HTTP/1.1 200 OK"
2026-06-11 16:27:32,245 [INFO] AFC is enabled with max remote calls: 10.
2026-06-11 16:27:34,983 [INFO] AFC is enabled with max remote calls: 10.
2026-06-11 16:27:38,204 [INFO] HTTP Request: GET https://wineonsale.com/cdn/shop/products/Chateau_Boutisse_Grand_Cru_1600x.jpg?v=1539786316 "HTTP/1.1 200 OK"
2026-06-11 16:27:38,303 [ERROR] Error processing candidate https://wineonsale.com/cdn/shop/products/Chateau_Boutisse_Grand_Cru_1600x.jpg?v=1539786316 for SKU S004504: Bottle is cropped — cap or base not fully visible
2026-06-11 16:27:38,450 [INFO] HTTP Request: GET https://media-viniou.com/wineimage/appellation_v2/france/bordeaux/saint-emilion-grand-cru/bottle-75-vins-rouge.png "HTTP/1.1 200 OK"
2026-06-11 16:27:38,521 [ERROR] Error processing candidate https://media-viniou.com/wineimage/appellation_v2/france/bordeaux/saint-emilion-grand-cru/bottle-75-vins-rouge.png for SKU S004504: Bottle is cropped — cap or base not fully visible
2026-06-11 16:27:38,685 [INFO] HTTP Request: GET https://www.saq.com/media/catalog/product/1/5/15443568-1_1738883887.png?optimize=high&fit=bounds&height=&width=&format=jpeg "HTTP/1.1 200 OK"
2026-06-11 16:27:38,757 [ERROR] Error processing candidate https://www.saq.com/media/catalog/product/1/5/15443568-1_1738883887.png?optimize=high&fit=bounds&height=&width=&format=jpeg for SKU S004504: Bottle is cropped — cap or base not fully visible
2026-06-11 16:27:38,833 [INFO] HTTP Request: GET https://media-viniou.com/wine-info/149765/vin-rouge-sec-chateau-boutisse-2012-france-bordeaux-saint-emilion-grand-cru-1.png "HTTP/1.1 200 OK"
2026-06-11 16:27:38,862 [INFO] AFC is enabled with max remote calls: 10.
2026-06-11 16:27:41,734 [INFO] AFC is enabled with max remote calls: 10.
2026-06-11 16:27:45,373 [INFO] HTTP Request: GET https://cdn.ct-static.com/labels/9d1ab47b-1c42-487f-82c1-3627287c69d1.jpg "HTTP/1.1 200 OK"
2026-06-11 16:27:45,443 [ERROR] Error processing candidate https://cdn.ct-static.com/labels/9d1ab47b-1c42-487f-82c1-3627287c69d1.jpg for SKU S004504: Bottle is cropped — cap or base not fully visible
2026-06-11 16:27:45,708 [INFO] HTTP Request: GET https://media-viniou.com/wine-info/38744/vin-rouge-sec-chateau-boutisse-2008-france-bordeaux-saint-emilion-grand-cru-1.png "HTTP/1.1 200 OK"
2026-06-11 16:27:45,742 [INFO] AFC is enabled with max remote calls: 10.
2026-06-11 16:27:49,710 [INFO] AFC is enabled with max remote calls: 10.
2026-06-11 16:27:54,184 [INFO] HTTP Request: GET https://wineandthevine.co.uk/wp-content/uploads/2016/06/CH-BOUTISSE-St-Emilion-Grand-Cru.jpg "HTTP/1.1 403 Forbidden"
2026-06-11 16:27:54,187 [ERROR] Image download failed for https://wineandthevine.co.uk/wp-content/uploads/2016/06/CH-BOUTISSE-St-Emilion-Grand-Cru.jpg: Client error '403 Forbidden' for url 'https://wineandthevine.co.uk/wp-content/uploads/2016/06/CH-BOUTISSE-St-Emilion-Grand-Cru.jpg'
For more information check: https://developer.mozilla.org/en-US/docs/Web/HTTP/Status/403
2026-06-11 16:27:54,187 [ERROR] Error processing candidate https://wineandthevine.co.uk/wp-content/uploads/2016/06/CH-BOUTISSE-St-Emilion-Grand-Cru.jpg for SKU S004504: Failed to download image: https://wineandthevine.co.uk/wp-content/uploads/2016/06/CH-BOUTISSE-St-Emilion-Grand-Cru.jpg
2026-06-11 16:27:54,314 [INFO] HTTP Request: GET https://media-viniou.com/wine-info/523682/vin-rouge-sec-chateau-boutisse-2014-france-bordeaux-saint-emilion-grand-cru-aoc-grand-cru-3.jpeg "HTTP/1.1 200 OK"
2026-06-11 16:27:54,327 [ERROR] Error processing candidate https://media-viniou.com/wine-info/523682/vin-rouge-sec-chateau-boutisse-2014-france-bordeaux-saint-emilion-grand-cru-aoc-grand-cru-3.jpeg for SKU S004504: Bottle is cropped — cap or base not fully visible
2026-06-11 16:27:55,272 [INFO] HTTP Request: GET https://www.steephillwines.com/img/product/chateau-boutisse-saint-emilion-grand-cru-2258-1600.jpg "HTTP/1.1 200 200"
2026-06-11 16:27:55,475 [ERROR] Error processing candidate https://www.steephillwines.com/img/product/chateau-boutisse-saint-emilion-grand-cru-2258-1600.jpg for SKU S004504: Bottle is cropped — cap or base not fully visible
2026-06-11 16:27:55,617 [INFO] HTTP Request: GET https://wineonsale.com/cdn/shop/products/Chateau_Boutisse_Grand_Cru_800x.jpg?v=1539786316 "HTTP/1.1 200 OK"
2026-06-11 16:27:55,654 [ERROR] Error processing candidate https://wineonsale.com/cdn/shop/products/Chateau_Boutisse_Grand_Cru_800x.jpg?v=1539786316 for SKU S004504: Bottle is cropped — cap or base not fully visible
2026-06-11 16:27:56,479 [INFO] HTTP Request: GET http://www.chateau-boutisse.fr/upload/photos/bouteille_couchee2.jpg "HTTP/1.1 200 OK"
2026-06-11 16:27:58,196 [ERROR] Error processing candidate http://www.chateau-boutisse.fr/upload/photos/bouteille_couchee2.jpg for SKU S004504: Bottle is cropped — cap or base not fully visible
2026-06-11 16:27:58,309 [INFO] HTTP Request: GET https://media-viniou.com/wine-info/64415/vin-rouge-sec-chateau-boutisse-2020-france-bordeaux-saint-emilion-grand-cru-1.png "HTTP/1.1 200 OK"
2026-06-11 16:27:58,348 [INFO] AFC is enabled with max remote calls: 10.
2026-06-11 16:28:00,889 [INFO] AFC is enabled with max remote calls: 10.
2026-06-11 16:28:06,379 [INFO] HTTP Request: GET https://media-viniou.com/wine-info/149765/vin-rouge-sec-chateau-boutisse-2012-france-bordeaux-saint-emilion-grand-cru-1.png "HTTP/1.1 200 OK"
2026-06-11 16:28:06,407 [INFO]   ✓ S004504 confidence=91% producer=94% vintage=75%
2026-06-11 16:28:06,407 [INFO] [9/61] S004522: Cline Classic Syrah California
2026-06-11 16:28:06,510 [INFO] HTTP Request: POST https://google.serper.dev/images "HTTP/1.1 400 Bad Request"
2026-06-11 16:28:06,511 [WARNING] Serper unavailable for Vivino search SKU S004522 — using Brave
2026-06-11 16:28:07,416 [INFO] HTTP Request: GET https://api.search.brave.com/res/v1/images/search?q=Cline+Classic+Syrah+California+2021+vivino&count=15&search_lang=en&country=ALL&safesearch=strict&spellcheck=true "HTTP/1.1 200 OK"
2026-06-11 16:28:07,418 [INFO] Brave returned 14 candidates for SKU S004522 (query='Cline Classic Syrah California 2021 vivino')
2026-06-11 16:28:07,418 [INFO] Vivino (Brave fallback) returned 1 candidates for SKU S004522 (query='Cline Classic Syrah California 2021 vivino')
2026-06-11 16:28:07,464 [INFO] HTTP Request: POST https://google.serper.dev/images "HTTP/1.1 400 Bad Request"
2026-06-11 16:28:07,465 [WARNING] Serper unavailable for Vivino search SKU S004522 — using Brave
2026-06-11 16:28:08,067 [INFO] HTTP Request: GET https://api.search.brave.com/res/v1/images/search?q=Cline+Classic+Syrah+California+2021+wine+bottle+vivino&count=15&search_lang=en&country=ALL&safesearch=strict&spellcheck=true "HTTP/1.1 200 OK"
2026-06-11 16:28:08,069 [INFO] Brave returned 15 candidates for SKU S004522 (query='Cline Classic Syrah California 2021 wine bottle vivino')
2026-06-11 16:28:08,070 [INFO] Vivino (Brave fallback) returned 4 candidates for SKU S004522 (query='Cline Classic Syrah California 2021 wine bottle vivino')
2026-06-11 16:28:08,561 [INFO] HTTP Request: POST https://google.serper.dev/images "HTTP/1.1 400 Bad Request"
2026-06-11 16:28:08,562 [WARNING] Serper unavailable for Vivino search SKU S004522 — using Brave
2026-06-11 16:28:09,203 [INFO] HTTP Request: GET https://api.search.brave.com/res/v1/images/search?q=Cline+2021+wine+bottle+vivino&count=15&search_lang=en&country=ALL&safesearch=strict&spellcheck=true "HTTP/1.1 200 OK"
2026-06-11 16:28:09,205 [INFO] Brave returned 15 candidates for SKU S004522 (query='Cline 2021 wine bottle vivino')
2026-06-11 16:28:09,205 [INFO] Vivino (Brave fallback) returned 2 candidates for SKU S004522 (query='Cline 2021 wine bottle vivino')
2026-06-11 16:28:09,205 [INFO] Vivino-only pass returned 6 candidates for SKU S004522
2026-06-11 16:28:10,282 [INFO] HTTP Request: GET https://images.vivino.com/thumbs/GxXe9EcTS12M2YAEnbmvIg_pb_x300.png "HTTP/1.1 200 OK"
2026-06-11 16:28:10,289 [INFO] AFC is enabled with max remote calls: 10.
2026-06-11 16:28:30,541 [INFO] AFC is enabled with max remote calls: 10.
2026-06-11 16:28:35,720 [INFO] HTTP Request: GET https://images.vivino.com/thumbs/rP2zW7pUStOwA8cz_suukQ_pb_x960.png "HTTP/1.1 200 OK"
2026-06-11 16:28:36,190 [INFO] AFC is enabled with max remote calls: 10.
2026-06-11 16:28:39,946 [INFO] AFC is enabled with max remote calls: 10.
2026-06-11 16:28:45,277 [INFO] HTTP Request: GET https://images.vivino.com/thumbs/aohjL74LSrmRSZ9Rj72sXQ_pb_x300.png "HTTP/1.1 200 OK"
2026-06-11 16:28:45,510 [INFO] AFC is enabled with max remote calls: 10.
2026-06-11 16:28:47,430 [INFO] AFC is enabled with max remote calls: 10.
2026-06-11 16:28:53,491 [INFO] HTTP Request: GET https://images.vivino.com/thumbs/wvUV4EbGTyWWE6ymjlOvGw_pb_x300.png "HTTP/1.1 200 OK"
2026-06-11 16:28:53,717 [INFO] AFC is enabled with max remote calls: 10.
2026-06-11 16:28:56,508 [INFO] AFC is enabled with max remote calls: 10.
2026-06-11 16:29:01,944 [INFO] HTTP Request: GET https://images.vivino.com/thumbs/oREUweRVTJWY7hVSp2ZU7A_pb_x960.png "HTTP/1.1 200 OK"
2026-06-11 16:29:02,200 [INFO] AFC is enabled with max remote calls: 10.
2026-06-11 16:29:05,885 [INFO] AFC is enabled with max remote calls: 10.
2026-06-11 16:29:13,356 [INFO] HTTP Request: GET https://images.vivino.com/thumbs/WUxpOR0CTruB7MfuywuwZg_pb_x300.png "HTTP/1.1 200 OK"
2026-06-11 16:29:13,365 [INFO] AFC is enabled with max remote calls: 10.
2026-06-11 16:29:17,230 [INFO] AFC is enabled with max remote calls: 10.
2026-06-11 16:29:23,146 [INFO]   ✓ S004522 confidence=0% producer=0% vintage=0%
2026-06-11 16:29:23,147 [INFO] [10/61] S004524: Cline Ancient Vines Zinfandel, Contra Costa County, California
2026-06-11 16:29:23,452 [INFO] HTTP Request: POST https://google.serper.dev/images "HTTP/1.1 400 Bad Request"
2026-06-11 16:29:23,453 [WARNING] Serper unavailable for Vivino search SKU S004524 — using Brave
2026-06-11 16:29:24,413 [INFO] HTTP Request: GET https://api.search.brave.com/res/v1/images/search?q=Cline+Ancient+Vines+Zinfandel%2C+Contra+Costa+County%2C+California+2022+vivino&count=15&search_lang=en&country=ALL&safesearch=strict&spellcheck=true "HTTP/1.1 200 OK"
2026-06-11 16:29:24,415 [INFO] Brave returned 15 candidates for SKU S004524 (query='Cline Ancient Vines Zinfandel, Contra Costa County, California 2022 vivino')
2026-06-11 16:29:24,461 [INFO] HTTP Request: POST https://google.serper.dev/images "HTTP/1.1 400 Bad Request"
2026-06-11 16:29:24,462 [WARNING] Serper unavailable for Vivino search SKU S004524 — using Brave
2026-06-11 16:29:25,126 [INFO] HTTP Request: GET https://api.search.brave.com/res/v1/images/search?q=Cline+Ancient+Vines+Zinfandel%2C+Contra+Costa+County%2C+California+2022+wine+bottle+vivino&count=15&search_lang=en&country=ALL&safesearch=strict&spellcheck=true "HTTP/1.1 200 OK"
2026-06-11 16:29:25,127 [INFO] Brave returned 15 candidates for SKU S004524 (query='Cline Ancient Vines Zinfandel, Contra Costa County, California 2022 wine bottle ')
2026-06-11 16:29:25,466 [INFO] HTTP Request: POST https://google.serper.dev/images "HTTP/1.1 400 Bad Request"
2026-06-11 16:29:25,467 [WARNING] Serper unavailable for Vivino search SKU S004524 — using Brave
2026-06-11 16:29:26,074 [INFO] HTTP Request: GET https://api.search.brave.com/res/v1/images/search?q=Cline+2022+wine+bottle+vivino&count=15&search_lang=en&country=ALL&safesearch=strict&spellcheck=true "HTTP/1.1 200 OK"
2026-06-11 16:29:26,076 [INFO] Brave returned 15 candidates for SKU S004524 (query='Cline 2022 wine bottle vivino')
2026-06-11 16:29:26,077 [INFO] Vivino (Brave fallback) returned 4 candidates for SKU S004524 (query='Cline 2022 wine bottle vivino')
2026-06-11 16:29:26,470 [INFO] HTTP Request: POST https://google.serper.dev/images "HTTP/1.1 400 Bad Request"
2026-06-11 16:29:26,470 [WARNING] Serper unavailable for Vivino search SKU S004524 — using Brave
2026-06-11 16:29:26,642 [INFO] HTTP Request: GET https://api.search.brave.com/res/v1/images/search?q=Cline+Ancient+Vines+Zinfandel%2C+Contra+Costa+County%2C+California+2022+vivino&count=15&search_lang=en&country=ALL&safesearch=strict&spellcheck=true "HTTP/1.1 200 OK"
2026-06-11 16:29:26,645 [INFO] Brave returned 15 candidates for SKU S004524 (query='Cline Ancient Vines Zinfandel, Contra Costa County, California 2022 vivino')
2026-06-11 16:29:26,747 [INFO] HTTP Request: GET https://www.googleapis.com/customsearch/v1?key=AIzaSyBZ5p08dd5cR_Q5bMHhaAFuH6kPUO9jxrY&cx=02211d6d3950b4d03&q=Cline+Ancient+Vines+Zinfandel%2C+Contra+Costa+County%2C+California+2022&searchType=image&num=10&imgSize=large&imgType=photo "HTTP/1.1 403 Forbidden"
2026-06-11 16:29:26,748 [WARNING] Custom Search JSON API returned 403: this GCP project likely has no JSON API entitlement (Google closed JSON API access for new projects; DDG/Bing fallback will be used). See https://developers.google.com/custom-search/v1/overview (Vertex AI Search or a third-party SERP API are alternatives).
2026-06-11 16:29:26,993 [INFO] response: https://duckduckgo.com/?q=Cline+Ancient+Vines+Zinfandel%2C+Contra+Costa+County%2C+California+2022 202
2026-06-11 16:29:27,040 [INFO] response: https://www.bing.com/images/async?q=Cline+Ancient+Vines+Zinfandel%2C+Contra+Costa+County%2C+California+2022&async=1&first=1&count=35 200
2026-06-11 16:29:27,056 [INFO] Bing returned 15 candidates for SKU S004524
2026-06-11 16:29:27,157 [INFO] response: https://duckduckgo.com/i.js?o=json&q=Cline+Ancient+Vines+Zinfandel%2C+Contra+Costa+County%2C+California+2022&l=us-en&vqd=4-223055752002919059049746439700171631887&p=1&ct=AT 403
2026-06-11 16:29:27,221 [INFO] HTTP Request: GET https://api.search.brave.com/res/v1/images/search?q=Cline+Ancient+Vines+Zinfandel%2C+Contra+Costa+County%2C+California+2022&count=15&search_lang=en&country=ALL&safesearch=strict&spellcheck=true "HTTP/1.1 200 OK"
2026-06-11 16:29:27,224 [INFO] Brave returned 15 candidates for SKU S004524 (query='Cline Ancient Vines Zinfandel, Contra Costa County, California 2022')
2026-06-11 16:29:27,245 [INFO] response: https://duckduckgo.com/?q=Cline+Ancient+Vines+Zinfandel%2C+Contra+Costa+County%2C+California+2022 200
2026-06-11 16:29:27,344 [INFO] response: https://duckduckgo.com/i.js?o=json&q=Cline+Ancient+Vines+Zinfandel%2C+Contra+Costa+County%2C+California+2022&l=us-en&vqd=4-223055752002919059049746439700171631887&p=1&ct=AT 403
2026-06-11 16:29:27,469 [INFO] HTTP Request: POST https://google.serper.dev/images "HTTP/1.1 400 Bad Request"
2026-06-11 16:29:27,470 [ERROR] Serper HTTP error: Client error '400 Bad Request' for url 'https://google.serper.dev/images'
For more information check: https://developer.mozilla.org/en-US/docs/Web/HTTP/Status/400
2026-06-11 16:29:27,635 [INFO] response: https://www.bing.com/images/async?q=Cline+Ancient+Vines+Zinfandel%2C+Contra+Costa+County%2C+California+2022&async=1&first=1&count=35 200
2026-06-11 16:29:27,649 [INFO] DuckDuckGo returned 15 candidates for SKU S004524
2026-06-11 16:29:27,649 [INFO] SKU S004524 query='Cline Ancient Vines Zinfandel, Contra Costa County, California 2022' — brave=15 google_cse=0 google_images=0 bing=15 ddg=15
2026-06-11 16:29:28,475 [INFO] HTTP Request: POST https://google.serper.dev/images "HTTP/1.1 400 Bad Request"
2026-06-11 16:29:28,476 [WARNING] Serper unavailable for Vivino search SKU S004524 — using Brave
2026-06-11 16:29:28,640 [INFO] HTTP Request: GET https://api.search.brave.com/res/v1/images/search?q=Cline+Ancient+Vines+Zinfandel%2C+Contra+Costa+County%2C+California+2022+wine+bottle+vivino&count=15&search_lang=en&country=ALL&safesearch=strict&spellcheck=true "HTTP/1.1 200 OK"
2026-06-11 16:29:28,643 [INFO] Brave returned 15 candidates for SKU S004524 (query='Cline Ancient Vines Zinfandel, Contra Costa County, California 2022 wine bottle ')
2026-06-11 16:29:28,682 [INFO] HTTP Request: GET https://www.googleapis.com/customsearch/v1?key=AIzaSyBZ5p08dd5cR_Q5bMHhaAFuH6kPUO9jxrY&cx=02211d6d3950b4d03&q=Cline+Ancient+Vines+Zinfandel%2C+Contra+Costa+County%2C+California+2022+wine+bottle&searchType=image&num=10&imgSize=large&imgType=photo "HTTP/1.1 403 Forbidden"
2026-06-11 16:29:28,683 [WARNING] Custom Search JSON API returned 403: this GCP project likely has no JSON API entitlement (Google closed JSON API access for new projects; DDG/Bing fallback will be used). See https://developers.google.com/custom-search/v1/overview (Vertex AI Search or a third-party SERP API are alternatives).
2026-06-11 16:29:28,892 [INFO] response: https://duckduckgo.com/?q=Cline+Ancient+Vines+Zinfandel%2C+Contra+Costa+County%2C+California+2022+wine+bottle 202
2026-06-11 16:29:28,989 [INFO] response: https://duckduckgo.com/i.js?o=json&q=Cline+Ancient+Vines+Zinfandel%2C+Contra+Costa+County%2C+California+2022+wine+bottle&l=us-en&vqd=4-248128106757138906800712712034612376982&p=1&ct=AT 403
2026-06-11 16:29:29,079 [INFO] response: https://duckduckgo.com/?q=Cline+Ancient+Vines+Zinfandel%2C+Contra+Costa+County%2C+California+2022+wine+bottle 200
2026-06-11 16:29:29,182 [INFO] response: https://duckduckgo.com/i.js?o=json&q=Cline+Ancient+Vines+Zinfandel%2C+Contra+Costa+County%2C+California+2022+wine+bottle&l=us-en&vqd=4-248128106757138906800712712034612376982&p=1&ct=AT 403
2026-06-11 16:29:29,280 [INFO] HTTP Request: GET https://api.search.brave.com/res/v1/images/search?q=Cline+Ancient+Vines+Zinfandel%2C+Contra+Costa+County%2C+California+2022+wine+bottle&count=15&search_lang=en&country=ALL&safesearch=strict&spellcheck=true "HTTP/1.1 200 OK"
2026-06-11 16:29:29,283 [INFO] Brave returned 15 candidates for SKU S004524 (query='Cline Ancient Vines Zinfandel, Contra Costa County, California 2022 wine bottle')
2026-06-11 16:29:29,474 [INFO] HTTP Request: POST https://google.serper.dev/images "HTTP/1.1 400 Bad Request"
2026-06-11 16:29:29,475 [ERROR] Serper HTTP error: Client error '400 Bad Request' for url 'https://google.serper.dev/images'
For more information check: https://developer.mozilla.org/en-US/docs/Web/HTTP/Status/400
2026-06-11 16:29:29,490 [INFO] response: https://www.bing.com/images/async?q=Cline+Ancient+Vines+Zinfandel%2C+Contra+Costa+County%2C+California+2022+wine+bottle&async=1&first=1&count=35 200
2026-06-11 16:29:29,501 [INFO] Bing returned 14 candidates for SKU S004524
2026-06-11 16:29:30,431 [INFO] response: https://www.bing.com/images/async?q=Cline+Ancient+Vines+Zinfandel%2C+Contra+Costa+County%2C+California+2022+wine+bottle&async=1&first=1&count=35 200
2026-06-11 16:29:30,447 [INFO] DuckDuckGo returned 14 candidates for SKU S004524
2026-06-11 16:29:30,448 [INFO] SKU S004524 query='Cline Ancient Vines Zinfandel, Contra Costa County, California 2022 wi' — brave=15 google_cse=0 google_images=0 bing=14 ddg=14
2026-06-11 16:29:30,495 [INFO] HTTP Request: POST https://google.serper.dev/images "HTTP/1.1 400 Bad Request"
2026-06-11 16:29:30,496 [WARNING] Serper unavailable for Vivino search SKU S004524 — using Brave
2026-06-11 16:29:30,661 [INFO] HTTP Request: GET https://api.search.brave.com/res/v1/images/search?q=Cline+2022+wine+bottle+vivino&count=15&search_lang=en&country=ALL&safesearch=strict&spellcheck=true "HTTP/1.1 200 OK"
2026-06-11 16:29:30,663 [INFO] Brave returned 15 candidates for SKU S004524 (query='Cline 2022 wine bottle vivino')
2026-06-11 16:29:30,663 [INFO] Vivino (Brave fallback) returned 4 candidates for SKU S004524 (query='Cline 2022 wine bottle vivino')
2026-06-11 16:29:30,701 [INFO] HTTP Request: GET https://www.googleapis.com/customsearch/v1?key=AIzaSyBZ5p08dd5cR_Q5bMHhaAFuH6kPUO9jxrY&cx=02211d6d3950b4d03&q=Cline+2022+wine+bottle&searchType=image&num=10&imgSize=large&imgType=photo "HTTP/1.1 403 Forbidden"
2026-06-11 16:29:30,703 [WARNING] Custom Search JSON API returned 403: this GCP project likely has no JSON API entitlement (Google closed JSON API access for new projects; DDG/Bing fallback will be used). See https://developers.google.com/custom-search/v1/overview (Vertex AI Search or a third-party SERP API are alternatives).
2026-06-11 16:29:30,828 [INFO] response: https://duckduckgo.com/?q=Cline+2022+wine+bottle 202
2026-06-11 16:29:31,017 [INFO] response: https://duckduckgo.com/i.js?o=json&q=Cline+2022+wine+bottle&l=us-en&vqd=4-239353499311642653406685948522341159237&p=1&ct=AT 403
2026-06-11 16:29:31,289 [INFO] HTTP Request: GET https://api.search.brave.com/res/v1/images/search?q=Cline+2022+wine+bottle&count=15&search_lang=en&country=ALL&safesearch=strict&spellcheck=true "HTTP/1.1 200 OK"
2026-06-11 16:29:31,292 [INFO] Brave returned 15 candidates for SKU S004524 (query='Cline 2022 wine bottle')
2026-06-11 16:29:31,325 [INFO] response: https://www.bing.com/images/async?q=Cline+2022+wine+bottle&async=1&first=1&count=35 200
2026-06-11 16:29:31,342 [INFO] DuckDuckGo returned 15 candidates for SKU S004524
2026-06-11 16:29:31,499 [INFO] HTTP Request: POST https://google.serper.dev/images "HTTP/1.1 400 Bad Request"
2026-06-11 16:29:31,500 [ERROR] Serper HTTP error: Client error '400 Bad Request' for url 'https://google.serper.dev/images'
For more information check: https://developer.mozilla.org/en-US/docs/Web/HTTP/Status/400
2026-06-11 16:29:32,298 [INFO] response: https://www.bing.com/images/async?q=Cline+2022+wine+bottle&async=1&first=1&count=35 200
2026-06-11 16:29:32,311 [INFO] Bing returned 15 candidates for SKU S004524
2026-06-11 16:29:32,312 [INFO] SKU S004524 query='Cline 2022 wine bottle' — brave=15 google_cse=0 google_images=0 bing=15 ddg=15
2026-06-11 16:29:32,312 [INFO] Merged 71 total candidates for SKU S004524 (all sources, 3 queries)
2026-06-11 16:29:32,547 [INFO] HTTP Request: GET https://winechateau.com/cdn/shop/files/22-av-zinfandel-95pts-vinepair-badge-bottleshot-1762538764713.png?v=1773096883&width=1445 "HTTP/1.1 200 OK"
2026-06-11 16:29:32,625 [ERROR] Error processing candidate https://winechateau.com/cdn/shop/files/22-av-zinfandel-95pts-vinepair-badge-bottleshot-1762538764713.png?v=1773096883&width=1445 for SKU S004524: Bottle is cropped — cap or base not fully visible
2026-06-11 16:29:32,775 [INFO] HTTP Request: GET https://cdn.klwines.com/images/skus/1795630x.jpg "HTTP/1.1 200 OK"
2026-06-11 16:29:32,787 [ERROR] Error processing candidate https://cdn.klwines.com/images/skus/1795630x.jpg for SKU S004524: Bottle is cropped — cap or base not fully visible
2026-06-11 16:29:33,212 [INFO] HTTP Request: GET https://binendswine.com/cdn/shop/files/IMG-5630.heic?v=1728427532&width=1080 "HTTP/1.1 200 OK"
2026-06-11 16:29:33,284 [ERROR] Error processing candidate https://binendswine.com/cdn/shop/files/IMG-5630.heic?v=1728427532&width=1080 for SKU S004524: Bottle is cropped — cap or base not fully visible
2026-06-11 16:29:34,397 [INFO] HTTP Request: GET https://cdn.shoplightspeed.com/shops/648097/files/54592020/800x1024x2/zinfandel-cline-zinfandel-ancient-vines-contra-cos.jpg "HTTP/1.1 200 OK"
2026-06-11 16:29:34,443 [ERROR] Error processing candidate https://cdn.shoplightspeed.com/shops/648097/files/54592020/800x1024x2/zinfandel-cline-zinfandel-ancient-vines-contra-cos.jpg for SKU S004524: Bottle is cropped — cap or base not fully visible
2026-06-11 16:29:35,337 [INFO] HTTP Request: GET https://d2j6dbq0eux0bg.cloudfront.net/images/97488274/4653340366.jpg "HTTP/1.1 200 OK"
2026-06-11 16:29:35,349 [ERROR] Error processing candidate https://d2j6dbq0eux0bg.cloudfront.net/images/97488274/4653340366.jpg for SKU S004524: Bottle is cropped — cap or base not fully visible
2026-06-11 16:29:35,419 [INFO] HTTP Request: GET http://bottlebarn.com/cdn/shop/files/2022ClineAncientVinesContraCostaCountyMourvedre.png?v=1717280395 "HTTP/1.1 301 Moved Permanently"
2026-06-11 16:29:35,466 [INFO] HTTP Request: GET https://bottlebarn.com/cdn/shop/files/2022ClineAncientVinesContraCostaCountyMourvedre.png?v=1717280395 "HTTP/1.1 200 OK"
2026-06-11 16:29:35,603 [ERROR] Error processing candidate http://bottlebarn.com/cdn/shop/files/2022ClineAncientVinesContraCostaCountyMourvedre.png?v=1717280395 for SKU S004524: Bottle is cropped — cap or base not fully visible
2026-06-11 16:29:35,711 [INFO] HTTP Request: GET https://bottlebarn.com/cdn/shop/files/2021ClineAncientVinesContraCostaCountyZinfandel_400x.png?v=1707259351 "HTTP/1.1 200 OK"
2026-06-11 16:29:35,732 [ERROR] Error processing candidate https://bottlebarn.com/cdn/shop/files/2021ClineAncientVinesContraCostaCountyZinfandel_400x.png?v=1707259351 for SKU S004524: Bottle is cropped — cap or base not fully visible
2026-06-11 16:29:37,389 [INFO] HTTP Request: GET https://cdn.ct-static.com/labels/e6f92d0b-fcc4-4082-afdf-1de3c80ce17f.jpg "HTTP/1.1 200 OK"
2026-06-11 16:29:37,481 [ERROR] Error processing candidate https://cdn.ct-static.com/labels/e6f92d0b-fcc4-4082-afdf-1de3c80ce17f.jpg for SKU S004524: Bottle is cropped — cap or base not fully visible
2026-06-11 16:29:37,563 [INFO] HTTP Request: GET https://bottlebarn.com/cdn/shop/files/2021ClineAncientVinesContraCostaCountyZinfandel_800x.png?v=1707259351 "HTTP/1.1 200 OK"
2026-06-11 16:29:37,604 [ERROR] Error processing candidate https://bottlebarn.com/cdn/shop/files/2021ClineAncientVinesContraCostaCountyZinfandel_800x.png?v=1707259351 for SKU S004524: Bottle is cropped — cap or base not fully visible
2026-06-11 16:29:38,539 [INFO] HTTP Request: GET https://cdn.ct-static.com/labels/d34c78de-b022-4ba6-90fd-bc719e1aa4bd.jpg "HTTP/1.1 200 OK"
2026-06-11 16:29:38,578 [ERROR] Error processing candidate https://cdn.ct-static.com/labels/d34c78de-b022-4ba6-90fd-bc719e1aa4bd.jpg for SKU S004524: Bottle is cropped — cap or base not fully visible
2026-06-11 16:29:38,667 [INFO] HTTP Request: GET https://cdn11.bigcommerce.com/s-k0y7xl9dpv/images/stencil/508x508/products/12587/46783/211230__29569.1670007388.jpg?c=1 "HTTP/1.1 200 OK"
2026-06-11 16:29:38,677 [ERROR] Error processing candidate https://cdn11.bigcommerce.com/s-k0y7xl9dpv/images/stencil/508x508/products/12587/46783/211230__29569.1670007388.jpg?c=1 for SKU S004524: Bottle is cropped — cap or base not fully visible
2026-06-11 16:29:40,064 [INFO] HTTP Request: GET https://www.kenswineguide.com/images_wine/Cline-2020-Ancient-Vines-Zinfandel.gif "HTTP/1.1 200 OK"
2026-06-11 16:29:40,494 [ERROR] Error processing candidate https://www.kenswineguide.com/images_wine/Cline-2020-Ancient-Vines-Zinfandel.gif for SKU S004524: Downloaded bytes were not a valid image: https://www.kenswineguide.com/images_wine/Cline-2020-Ancient-Vines-Zinfandel.gif
2026-06-11 16:29:40,873 [INFO] HTTP Request: GET https://hkonlinewineshop.com/cdn/shop/products/2016_Cline_Zin_Front_1200x1200_3971f872-7237-4dbb-8b3f-4f6601d269f4.jpg?v=1699536023&width=360 "HTTP/1.1 200 OK"
2026-06-11 16:29:40,881 [INFO] AFC is enabled with max remote calls: 10.
2026-06-11 16:29:45,692 [INFO] AFC is enabled with max remote calls: 10.
2026-06-11 16:29:49,737 [INFO] HTTP Request: GET https://api-runner.a-ok.app/static/images/aHR0cHM6Ly9iZmFzc2V0LmNvc3Rjby1zdGF0aWMuY29tL1U0NDdJSDM1L2FzLzR2cHBod2tqOTdjY3NxanFmaGtzM25tcS8xOTkxNDUtaW5jX18xP2F1dG89d2VicCZmb3JtYXQ9anBn "HTTP/1.1 200 OK"
2026-06-11 16:29:50,089 [INFO] AFC is enabled with max remote calls: 10.
2026-06-11 16:29:56,257 [INFO] AFC is enabled with max remote calls: 10.
2026-06-11 16:30:00,992 [INFO] HTTP Request: GET https://www.harrisandco.uk/cdn/shop/files/rn-image_picker_lib_temp_8a994713-dbed-4b49-9ad7-a838c380360f_900x.jpg?v=1724338480 "HTTP/1.1 200 OK"
2026-06-11 16:30:01,090 [ERROR] Error processing candidate https://www.harrisandco.uk/cdn/shop/files/rn-image_picker_lib_temp_8a994713-dbed-4b49-9ad7-a838c380360f_900x.jpg?v=1724338480 for SKU S004524: Bottle is cropped — cap or base not fully visible
2026-06-11 16:30:01,090 [INFO]   ✓ S004524 confidence=0% producer=0% vintage=0%
2026-06-11 16:30:01,090 [INFO] [11/61] S004528: Cypress Merlot, California
2026-06-11 16:30:01,185 [INFO] HTTP Request: POST https://google.serper.dev/images "HTTP/1.1 400 Bad Request"
2026-06-11 16:30:01,186 [WARNING] Serper unavailable for Vivino search SKU S004528 — using Brave
2026-06-11 16:30:02,145 [INFO] HTTP Request: GET https://api.search.brave.com/res/v1/images/search?q=Cypress+Merlot%2C+California+2022+vivino&count=15&search_lang=en&country=ALL&safesearch=strict&spellcheck=true "HTTP/1.1 200 OK"
2026-06-11 16:30:02,147 [INFO] Brave returned 15 candidates for SKU S004528 (query='Cypress Merlot, California 2022 vivino')
2026-06-11 16:30:02,148 [INFO] Vivino (Brave fallback) returned 9 candidates for SKU S004528 (query='Cypress Merlot, California 2022 vivino')
2026-06-11 16:30:02,196 [INFO] HTTP Request: POST https://google.serper.dev/images "HTTP/1.1 400 Bad Request"
2026-06-11 16:30:02,198 [WARNING] Serper unavailable for Vivino search SKU S004528 — using Brave
2026-06-11 16:30:03,235 [INFO] HTTP Request: GET https://api.search.brave.com/res/v1/images/search?q=Cypress+Merlot%2C+California+2022+wine+bottle+vivino&count=15&search_lang=en&country=ALL&safesearch=strict&spellcheck=true "HTTP/1.1 200 OK"
2026-06-11 16:30:03,238 [INFO] Brave returned 15 candidates for SKU S004528 (query='Cypress Merlot, California 2022 wine bottle vivino')
2026-06-11 16:30:03,238 [INFO] Vivino (Brave fallback) returned 4 candidates for SKU S004528 (query='Cypress Merlot, California 2022 wine bottle vivino')
2026-06-11 16:30:03,286 [INFO] HTTP Request: POST https://google.serper.dev/images "HTTP/1.1 400 Bad Request"
2026-06-11 16:30:03,287 [WARNING] Serper unavailable for Vivino search SKU S004528 — using Brave
2026-06-11 16:30:03,919 [INFO] HTTP Request: GET https://api.search.brave.com/res/v1/images/search?q=Cypress+2022+wine+bottle+vivino&count=15&search_lang=en&country=ALL&safesearch=strict&spellcheck=true "HTTP/1.1 200 OK"
2026-06-11 16:30:03,921 [INFO] Brave returned 15 candidates for SKU S004528 (query='Cypress 2022 wine bottle vivino')
2026-06-11 16:30:03,921 [INFO] Vivino (Brave fallback) returned 2 candidates for SKU S004528 (query='Cypress 2022 wine bottle vivino')
2026-06-11 16:30:03,922 [INFO] Vivino-only pass returned 12 candidates for SKU S004528
2026-06-11 16:30:04,813 [INFO] HTTP Request: GET https://images.vivino.com/thumbs/nwpj4Kg2TbiT6-uPbimW6A_pb_x300.png "HTTP/1.1 200 OK"
2026-06-11 16:30:05,041 [INFO] AFC is enabled with max remote calls: 10.
2026-06-11 16:30:07,654 [INFO] AFC is enabled with max remote calls: 10.
2026-06-11 16:30:17,194 [ERROR] Error processing candidate https://images.vivino.com/thumbs/nwpj4Kg2TbiT6-uPbimW6A_pb_x300.png for SKU S004528: 429 RESOURCE_EXHAUSTED. {'error': {'code': 429, 'message': 'Resource exhausted. Please try again later. Please refer to https://cloud.google.com/vertex-ai/generative-ai/docs/error-code-429 for more details.', 'status': 'RESOURCE_EXHAUSTED'}}
2026-06-11 16:30:18,098 [INFO] HTTP Request: GET https://images.vivino.com/thumbs/OQsWJzlMTUmhFW54VhRSWQ_pb_x300.png "HTTP/1.1 200 OK"
2026-06-11 16:30:18,108 [INFO] AFC is enabled with max remote calls: 10.
2026-06-11 16:30:21,095 [INFO] AFC is enabled with max remote calls: 10.
2026-06-11 16:30:24,347 [INFO] HTTP Request: GET https://images.vivino.com/thumbs/RxqGHNjZRhODejgJ_C7wWA_pb_x300.png "HTTP/1.1 200 OK"
2026-06-11 16:30:24,357 [INFO] AFC is enabled with max remote calls: 10.
2026-06-11 16:30:34,236 [ERROR] Error processing candidate https://images.vivino.com/thumbs/RxqGHNjZRhODejgJ_C7wWA_pb_x300.png for SKU S004528: Image does not contain a wine bottle with a label
2026-06-11 16:30:35,130 [INFO] HTTP Request: GET https://images.vivino.com/thumbs/VgmsJdRCRROr-NFH855Z4Q_pb_x300.png "HTTP/1.1 200 OK"
2026-06-11 16:30:35,362 [INFO] AFC is enabled with max remote calls: 10.
2026-06-11 16:30:38,150 [INFO] AFC is enabled with max remote calls: 10.
2026-06-11 16:30:43,098 [INFO] HTTP Request: GET https://images.vivino.com/thumbs/EkqDvYfWTjGAR4UESuZQ9w_pb_x300.png "HTTP/1.1 200 OK"
2026-06-11 16:30:43,320 [INFO] AFC is enabled with max remote calls: 10.
2026-06-11 16:30:46,350 [INFO] AFC is enabled with max remote calls: 10.
2026-06-11 16:30:50,790 [INFO] HTTP Request: GET https://images.vivino.com/thumbs/sjJL09pATD66jhFTJ6IgvQ_pb_x300.png "HTTP/1.1 200 OK"
2026-06-11 16:30:51,018 [INFO] AFC is enabled with max remote calls: 10.
2026-06-11 16:30:58,799 [INFO] AFC is enabled with max remote calls: 10.
2026-06-11 16:31:03,055 [INFO] HTTP Request: GET https://images.vivino.com/thumbs/Aznsgad-RvyG-DC_-GGQ_A_pb_x300.png "HTTP/1.1 200 OK"
2026-06-11 16:31:03,063 [INFO] AFC is enabled with max remote calls: 10.
2026-06-11 16:31:06,355 [INFO] AFC is enabled with max remote calls: 10.
2026-06-11 16:31:13,462 [INFO] HTTP Request: GET https://images.vivino.com/thumbs/2rCbYxrcRFa2l432ABuOXA_pb_x300.png "HTTP/1.1 200 OK"
2026-06-11 16:31:13,467 [INFO] AFC is enabled with max remote calls: 10.
2026-06-11 16:31:16,004 [ERROR] Error processing candidate https://images.vivino.com/thumbs/2rCbYxrcRFa2l432ABuOXA_pb_x300.png for SKU S004528: Image does not contain a wine bottle with a label
2026-06-11 16:31:16,903 [INFO] HTTP Request: GET https://images.vivino.com/thumbs/PODgn8PYQeKfDUYdmjqRjw_pb_x300.png "HTTP/1.1 200 OK"
2026-06-11 16:31:17,111 [INFO] AFC is enabled with max remote calls: 10.
2026-06-11 16:31:21,036 [INFO] AFC is enabled with max remote calls: 10.
2026-06-11 16:31:35,550 [INFO] HTTP Request: GET https://images.vivino.com/thumbs/vT47mPCxQCu8OlWZVOz8mw_pb_x300.png "HTTP/1.1 200 OK"
2026-06-11 16:31:35,559 [INFO] AFC is enabled with max remote calls: 10.
2026-06-11 16:31:38,027 [INFO] AFC is enabled with max remote calls: 10.
2026-06-11 16:31:45,236 [INFO] HTTP Request: GET https://images.vivino.com/thumbs/MhiwIbE4TmSLMfjD-EKYjg_pb_x960.png "HTTP/1.1 200 OK"
2026-06-11 16:31:45,272 [INFO] AFC is enabled with max remote calls: 10.
2026-06-11 16:31:47,701 [ERROR] Error processing candidate https://images.vivino.com/thumbs/MhiwIbE4TmSLMfjD-EKYjg_pb_x960.png for SKU S004528: Image does not contain a wine bottle with a label
2026-06-11 16:31:47,833 [INFO] HTTP Request: GET https://images.vivino.com/thumbs/MDntYhbBTGaNZ88zyjV84A_pb_x300.png "HTTP/1.1 200 OK"
2026-06-11 16:31:47,844 [INFO] AFC is enabled with max remote calls: 10.
2026-06-11 16:32:01,131 [ERROR]   Timeout (120s) for S004528
2026-06-11 16:32:01,131 [INFO] [12/61] S004531: Cypress Chardonnay, California
2026-06-11 16:32:01,443 [INFO] HTTP Request: POST https://google.serper.dev/images "HTTP/1.1 400 Bad Request"
2026-06-11 16:32:01,445 [WARNING] Serper unavailable for Vivino search SKU S004531 — using Brave
2026-06-11 16:32:02,413 [INFO] HTTP Request: GET https://api.search.brave.com/res/v1/images/search?q=Cypress+Chardonnay%2C+California+2022+vivino&count=15&search_lang=en&country=ALL&safesearch=strict&spellcheck=true "HTTP/1.1 200 OK"
2026-06-11 16:32:02,415 [INFO] Brave returned 15 candidates for SKU S004531 (query='Cypress Chardonnay, California 2022 vivino')
2026-06-11 16:32:02,415 [INFO] Vivino (Brave fallback) returned 9 candidates for SKU S004531 (query='Cypress Chardonnay, California 2022 vivino')
2026-06-11 16:32:02,463 [INFO] HTTP Request: POST https://google.serper.dev/images "HTTP/1.1 400 Bad Request"
2026-06-11 16:32:02,464 [WARNING] Serper unavailable for Vivino search SKU S004531 — using Brave
2026-06-11 16:32:03,075 [INFO] HTTP Request: GET https://api.search.brave.com/res/v1/images/search?q=Cypress+Chardonnay%2C+California+2022+wine+bottle+vivino&count=15&search_lang=en&country=ALL&safesearch=strict&spellcheck=true "HTTP/1.1 200 OK"
2026-06-11 16:32:03,078 [INFO] Brave returned 15 candidates for SKU S004531 (query='Cypress Chardonnay, California 2022 wine bottle vivino')
2026-06-11 16:32:03,469 [INFO] HTTP Request: POST https://google.serper.dev/images "HTTP/1.1 400 Bad Request"
2026-06-11 16:32:03,470 [WARNING] Serper unavailable for Vivino search SKU S004531 — using Brave
2026-06-11 16:32:03,635 [INFO] HTTP Request: GET https://api.search.brave.com/res/v1/images/search?q=Cypress+2022+wine+bottle+vivino&count=15&search_lang=en&country=ALL&safesearch=strict&spellcheck=true "HTTP/1.1 200 OK"
2026-06-11 16:32:03,637 [INFO] Brave returned 15 candidates for SKU S004531 (query='Cypress 2022 wine bottle vivino')
2026-06-11 16:32:03,637 [INFO] Vivino (Brave fallback) returned 2 candidates for SKU S004531 (query='Cypress 2022 wine bottle vivino')
2026-06-11 16:32:03,637 [INFO] Vivino-only pass returned 11 candidates for SKU S004531
2026-06-11 16:32:03,714 [INFO] HTTP Request: GET https://images.vivino.com/thumbs/Nzsljaa9QiePXurUWs2Stw_pb_x300.png "HTTP/1.1 200 OK"
2026-06-11 16:32:03,725 [INFO] AFC is enabled with max remote calls: 10.
2026-06-11 16:32:09,718 [INFO] AFC is enabled with max remote calls: 10.
2026-06-11 16:32:15,601 [INFO] HTTP Request: GET https://images.vivino.com/thumbs/H5fBiyCWQK-WAcbcwvKBcg_pb_x300.png "HTTP/1.1 200 OK"
2026-06-11 16:32:15,825 [INFO] AFC is enabled with max remote calls: 10.
2026-06-11 16:32:19,014 [ERROR] Error processing candidate https://images.vivino.com/thumbs/H5fBiyCWQK-WAcbcwvKBcg_pb_x300.png for SKU S004531: Image does not contain a wine bottle with a label
2026-06-11 16:32:19,096 [INFO] HTTP Request: GET https://images.vivino.com/thumbs/gAydmmSBTr-4FbYj9An_eA_pb_x300.png "HTTP/1.1 200 OK"
2026-06-11 16:32:19,108 [INFO] AFC is enabled with max remote calls: 10.
2026-06-11 16:32:24,716 [INFO] AFC is enabled with max remote calls: 10.
2026-06-11 16:32:29,804 [INFO] HTTP Request: GET https://images.vivino.com/thumbs/ktq89QhNRvOiGY5jrxDpbA_pb_x300.png "HTTP/1.1 200 OK"
2026-06-11 16:32:30,036 [INFO] AFC is enabled with max remote calls: 10.
2026-06-11 16:32:35,884 [INFO] AFC is enabled with max remote calls: 10.
2026-06-11 16:32:39,775 [INFO] HTTP Request: GET https://images.vivino.com/thumbs/T4crEXViR2iTqv6MUUSNhQ_pb_x300.png "HTTP/1.1 200 OK"
2026-06-11 16:32:39,783 [INFO] AFC is enabled with max remote calls: 10.
2026-06-11 16:32:44,693 [INFO] AFC is enabled with max remote calls: 10.
2026-06-11 16:32:47,639 [INFO] HTTP Request: GET https://images.vivino.com/thumbs/lbs3J2v9RpuCdau4Te7jqw_pb_x300.png "HTTP/1.1 200 OK"
2026-06-11 16:32:47,653 [INFO] AFC is enabled with max remote calls: 10.
2026-06-11 16:32:52,053 [INFO] AFC is enabled with max remote calls: 10.
2026-06-11 16:33:04,513 [INFO] HTTP Request: GET https://images.vivino.com/thumbs/mPyl7d8BR8Ctf5gT0tbTtw_pb_x300.png "HTTP/1.1 200 OK"
2026-06-11 16:33:04,528 [INFO] AFC is enabled with max remote calls: 10.
2026-06-11 16:33:07,167 [INFO] AFC is enabled with max remote calls: 10.
2026-06-11 16:33:11,684 [INFO] HTTP Request: GET https://images.vivino.com/thumbs/eFPf_2BVSGGpQgRKrlc06Q_pb_x300.png "HTTP/1.1 200 OK"
2026-06-11 16:33:11,902 [INFO] AFC is enabled with max remote calls: 10.
2026-06-11 16:33:21,358 [ERROR] Error processing candidate https://images.vivino.com/thumbs/eFPf_2BVSGGpQgRKrlc06Q_pb_x300.png for SKU S004531: 429 RESOURCE_EXHAUSTED. {'error': {'code': 429, 'message': 'Resource exhausted. Please try again later. Please refer to https://cloud.google.com/vertex-ai/generative-ai/docs/error-code-429 for more details.', 'status': 'RESOURCE_EXHAUSTED'}}
2026-06-11 16:33:21,445 [INFO] HTTP Request: GET https://images.vivino.com/thumbs/EWNIy5joRa-TxGeICF4Kxw_pb_x300.png "HTTP/1.1 200 OK"
2026-06-11 16:33:21,457 [INFO] AFC is enabled with max remote calls: 10.
2026-06-11 16:33:26,338 [INFO] AFC is enabled with max remote calls: 10.
2026-06-11 16:33:36,107 [INFO] HTTP Request: GET https://images.vivino.com/thumbs/MhiwIbE4TmSLMfjD-EKYjg_pb_x960.png "HTTP/1.1 200 OK"
2026-06-11 16:33:36,141 [INFO] AFC is enabled with max remote calls: 10.
2026-06-11 16:33:39,707 [ERROR] Error processing candidate https://images.vivino.com/thumbs/MhiwIbE4TmSLMfjD-EKYjg_pb_x960.png for SKU S004531: Image does not contain a wine bottle with a label
2026-06-11 16:33:39,947 [INFO] HTTP Request: GET https://images.vivino.com/thumbs/MDntYhbBTGaNZ88zyjV84A_pb_x300.png "HTTP/1.1 200 OK"
2026-06-11 16:33:39,958 [INFO] AFC is enabled with max remote calls: 10.
2026-06-11 16:33:42,069 [ERROR] Error processing candidate https://images.vivino.com/thumbs/MDntYhbBTGaNZ88zyjV84A_pb_x300.png for SKU S004531: Image does not contain a wine bottle with a label
2026-06-11 16:33:42,070 [INFO]   ✓ S004531 confidence=0% producer=0% vintage=0%
2026-06-11 16:33:42,070 [INFO] [13/61] S004537: Donkey & Goat If Then White Blend, California
2026-06-11 16:33:42,383 [INFO] HTTP Request: POST https://google.serper.dev/images "HTTP/1.1 400 Bad Request"
2026-06-11 16:33:42,384 [WARNING] Serper unavailable for Vivino search SKU S004537 — using Brave
2026-06-11 16:33:43,300 [INFO] HTTP Request: GET https://api.search.brave.com/res/v1/images/search?q=Donkey+%26+Goat+If+Then+White+Blend%2C+California+2023+vivino&count=15&search_lang=en&country=ALL&safesearch=strict&spellcheck=true "HTTP/1.1 200 OK"
2026-06-11 16:33:43,303 [INFO] Brave returned 15 candidates for SKU S004537 (query='Donkey & Goat If Then White Blend, California 2023 vivino')
2026-06-11 16:33:43,352 [INFO] HTTP Request: POST https://google.serper.dev/images "HTTP/1.1 400 Bad Request"
2026-06-11 16:33:43,353 [WARNING] Serper unavailable for Vivino search SKU S004537 — using Brave
2026-06-11 16:33:43,954 [INFO] HTTP Request: GET https://api.search.brave.com/res/v1/images/search?q=Donkey+%26+Goat+If+Then+White+Blend%2C+California+2023+wine+bottle+vivino&count=15&search_lang=en&country=ALL&safesearch=strict&spellcheck=true "HTTP/1.1 200 OK"
2026-06-11 16:33:43,956 [INFO] Brave returned 15 candidates for SKU S004537 (query='Donkey & Goat If Then White Blend, California 2023 wine bottle vivino')
2026-06-11 16:33:44,355 [INFO] HTTP Request: POST https://google.serper.dev/images "HTTP/1.1 400 Bad Request"
2026-06-11 16:33:44,356 [WARNING] Serper unavailable for Vivino search SKU S004537 — using Brave
2026-06-11 16:33:45,005 [INFO] HTTP Request: GET https://api.search.brave.com/res/v1/images/search?q=Donkey+2023+wine+bottle+vivino&count=15&search_lang=en&country=ALL&safesearch=strict&spellcheck=true "HTTP/1.1 200 OK"
2026-06-11 16:33:45,008 [INFO] Brave returned 15 candidates for SKU S004537 (query='Donkey 2023 wine bottle vivino')
2026-06-11 16:33:45,008 [INFO] Vivino (Brave fallback) returned 2 candidates for SKU S004537 (query='Donkey 2023 wine bottle vivino')
2026-06-11 16:33:45,357 [INFO] HTTP Request: POST https://google.serper.dev/images "HTTP/1.1 400 Bad Request"
2026-06-11 16:33:45,358 [WARNING] Serper unavailable for Vivino search SKU S004537 — using Brave
2026-06-11 16:33:45,524 [INFO] HTTP Request: GET https://api.search.brave.com/res/v1/images/search?q=Donkey+%26+Goat+If+Then+White+Blend%2C+California+2023+vivino&count=15&search_lang=en&country=ALL&safesearch=strict&spellcheck=true "HTTP/1.1 200 OK"
2026-06-11 16:33:45,527 [INFO] Brave returned 15 candidates for SKU S004537 (query='Donkey & Goat If Then White Blend, California 2023 vivino')
2026-06-11 16:33:45,632 [INFO] HTTP Request: GET https://www.googleapis.com/customsearch/v1?key=AIzaSyBZ5p08dd5cR_Q5bMHhaAFuH6kPUO9jxrY&cx=02211d6d3950b4d03&q=Donkey+%26+Goat+If+Then+White+Blend%2C+California+2023&searchType=image&num=10&imgSize=large&imgType=photo "HTTP/1.1 403 Forbidden"
2026-06-11 16:33:45,635 [WARNING] Custom Search JSON API returned 403: this GCP project likely has no JSON API entitlement (Google closed JSON API access for new projects; DDG/Bing fallback will be used). See https://developers.google.com/custom-search/v1/overview (Vertex AI Search or a third-party SERP API are alternatives).
2026-06-11 16:33:45,850 [INFO] response: https://www.bing.com/images/async?q=Donkey+%26+Goat+If+Then+White+Blend%2C+California+2023&async=1&first=1&count=35 200
2026-06-11 16:33:45,863 [INFO] Bing returned 15 candidates for SKU S004537
2026-06-11 16:33:45,868 [INFO] response: https://duckduckgo.com/?q=Donkey+%26+Goat+If+Then+White+Blend%2C+California+2023 202
2026-06-11 16:33:46,040 [INFO] response: https://duckduckgo.com/i.js?o=json&q=Donkey+%26+Goat+If+Then+White+Blend%2C+California+2023&l=us-en&vqd=4-250243832741984469116000404248407952601&p=1&ct=AT 403
2026-06-11 16:33:46,088 [INFO] HTTP Request: GET https://api.search.brave.com/res/v1/images/search?q=Donkey+%26+Goat+If+Then+White+Blend%2C+California+2023&count=15&search_lang=en&country=ALL&safesearch=strict&spellcheck=true "HTTP/1.1 200 OK"
2026-06-11 16:33:46,089 [INFO] Brave returned 15 candidates for SKU S004537 (query='Donkey & Goat If Then White Blend, California 2023')
2026-06-11 16:33:46,359 [INFO] HTTP Request: POST https://google.serper.dev/images "HTTP/1.1 400 Bad Request"
2026-06-11 16:33:46,360 [ERROR] Serper HTTP error: Client error '400 Bad Request' for url 'https://google.serper.dev/images'
For more information check: https://developer.mozilla.org/en-US/docs/Web/HTTP/Status/400
2026-06-11 16:33:47,779 [INFO] response: https://www.bing.com/images/async?q=Donkey+%26+Goat+If+Then+White+Blend%2C+California+2023&async=1&first=1&count=35 200
2026-06-11 16:33:47,790 [INFO] DuckDuckGo returned 15 candidates for SKU S004537
2026-06-11 16:33:47,791 [INFO] SKU S004537 query='Donkey & Goat If Then White Blend, California 2023' — brave=15 google_cse=0 google_images=0 bing=15 ddg=15
2026-06-11 16:33:47,839 [INFO] HTTP Request: POST https://google.serper.dev/images "HTTP/1.1 400 Bad Request"
2026-06-11 16:33:47,840 [WARNING] Serper unavailable for Vivino search SKU S004537 — using Brave
2026-06-11 16:33:48,004 [INFO] HTTP Request: GET https://api.search.brave.com/res/v1/images/search?q=Donkey+%26+Goat+If+Then+White+Blend%2C+California+2023+wine+bottle+vivino&count=15&search_lang=en&country=ALL&safesearch=strict&spellcheck=true "HTTP/1.1 200 OK"
2026-06-11 16:33:48,007 [INFO] Brave returned 15 candidates for SKU S004537 (query='Donkey & Goat If Then White Blend, California 2023 wine bottle vivino')
2026-06-11 16:33:48,042 [INFO] HTTP Request: GET https://www.googleapis.com/customsearch/v1?key=AIzaSyBZ5p08dd5cR_Q5bMHhaAFuH6kPUO9jxrY&cx=02211d6d3950b4d03&q=Donkey+%26+Goat+If+Then+White+Blend%2C+California+2023+wine+bottle&searchType=image&num=10&imgSize=large&imgType=photo "HTTP/1.1 403 Forbidden"
2026-06-11 16:33:48,043 [WARNING] Custom Search JSON API returned 403: this GCP project likely has no JSON API entitlement (Google closed JSON API access for new projects; DDG/Bing fallback will be used). See https://developers.google.com/custom-search/v1/overview (Vertex AI Search or a third-party SERP API are alternatives).
2026-06-11 16:33:48,157 [INFO] response: https://duckduckgo.com/?q=Donkey+%26+Goat+If+Then+White+Blend%2C+California+2023+wine+bottle 202
2026-06-11 16:33:48,334 [INFO] response: https://duckduckgo.com/i.js?o=json&q=Donkey+%26+Goat+If+Then+White+Blend%2C+California+2023+wine+bottle&l=us-en&vqd=4-10327969581476138525579583131625730553&p=1&ct=AT 403
2026-06-11 16:33:48,392 [INFO] response: https://www.bing.com/images/async?q=Donkey+%26+Goat+If+Then+White+Blend%2C+California+2023+wine+bottle&async=1&first=1&count=35 200
2026-06-11 16:33:48,398 [INFO] Bing returned 15 candidates for SKU S004537
2026-06-11 16:33:48,417 [INFO] response: https://duckduckgo.com/?q=Donkey+%26+Goat+If+Then+White+Blend%2C+California+2023+wine+bottle 200
2026-06-11 16:33:48,518 [INFO] response: https://duckduckgo.com/i.js?o=json&q=Donkey+%26+Goat+If+Then+White+Blend%2C+California+2023+wine+bottle&l=us-en&vqd=4-10327969581476138525579583131625730553&p=1&ct=AT 403
2026-06-11 16:33:48,573 [INFO] HTTP Request: GET https://api.search.brave.com/res/v1/images/search?q=Donkey+%26+Goat+If+Then+White+Blend%2C+California+2023+wine+bottle&count=15&search_lang=en&country=ALL&safesearch=strict&spellcheck=true "HTTP/1.1 200 OK"
2026-06-11 16:33:48,575 [INFO] Brave returned 15 candidates for SKU S004537 (query='Donkey & Goat If Then White Blend, California 2023 wine bottle')
2026-06-11 16:33:48,777 [INFO] response: https://www.bing.com/images/async?q=Donkey+%26+Goat+If+Then+White+Blend%2C+California+2023+wine+bottle&async=1&first=1&count=35 200
2026-06-11 16:33:48,787 [INFO] DuckDuckGo returned 15 candidates for SKU S004537
2026-06-11 16:33:48,857 [INFO] HTTP Request: POST https://google.serper.dev/images "HTTP/1.1 400 Bad Request"
2026-06-11 16:33:48,859 [ERROR] Serper HTTP error: Client error '400 Bad Request' for url 'https://google.serper.dev/images'
For more information check: https://developer.mozilla.org/en-US/docs/Web/HTTP/Status/400
2026-06-11 16:33:48,859 [INFO] SKU S004537 query='Donkey & Goat If Then White Blend, California 2023 wine bottle' — brave=15 google_cse=0 google_images=0 bing=15 ddg=15
2026-06-11 16:33:49,846 [INFO] HTTP Request: POST https://google.serper.dev/images "HTTP/1.1 400 Bad Request"
2026-06-11 16:33:49,848 [WARNING] Serper unavailable for Vivino search SKU S004537 — using Brave
2026-06-11 16:33:50,012 [INFO] HTTP Request: GET https://api.search.brave.com/res/v1/images/search?q=Donkey+2023+wine+bottle+vivino&count=15&search_lang=en&country=ALL&safesearch=strict&spellcheck=true "HTTP/1.1 200 OK"
2026-06-11 16:33:50,014 [INFO] Brave returned 15 candidates for SKU S004537 (query='Donkey 2023 wine bottle vivino')
2026-06-11 16:33:50,014 [INFO] Vivino (Brave fallback) returned 2 candidates for SKU S004537 (query='Donkey 2023 wine bottle vivino')
2026-06-11 16:33:50,055 [INFO] HTTP Request: GET https://www.googleapis.com/customsearch/v1?key=AIzaSyBZ5p08dd5cR_Q5bMHhaAFuH6kPUO9jxrY&cx=02211d6d3950b4d03&q=Donkey+2023+wine+bottle&searchType=image&num=10&imgSize=large&imgType=photo "HTTP/1.1 403 Forbidden"
2026-06-11 16:33:50,057 [WARNING] Custom Search JSON API returned 403: this GCP project likely has no JSON API entitlement (Google closed JSON API access for new projects; DDG/Bing fallback will be used). See https://developers.google.com/custom-search/v1/overview (Vertex AI Search or a third-party SERP API are alternatives).
2026-06-11 16:33:50,156 [INFO] response: https://duckduckgo.com/?q=Donkey+2023+wine+bottle 202
2026-06-11 16:33:50,333 [INFO] response: https://duckduckgo.com/i.js?o=json&q=Donkey+2023+wine+bottle&l=us-en&vqd=4-123336414520658528430751741823212933702&p=1&ct=AT 403
2026-06-11 16:33:50,417 [INFO] response: https://duckduckgo.com/?q=Donkey+2023+wine+bottle 200
2026-06-11 16:33:50,425 [INFO] response: https://www.bing.com/images/async?q=Donkey+2023+wine+bottle&async=1&first=1&count=35 200
2026-06-11 16:33:50,439 [INFO] Bing returned 15 candidates for SKU S004537
2026-06-11 16:33:50,518 [INFO] response: https://duckduckgo.com/i.js?o=json&q=Donkey+2023+wine+bottle&l=us-en&vqd=4-123336414520658528430751741823212933702&p=1&ct=AT 403
2026-06-11 16:33:50,665 [INFO] HTTP Request: GET https://api.search.brave.com/res/v1/images/search?q=Donkey+2023+wine+bottle&count=15&search_lang=en&country=ALL&safesearch=strict&spellcheck=true "HTTP/1.1 200 OK"
2026-06-11 16:33:50,668 [INFO] Brave returned 15 candidates for SKU S004537 (query='Donkey 2023 wine bottle')
2026-06-11 16:33:50,846 [INFO] HTTP Request: POST https://google.serper.dev/images "HTTP/1.1 400 Bad Request"
2026-06-11 16:33:50,848 [ERROR] Serper HTTP error: Client error '400 Bad Request' for url 'https://google.serper.dev/images'
For more information check: https://developer.mozilla.org/en-US/docs/Web/HTTP/Status/400
2026-06-11 16:33:50,886 [INFO] response: https://www.bing.com/images/async?q=Donkey+2023+wine+bottle&async=1&first=1&count=35 200
2026-06-11 16:33:50,905 [INFO] DuckDuckGo returned 15 candidates for SKU S004537
2026-06-11 16:33:50,905 [INFO] SKU S004537 query='Donkey 2023 wine bottle' — brave=15 google_cse=0 google_images=0 bing=15 ddg=15
2026-06-11 16:33:50,905 [INFO] Merged 78 total candidates for SKU S004537 (all sources, 3 queries)
2026-06-11 16:33:51,729 [INFO] HTTP Request: GET https://cdn.shoplightspeed.com/shops/607989/files/74089707/262x175x2/donkey-goat-donkey-goat-if-then-white-blend-2023-g.jpg "HTTP/1.1 200 OK"
2026-06-11 16:33:51,737 [INFO] AFC is enabled with max remote calls: 10.
2026-06-11 16:33:53,987 [INFO] AFC is enabled with max remote calls: 10.
2026-06-11 16:33:59,312 [INFO] HTTP Request: GET https://www.eaglewinemerchant.com/wp-content/uploads/2025/07/953d6fc4-8d53-4a92-aef6-32ed4f09077d.jpeg "HTTP/1.1 200 OK"
2026-06-11 16:33:59,493 [ERROR] Error processing candidate https://www.eaglewinemerchant.com/wp-content/uploads/2025/07/953d6fc4-8d53-4a92-aef6-32ed4f09077d.jpeg for SKU S004537: Bottle is cropped — cap or base not fully visible
2026-06-11 16:34:00,324 [INFO] HTTP Request: GET https://cdn.shoplightspeed.com/shops/607989/files/74089707/800x1024x2/donkey-goat-donkey-goat-if-then-white-blend-2023-g.jpg "HTTP/1.1 200 OK"
2026-06-11 16:34:00,590 [INFO] AFC is enabled with max remote calls: 10.
2026-06-11 16:34:03,376 [INFO] AFC is enabled with max remote calls: 10.
2026-06-11 16:34:07,411 [INFO] HTTP Request: GET https://cdn.ct-static.com/labels/2952c1f4-1729-41f5-b885-b41549af47bb.jpg "HTTP/1.1 200 OK"
2026-06-11 16:34:07,446 [ERROR] Error processing candidate https://cdn.ct-static.com/labels/2952c1f4-1729-41f5-b885-b41549af47bb.jpg for SKU S004537: Bottle is cropped — cap or base not fully visible
2026-06-11 16:34:08,239 [INFO] HTTP Request: GET https://cdn.shoplightspeed.com/shops/607989/files/74089707/130x150x2/donkey-goat-donkey-goat-if-then-white-blend-2023-g.jpg "HTTP/1.1 200 OK"
2026-06-11 16:34:08,244 [INFO] AFC is enabled with max remote calls: 10.
2026-06-11 16:34:14,248 [INFO] AFC is enabled with max remote calls: 10.
2026-06-11 16:34:23,876 [INFO] HTTP Request: GET https://www.donkeyandgoat.com/wp-content/uploads/2023/01/tree.jpg "HTTP/1.1 403 Forbidden"
2026-06-11 16:34:23,878 [ERROR] Image download failed for https://www.donkeyandgoat.com/wp-content/uploads/2023/01/tree.jpg: Client error '403 Forbidden' for url 'https://www.donkeyandgoat.com/wp-content/uploads/2023/01/tree.jpg'
For more information check: https://developer.mozilla.org/en-US/docs/Web/HTTP/Status/403
2026-06-11 16:34:23,878 [ERROR] Error processing candidate https://www.donkeyandgoat.com/wp-content/uploads/2023/01/tree.jpg for SKU S004537: Failed to download image: https://www.donkeyandgoat.com/wp-content/uploads/2023/01/tree.jpg
2026-06-11 16:34:24,699 [INFO] HTTP Request: GET https://cdn.shoplightspeed.com/shops/607989/files/74089711/262x175x2/donkey-goat-donkey-goat-if-then-red-blend-2023-gre.jpg "HTTP/1.1 200 OK"
2026-06-11 16:34:24,705 [INFO] AFC is enabled with max remote calls: 10.
2026-06-11 16:34:27,656 [INFO] AFC is enabled with max remote calls: 10.
2026-06-11 16:34:31,603 [INFO] HTTP Request: GET https://cdn11.bigcommerce.com/s-so3bj4al4r/products/6073/images/9453/original__35683.1718730105.500.750.jpg?c=2 "HTTP/1.1 200 OK"
2026-06-11 16:34:31,619 [ERROR] Error processing candidate https://cdn11.bigcommerce.com/s-so3bj4al4r/products/6073/images/9453/original__35683.1718730105.500.750.jpg?c=2 for SKU S004537: Bottle is cropped — cap or base not fully visible
2026-06-11 16:34:32,490 [INFO] HTTP Request: GET https://cdn.shoplightspeed.com/shops/607989/files/74089711/130x150x2/donkey-goat-donkey-goat-if-then-red-blend-2023-gre.jpg "HTTP/1.1 200 OK"
2026-06-11 16:34:32,495 [INFO] AFC is enabled with max remote calls: 10.
2026-06-11 16:34:36,019 [INFO] AFC is enabled with max remote calls: 10.
2026-06-11 16:34:40,884 [INFO] HTTP Request: GET https://cdn.klwines.com/images/skus/1275639x.jpg "HTTP/1.1 200 OK"
2026-06-11 16:34:40,893 [ERROR] Error processing candidate https://cdn.klwines.com/images/skus/1275639x.jpg for SKU S004537: Bottle is cropped — cap or base not fully visible
2026-06-11 16:34:41,345 [INFO] HTTP Request: GET https://shopgeraldines.com/cdn/shop/files/Donkey-_-Goat-If-Then-White-Blend.jpg?v=1736474634&width=1080 "HTTP/1.1 200 OK"
2026-06-11 16:34:41,393 [INFO] AFC is enabled with max remote calls: 10.
2026-06-11 16:34:44,478 [INFO] AFC is enabled with max remote calls: 10.
2026-06-11 16:34:48,962 [INFO] HTTP Request: GET https://static.wixstatic.com/media/6758bc_dfd25d90dba84923839727fee113bd16~mv2.png/v1/fit/w_500,h_500,q_90/file.png "HTTP/1.1 200 OK"
2026-06-11 16:34:49,499 [ERROR] Error processing candidate https://static.wixstatic.com/media/6758bc_dfd25d90dba84923839727fee113bd16~mv2.png/v1/fit/w_500,h_500,q_90/file.png for SKU S004537: Bottle is cropped — cap or base not fully visible
2026-06-11 16:34:50,387 [INFO] HTTP Request: GET https://cdn.shoplightspeed.com/shops/607989/files/74227748/262x175x2/donkey-goat-donkey-goat-falanghina-2023-san-benito.jpg "HTTP/1.1 200 OK"
2026-06-11 16:34:50,394 [INFO] AFC is enabled with max remote calls: 10.
2026-06-11 16:34:53,957 [INFO] AFC is enabled with max remote calls: 10.
2026-06-11 16:34:58,420 [INFO] HTTP Request: GET https://cdn.ct-static.com/labels/17c6a2e5-2757-4dc2-9338-13a05e76a4c9.jpg "HTTP/1.1 200 OK"
2026-06-11 16:34:58,455 [ERROR] Error processing candidate https://cdn.ct-static.com/labels/17c6a2e5-2757-4dc2-9338-13a05e76a4c9.jpg for SKU S004537: Bottle is cropped — cap or base not fully visible
2026-06-11 16:34:59,650 [INFO] HTTP Request: GET https://www.petitewine.com/cdn/shop/files/Donkey_Goat_IfThen_WhiteBlend.png?v=1738964952&width=2000 "HTTP/1.1 200 OK"
2026-06-11 16:35:00,031 [ERROR] Error processing candidate https://www.petitewine.com/cdn/shop/files/Donkey_Goat_IfThen_WhiteBlend.png?v=1738964952&width=2000 for SKU S004537: Bottle is cropped — cap or base not fully visible
2026-06-11 16:35:00,031 [INFO]   ✓ S004537 confidence=0% producer=0% vintage=0%
2026-06-11 16:35:00,031 [INFO] [14/61] S004544: Evolution Grenache, Oregon
2026-06-11 16:35:00,840 [INFO] HTTP Request: POST https://google.serper.dev/images "HTTP/1.1 400 Bad Request"
2026-06-11 16:35:00,841 [WARNING] Serper unavailable for Vivino search SKU S004544 — using Brave
2026-06-11 16:35:01,712 [INFO] HTTP Request: GET https://api.search.brave.com/res/v1/images/search?q=Evolution+Grenache%2C+Oregon+2020+vivino&count=15&search_lang=en&country=ALL&safesearch=strict&spellcheck=true "HTTP/1.1 200 OK"
2026-06-11 16:35:01,715 [INFO] Brave returned 15 candidates for SKU S004544 (query='Evolution Grenache, Oregon 2020 vivino')
2026-06-11 16:35:01,856 [INFO] HTTP Request: POST https://google.serper.dev/images "HTTP/1.1 400 Bad Request"
2026-06-11 16:35:01,857 [WARNING] Serper unavailable for Vivino search SKU S004544 — using Brave
2026-06-11 16:35:02,487 [INFO] HTTP Request: GET https://api.search.brave.com/res/v1/images/search?q=Evolution+Grenache%2C+Oregon+2020+wine+bottle+vivino&count=15&search_lang=en&country=ALL&safesearch=strict&spellcheck=true "HTTP/1.1 200 OK"
2026-06-11 16:35:02,490 [INFO] Brave returned 15 candidates for SKU S004544 (query='Evolution Grenache, Oregon 2020 wine bottle vivino')
2026-06-11 16:35:02,768 [INFO] HTTP Request: POST https://google.serper.dev/images "HTTP/1.1 400 Bad Request"
2026-06-11 16:35:02,770 [WARNING] Serper unavailable for Vivino search SKU S004544 — using Brave
2026-06-11 16:35:03,450 [INFO] HTTP Request: GET https://api.search.brave.com/res/v1/images/search?q=Evolution+2020+wine+bottle+vivino&count=15&search_lang=en&country=ALL&safesearch=strict&spellcheck=true "HTTP/1.1 200 OK"
2026-06-11 16:35:03,454 [INFO] Brave returned 15 candidates for SKU S004544 (query='Evolution 2020 wine bottle vivino')
2026-06-11 16:35:03,772 [INFO] HTTP Request: POST https://google.serper.dev/images "HTTP/1.1 400 Bad Request"
2026-06-11 16:35:03,773 [WARNING] Serper unavailable for Vivino search SKU S004544 — using Brave
2026-06-11 16:35:03,944 [INFO] HTTP Request: GET https://api.search.brave.com/res/v1/images/search?q=Evolution+Grenache%2C+Oregon+2020+vivino&count=15&search_lang=en&country=ALL&safesearch=strict&spellcheck=true "HTTP/1.1 200 OK"
2026-06-11 16:35:03,948 [INFO] Brave returned 15 candidates for SKU S004544 (query='Evolution Grenache, Oregon 2020 vivino')
2026-06-11 16:35:03,966 [INFO] Error in engine bing: DDGSException("RequestError: RequestError('error sending request for url (https://www.bing.com/images/async?q=Evolution+Grenache%2C+Oregon+2020&async=1&first=1&count=35)', 'https://www.bing.com/images/async?q=Evolution+Grenache%2C+Oregon+2020&async=1&first=1&count=35')")
2026-06-11 16:35:03,966 [ERROR] Bing image search failed: RequestError: RequestError('error sending request for url (https://www.bing.com/images/async?q=Evolution+Grenache%2C+Oregon+2020&async=1&first=1&count=35)', 'https://www.bing.com/images/async?q=Evolution+Grenache%2C+Oregon+2020&async=1&first=1&count=35')
2026-06-11 16:35:04,050 [INFO] HTTP Request: GET https://www.googleapis.com/customsearch/v1?key=AIzaSyBZ5p08dd5cR_Q5bMHhaAFuH6kPUO9jxrY&cx=02211d6d3950b4d03&q=Evolution+Grenache%2C+Oregon+2020&searchType=image&num=10&imgSize=large&imgType=photo "HTTP/1.1 403 Forbidden"
2026-06-11 16:35:04,052 [WARNING] Custom Search JSON API returned 403: this GCP project likely has no JSON API entitlement (Google closed JSON API access for new projects; DDG/Bing fallback will be used). See https://developers.google.com/custom-search/v1/overview (Vertex AI Search or a third-party SERP API are alternatives).
2026-06-11 16:35:04,323 [INFO] response: https://duckduckgo.com/?q=Evolution+Grenache%2C+Oregon+2020 202
2026-06-11 16:35:04,505 [INFO] response: https://duckduckgo.com/i.js?o=json&q=Evolution+Grenache%2C+Oregon+2020&l=us-en&vqd=4-38037652544146270870258219173611017510&p=1&ct=AT 403
2026-06-11 16:35:04,557 [INFO] HTTP Request: GET https://api.search.brave.com/res/v1/images/search?q=Evolution+Grenache%2C+Oregon+2020&count=15&search_lang=en&country=ALL&safesearch=strict&spellcheck=true "HTTP/1.1 200 OK"
2026-06-11 16:35:04,559 [INFO] Brave returned 15 candidates for SKU S004544 (query='Evolution Grenache, Oregon 2020')
2026-06-11 16:35:04,770 [INFO] HTTP Request: POST https://google.serper.dev/images "HTTP/1.1 400 Bad Request"
2026-06-11 16:35:04,772 [ERROR] Serper HTTP error: Client error '400 Bad Request' for url 'https://google.serper.dev/images'
For more information check: https://developer.mozilla.org/en-US/docs/Web/HTTP/Status/400
2026-06-11 16:35:04,827 [INFO] response: https://www.bing.com/images/async?q=Evolution+Grenache%2C+Oregon+2020&async=1&first=1&count=35 200
2026-06-11 16:35:04,845 [INFO] DuckDuckGo returned 15 candidates for SKU S004544
2026-06-11 16:35:04,845 [INFO] SKU S004544 query='Evolution Grenache, Oregon 2020' — brave=15 google_cse=0 google_images=0 bing=0 ddg=15
2026-06-11 16:35:05,777 [INFO] HTTP Request: POST https://google.serper.dev/images "HTTP/1.1 400 Bad Request"
2026-06-11 16:35:05,778 [WARNING] Serper unavailable for Vivino search SKU S004544 — using Brave
2026-06-11 16:35:05,946 [INFO] HTTP Request: GET https://api.search.brave.com/res/v1/images/search?q=Evolution+Grenache%2C+Oregon+2020+wine+bottle+vivino&count=15&search_lang=en&country=ALL&safesearch=strict&spellcheck=true "HTTP/1.1 200 OK"
2026-06-11 16:35:05,949 [INFO] Brave returned 15 candidates for SKU S004544 (query='Evolution Grenache, Oregon 2020 wine bottle vivino')
2026-06-11 16:35:05,995 [INFO] HTTP Request: GET https://www.googleapis.com/customsearch/v1?key=AIzaSyBZ5p08dd5cR_Q5bMHhaAFuH6kPUO9jxrY&cx=02211d6d3950b4d03&q=Evolution+Grenache%2C+Oregon+2020+wine+bottle&searchType=image&num=10&imgSize=large&imgType=photo "HTTP/1.1 403 Forbidden"
2026-06-11 16:35:05,998 [WARNING] Custom Search JSON API returned 403: this GCP project likely has no JSON API entitlement (Google closed JSON API access for new projects; DDG/Bing fallback will be used). See https://developers.google.com/custom-search/v1/overview (Vertex AI Search or a third-party SERP API are alternatives).
2026-06-11 16:35:06,112 [INFO] response: https://duckduckgo.com/?q=Evolution+Grenache%2C+Oregon+2020+wine+bottle 202
2026-06-11 16:35:06,283 [INFO] response: https://www.bing.com/images/async?q=Evolution+Grenache%2C+Oregon+2020+wine+bottle&async=1&first=1&count=35 200
2026-06-11 16:35:06,301 [INFO] Bing returned 15 candidates for SKU S004544
2026-06-11 16:35:06,304 [INFO] response: https://duckduckgo.com/i.js?o=json&q=Evolution+Grenache%2C+Oregon+2020+wine+bottle&l=us-en&vqd=4-186595463522214016471814628786584817887&p=1&ct=AT 403
2026-06-11 16:35:06,395 [INFO] response: https://duckduckgo.com/?q=Evolution+Grenache%2C+Oregon+2020+wine+bottle 200
2026-06-11 16:35:06,498 [INFO] response: https://duckduckgo.com/i.js?o=json&q=Evolution+Grenache%2C+Oregon+2020+wine+bottle&l=us-en&vqd=4-186595463522214016471814628786584817887&p=1&ct=AT 403
2026-06-11 16:35:06,524 [INFO] HTTP Request: GET https://api.search.brave.com/res/v1/images/search?q=Evolution+Grenache%2C+Oregon+2020+wine+bottle&count=15&search_lang=en&country=ALL&safesearch=strict&spellcheck=true "HTTP/1.1 200 OK"
2026-06-11 16:35:06,525 [INFO] Brave returned 15 candidates for SKU S004544 (query='Evolution Grenache, Oregon 2020 wine bottle')
2026-06-11 16:35:06,743 [INFO] response: https://www.bing.com/images/async?q=Evolution+Grenache%2C+Oregon+2020+wine+bottle&async=1&first=1&count=35 200
2026-06-11 16:35:06,757 [INFO] DuckDuckGo returned 15 candidates for SKU S004544
2026-06-11 16:35:06,777 [INFO] HTTP Request: POST https://google.serper.dev/images "HTTP/1.1 400 Bad Request"
2026-06-11 16:35:06,778 [ERROR] Serper HTTP error: Client error '400 Bad Request' for url 'https://google.serper.dev/images'
For more information check: https://developer.mozilla.org/en-US/docs/Web/HTTP/Status/400
2026-06-11 16:35:06,779 [INFO] SKU S004544 query='Evolution Grenache, Oregon 2020 wine bottle' — brave=15 google_cse=0 google_images=0 bing=15 ddg=15
2026-06-11 16:35:07,783 [INFO] HTTP Request: POST https://google.serper.dev/images "HTTP/1.1 400 Bad Request"
2026-06-11 16:35:07,785 [WARNING] Serper unavailable for Vivino search SKU S004544 — using Brave
2026-06-11 16:35:07,953 [INFO] HTTP Request: GET https://api.search.brave.com/res/v1/images/search?q=Evolution+2020+wine+bottle+vivino&count=15&search_lang=en&country=ALL&safesearch=strict&spellcheck=true "HTTP/1.1 200 OK"
2026-06-11 16:35:07,957 [INFO] Brave returned 15 candidates for SKU S004544 (query='Evolution 2020 wine bottle vivino')
2026-06-11 16:35:08,003 [INFO] HTTP Request: GET https://www.googleapis.com/customsearch/v1?key=AIzaSyBZ5p08dd5cR_Q5bMHhaAFuH6kPUO9jxrY&cx=02211d6d3950b4d03&q=Evolution+2020+wine+bottle&searchType=image&num=10&imgSize=large&imgType=photo "HTTP/1.1 403 Forbidden"
2026-06-11 16:35:08,009 [WARNING] Custom Search JSON API returned 403: this GCP project likely has no JSON API entitlement (Google closed JSON API access for new projects; DDG/Bing fallback will be used). See https://developers.google.com/custom-search/v1/overview (Vertex AI Search or a third-party SERP API are alternatives).
2026-06-11 16:35:08,109 [INFO] response: https://duckduckgo.com/?q=Evolution+2020+wine+bottle 202
2026-06-11 16:35:08,264 [INFO] response: https://www.bing.com/images/async?q=Evolution+2020+wine+bottle&async=1&first=1&count=35 200
2026-06-11 16:35:08,277 [INFO] Bing returned 15 candidates for SKU S004544
2026-06-11 16:35:08,301 [INFO] response: https://duckduckgo.com/i.js?o=json&q=Evolution+2020+wine+bottle&l=us-en&vqd=4-168836557961572653000487782540282456980&p=1&ct=AT 403
2026-06-11 16:35:08,391 [INFO] response: https://duckduckgo.com/?q=Evolution+2020+wine+bottle 200
2026-06-11 16:35:08,498 [INFO] response: https://duckduckgo.com/i.js?o=json&q=Evolution+2020+wine+bottle&l=us-en&vqd=4-168836557961572653000487782540282456980&p=1&ct=AT 403
2026-06-11 16:35:08,660 [INFO] HTTP Request: GET https://api.search.brave.com/res/v1/images/search?q=Evolution+2020+wine+bottle&count=15&search_lang=en&country=ALL&safesearch=strict&spellcheck=true "HTTP/1.1 200 OK"
2026-06-11 16:35:08,662 [INFO] Brave returned 15 candidates for SKU S004544 (query='Evolution 2020 wine bottle')
2026-06-11 16:35:08,759 [INFO] response: https://www.bing.com/images/async?q=Evolution+2020+wine+bottle&async=1&first=1&count=35 200
2026-06-11 16:35:08,768 [INFO] DuckDuckGo returned 15 candidates for SKU S004544
2026-06-11 16:35:08,786 [INFO] HTTP Request: POST https://google.serper.dev/images "HTTP/1.1 400 Bad Request"
2026-06-11 16:35:08,786 [ERROR] Serper HTTP error: Client error '400 Bad Request' for url 'https://google.serper.dev/images'
For more information check: https://developer.mozilla.org/en-US/docs/Web/HTTP/Status/400
2026-06-11 16:35:08,786 [INFO] SKU S004544 query='Evolution 2020 wine bottle' — brave=15 google_cse=0 google_images=0 bing=15 ddg=15
2026-06-11 16:35:08,786 [INFO] Merged 82 total candidates for SKU S004544 (all sources, 3 queries)
2026-06-11 16:35:09,177 [INFO] HTTP Request: GET https://evolutionwine.com/wp-content/uploads/2021/10/20EVGR-web.png "HTTP/1.1 200 OK"
2026-06-11 16:35:09,207 [ERROR] Error processing candidate https://evolutionwine.com/wp-content/uploads/2021/10/20EVGR-web.png for SKU S004544: Bottle is cropped — cap or base not fully visible
2026-06-11 16:35:10,390 [INFO] HTTP Request: GET https://winerabble.com/wp-content/uploads/2020/04/fullsizeoutput_203.jpeg "HTTP/1.1 403 Forbidden"
2026-06-11 16:35:10,393 [ERROR] Image download failed for https://winerabble.com/wp-content/uploads/2020/04/fullsizeoutput_203.jpeg: Client error '403 Forbidden' for url 'https://winerabble.com/wp-content/uploads/2020/04/fullsizeoutput_203.jpeg'
For more information check: https://developer.mozilla.org/en-US/docs/Web/HTTP/Status/403
2026-06-11 16:35:10,393 [ERROR] Error processing candidate https://winerabble.com/wp-content/uploads/2020/04/fullsizeoutput_203.jpeg for SKU S004544: Failed to download image: https://winerabble.com/wp-content/uploads/2020/04/fullsizeoutput_203.jpeg
2026-06-11 16:35:11,182 [INFO] HTTP Request: GET https://evolutionwine.com/wp-content/uploads/2022/04/20190921_172301-scaled.jpg "HTTP/1.1 200 OK"
2026-06-11 16:35:11,921 [ERROR] Error processing candidate https://evolutionwine.com/wp-content/uploads/2022/04/20190921_172301-scaled.jpg for SKU S004544: Bottle is cropped — cap or base not fully visible
2026-06-11 16:35:12,012 [INFO] HTTP Request: GET https://shop.sokolblosser.com/assets/images/products/pictures/evo-rose.png "HTTP/1.1 403 Forbidden"
2026-06-11 16:35:12,013 [ERROR] Image download failed for https://shop.sokolblosser.com/assets/images/products/pictures/evo-rose.png: Client error '403 Forbidden' for url 'https://shop.sokolblosser.com/assets/images/products/pictures/evo-rose.png'
For more information check: https://developer.mozilla.org/en-US/docs/Web/HTTP/Status/403
2026-06-11 16:35:12,013 [ERROR] Error processing candidate https://shop.sokolblosser.com/assets/images/products/pictures/evo-rose.png for SKU S004544: Failed to download image: https://shop.sokolblosser.com/assets/images/products/pictures/evo-rose.png
2026-06-11 16:35:12,955 [INFO] HTTP Request: GET https://images.vivino.com/thumbs/COYnAKYYSIycqz-iVlFNKQ_375x500.jpg "HTTP/1.1 200 OK"
2026-06-11 16:35:13,196 [ERROR] Error processing candidate https://images.vivino.com/thumbs/COYnAKYYSIycqz-iVlFNKQ_375x500.jpg for SKU S004544: Bottle is cropped — cap or base not fully visible
2026-06-11 16:35:13,360 [INFO] HTTP Request: GET https://perrineswine.com/cdn/shop/products/IMG_0036_3dc0fe53-ee25-4808-9d92-6d37c742ebef.png?v=1692039902&width=480 "HTTP/1.1 200 OK"
2026-06-11 16:35:13,387 [ERROR] Error processing candidate https://perrineswine.com/cdn/shop/products/IMG_0036_3dc0fe53-ee25-4808-9d92-6d37c742ebef.png?v=1692039902&width=480 for SKU S004544: Bottle is cropped — cap or base not fully visible
2026-06-11 16:35:14,325 [INFO] HTTP Request: GET https://cdn.ct-static.com/labels/f8423f86-a22f-4cd8-a914-569a3625f8af.jpg "HTTP/1.1 200 OK"
2026-06-11 16:35:14,377 [ERROR] Error processing candidate https://cdn.ct-static.com/labels/f8423f86-a22f-4cd8-a914-569a3625f8af.jpg for SKU S004544: Bottle is cropped — cap or base not fully visible
2026-06-11 16:35:14,758 [INFO] HTTP Request: GET https://www.shawnfinewine.com/cdn/shop/files/IMG_7700.jpg?v=1735862314&width=1946 "HTTP/1.1 200 OK"
2026-06-11 16:35:14,921 [ERROR] Error processing candidate https://www.shawnfinewine.com/cdn/shop/files/IMG_7700.jpg?v=1735862314&width=1946 for SKU S004544: Bottle is cropped — cap or base not fully visible
2026-06-11 16:35:15,990 [INFO] HTTP Request: GET https://cdn.ct-static.com/labels/579a63ea-4f78-4da5-b4a2-a81ab5354c9a.jpg "HTTP/1.1 200 OK"
2026-06-11 16:35:16,045 [ERROR] Error processing candidate https://cdn.ct-static.com/labels/579a63ea-4f78-4da5-b4a2-a81ab5354c9a.jpg for SKU S004544: Bottle is cropped — cap or base not fully visible
2026-06-11 16:35:17,165 [INFO] HTTP Request: GET https://www.virginwines.com.au/images/au/en/product/4180620b.png "HTTP/1.1 200 OK"
2026-06-11 16:35:17,197 [ERROR] Error processing candidate https://www.virginwines.com.au/images/au/en/product/4180620b.png for SKU S004544: Bottle is cropped — cap or base not fully visible
2026-06-11 16:35:18,165 [INFO] HTTP Request: GET https://cdn.ct-static.com/labels/60525614-1c4d-444b-98bc-f582b16ec421.jpg "HTTP/1.1 200 OK"
2026-06-11 16:35:18,221 [ERROR] Error processing candidate https://cdn.ct-static.com/labels/60525614-1c4d-444b-98bc-f582b16ec421.jpg for SKU S004544: Bottle is cropped — cap or base not fully visible
2026-06-11 16:35:20,487 [INFO] HTTP Request: GET https://www.moraswines.com/wp-content/uploads/2006/02/evolutionPinotNoir.png "HTTP/1.1 403 Forbidden"
2026-06-11 16:35:20,490 [ERROR] Image download failed for https://www.moraswines.com/wp-content/uploads/2006/02/evolutionPinotNoir.png: Client error '403 Forbidden' for url 'https://www.moraswines.com/wp-content/uploads/2006/02/evolutionPinotNoir.png'
For more information check: https://developer.mozilla.org/en-US/docs/Web/HTTP/Status/403
2026-06-11 16:35:20,490 [ERROR] Error processing candidate https://www.moraswines.com/wp-content/uploads/2006/02/evolutionPinotNoir.png for SKU S004544: Failed to download image: https://www.moraswines.com/wp-content/uploads/2006/02/evolutionPinotNoir.png
2026-06-11 16:35:21,588 [INFO] HTTP Request: GET https://cdn.ct-static.com/labels/653b4e77-2ecc-4fbc-bdcc-762b2d369092.jpg "HTTP/1.1 200 OK"
2026-06-11 16:35:21,633 [ERROR] Error processing candidate https://cdn.ct-static.com/labels/653b4e77-2ecc-4fbc-bdcc-762b2d369092.jpg for SKU S004544: Bottle is cropped — cap or base not fully visible
2026-06-11 16:35:22,660 [INFO] HTTP Request: GET https://www.vinvm.co.uk/image/cache/catalog/sokol-blosser-evolution-big-time-red-200x320.jpg?v1748332915 "HTTP/1.1 403 Forbidden"
2026-06-11 16:35:22,663 [ERROR] Image download failed for https://www.vinvm.co.uk/image/cache/catalog/sokol-blosser-evolution-big-time-red-200x320.jpg?v1748332915: Client error '403 Forbidden' for url 'https://www.vinvm.co.uk/image/cache/catalog/sokol-blosser-evolution-big-time-red-200x320.jpg?v1748332915'
For more information check: https://developer.mozilla.org/en-US/docs/Web/HTTP/Status/403
2026-06-11 16:35:22,663 [ERROR] Error processing candidate https://www.vinvm.co.uk/image/cache/catalog/sokol-blosser-evolution-big-time-red-200x320.jpg?v1748332915 for SKU S004544: Failed to download image: https://www.vinvm.co.uk/image/cache/catalog/sokol-blosser-evolution-big-time-red-200x320.jpg?v1748332915
2026-06-11 16:35:22,752 [INFO] HTTP Request: GET https://cdn.ct-static.com/labels/88da48cb-65cb-48e8-ae91-75e9e41918f9.jpg "HTTP/1.1 200 OK"
2026-06-11 16:35:22,828 [ERROR] Error processing candidate https://cdn.ct-static.com/labels/88da48cb-65cb-48e8-ae91-75e9e41918f9.jpg for SKU S004544: Bottle is cropped — cap or base not fully visible
2026-06-11 16:35:22,829 [WARNING]   No image for S004544 (verdict=REJECT, conf=0%)
2026-06-11 16:35:22,829 [INFO] [15/61] S004547: Franck Bonville Blanc de Blancs Millesime Grand Cru, Champagne, France
2026-06-11 16:35:22,992 [INFO] HTTP Request: POST https://google.serper.dev/images "HTTP/1.1 400 Bad Request"
2026-06-11 16:35:22,993 [WARNING] Serper unavailable for Vivino search SKU S004547 — using Brave
2026-06-11 16:35:23,981 [INFO] HTTP Request: GET https://api.search.brave.com/res/v1/images/search?q=Franck+Bonville+Blanc+de+Blancs+Millesime+Grand+Cru%2C+Champagne%2C+France+2013+vivino&count=15&search_lang=en&country=ALL&safesearch=strict&spellcheck=true "HTTP/1.1 200 OK"
2026-06-11 16:35:23,986 [INFO] Brave returned 15 candidates for SKU S004547 (query='Franck Bonville Blanc de Blancs Millesime Grand Cru, Champagne, France 2013 vivi')
2026-06-11 16:35:24,040 [INFO] HTTP Request: POST https://google.serper.dev/images "HTTP/1.1 400 Bad Request"
2026-06-11 16:35:24,043 [WARNING] Serper unavailable for Vivino search SKU S004547 — using Brave
2026-06-11 16:35:24,869 [INFO] HTTP Request: GET https://api.search.brave.com/res/v1/images/search?q=Franck+Bonville+Blanc+de+Blancs+Millesime+Grand+Cru%2C+Champagne%2C+France+2013+wine+bottle+vivino&count=15&search_lang=en&country=ALL&safesearch=strict&spellcheck=true "HTTP/1.1 200 OK"
2026-06-11 16:35:24,870 [INFO] Brave returned 15 candidates for SKU S004547 (query='Franck Bonville Blanc de Blancs Millesime Grand Cru, Champagne, France 2013 wine')
2026-06-11 16:35:24,870 [INFO] Vivino (Brave fallback) returned 1 candidates for SKU S004547 (query='Franck Bonville Blanc de Blancs Millesime Grand Cru, Champagne, France 2013 wine')
2026-06-11 16:35:25,129 [INFO] HTTP Request: POST https://google.serper.dev/images "HTTP/1.1 400 Bad Request"
2026-06-11 16:35:25,130 [WARNING] Serper unavailable for Vivino search SKU S004547 — using Brave
2026-06-11 16:35:25,850 [INFO] HTTP Request: GET https://api.search.brave.com/res/v1/images/search?q=Franck+2013+wine+bottle+vivino&count=15&search_lang=en&country=ALL&safesearch=strict&spellcheck=true "HTTP/1.1 200 OK"
2026-06-11 16:35:25,852 [INFO] Brave returned 15 candidates for SKU S004547 (query='Franck 2013 wine bottle vivino')
2026-06-11 16:35:25,852 [INFO] Vivino (Brave fallback) returned 4 candidates for SKU S004547 (query='Franck 2013 wine bottle vivino')
2026-06-11 16:35:25,852 [INFO] Vivino-only pass returned 5 candidates for SKU S004547
2026-06-11 16:35:26,747 [INFO] HTTP Request: GET https://images.vivino.com/thumbs/ImJqBaMnQsa7ClZlN4DSkg_pb_x960.png "HTTP/1.1 200 OK"
2026-06-11 16:35:27,207 [INFO] AFC is enabled with max remote calls: 10.
2026-06-11 16:35:34,943 [INFO] AFC is enabled with max remote calls: 10.
2026-06-11 16:35:40,013 [INFO] HTTP Request: GET https://images.vivino.com/thumbs/PfvMa0KORtCe4vKfpxG-Yw_pb_x960.png "HTTP/1.1 200 OK"
2026-06-11 16:35:40,047 [INFO] AFC is enabled with max remote calls: 10.
2026-06-11 16:35:44,580 [INFO] AFC is enabled with max remote calls: 10.
2026-06-11 16:35:52,356 [INFO] HTTP Request: GET https://images.vivino.com/thumbs/jOoTb_9aSLWMuGB2sxOv1w_pb_x300.png "HTTP/1.1 200 OK"
2026-06-11 16:35:52,367 [INFO] AFC is enabled with max remote calls: 10.
2026-06-11 16:36:05,115 [INFO] AFC is enabled with max remote calls: 10.
2026-06-11 16:36:10,171 [INFO] HTTP Request: GET https://images.vivino.com/thumbs/N6tfxArmSmeFedWilZu3bg_pb_x300.png "HTTP/1.1 200 OK"
2026-06-11 16:36:10,180 [INFO] AFC is enabled with max remote calls: 10.
2026-06-11 16:36:32,237 [ERROR] Error processing candidate https://images.vivino.com/thumbs/N6tfxArmSmeFedWilZu3bg_pb_x300.png for SKU S004547: Image does not contain a wine bottle with a label
2026-06-11 16:36:32,358 [INFO] HTTP Request: GET https://images.vivino.com/thumbs/UEOqESfDQeScAO91nY2zMQ_pb_x300.png "HTTP/1.1 200 OK"
2026-06-11 16:36:32,367 [INFO] AFC is enabled with max remote calls: 10.
2026-06-11 16:36:36,014 [INFO] AFC is enabled with max remote calls: 10.
2026-06-11 16:36:39,940 [INFO]   ✓ S004547 confidence=0% producer=0% vintage=0%
2026-06-11 16:36:39,940 [INFO] [16/61] S004548: Franck Bonville Blanc de Blancs Millesime Grand Cru, Champagne, France
2026-06-11 16:36:40,246 [INFO] HTTP Request: POST https://google.serper.dev/images "HTTP/1.1 400 Bad Request"
2026-06-11 16:36:40,247 [WARNING] Serper unavailable for Vivino search SKU S004548 — using Brave
2026-06-11 16:36:41,190 [INFO] HTTP Request: GET https://api.search.brave.com/res/v1/images/search?q=Franck+Bonville+Blanc+de+Blancs+Millesime+Grand+Cru%2C+Champagne%2C+France+2016+vivino&count=15&search_lang=en&country=ALL&safesearch=strict&spellcheck=true "HTTP/1.1 200 OK"
2026-06-11 16:36:41,192 [INFO] Brave returned 15 candidates for SKU S004548 (query='Franck Bonville Blanc de Blancs Millesime Grand Cru, Champagne, France 2016 vivi')
2026-06-11 16:36:41,238 [INFO] HTTP Request: POST https://google.serper.dev/images "HTTP/1.1 400 Bad Request"
2026-06-11 16:36:41,239 [WARNING] Serper unavailable for Vivino search SKU S004548 — using Brave
2026-06-11 16:36:41,872 [INFO] HTTP Request: GET https://api.search.brave.com/res/v1/images/search?q=Franck+Bonville+Blanc+de+Blancs+Millesime+Grand+Cru%2C+Champagne%2C+France+2016+wine+bottle+vivino&count=15&search_lang=en&country=ALL&safesearch=strict&spellcheck=true "HTTP/1.1 200 OK"
2026-06-11 16:36:41,875 [INFO] Brave returned 15 candidates for SKU S004548 (query='Franck Bonville Blanc de Blancs Millesime Grand Cru, Champagne, France 2016 wine')
2026-06-11 16:36:42,241 [INFO] HTTP Request: POST https://google.serper.dev/images "HTTP/1.1 400 Bad Request"
2026-06-11 16:36:42,242 [WARNING] Serper unavailable for Vivino search SKU S004548 — using Brave
2026-06-11 16:36:43,070 [INFO] HTTP Request: GET https://api.search.brave.com/res/v1/images/search?q=Franck+2016+wine+bottle+vivino&count=15&search_lang=en&country=ALL&safesearch=strict&spellcheck=true "HTTP/1.1 200 OK"
2026-06-11 16:36:43,072 [INFO] Brave returned 15 candidates for SKU S004548 (query='Franck 2016 wine bottle vivino')
2026-06-11 16:36:43,072 [INFO] Vivino (Brave fallback) returned 3 candidates for SKU S004548 (query='Franck 2016 wine bottle vivino')
2026-06-11 16:36:43,245 [INFO] HTTP Request: POST https://google.serper.dev/images "HTTP/1.1 400 Bad Request"
2026-06-11 16:36:43,246 [WARNING] Serper unavailable for Vivino search SKU S004548 — using Brave
2026-06-11 16:36:43,418 [INFO] HTTP Request: GET https://api.search.brave.com/res/v1/images/search?q=Franck+Bonville+Blanc+de+Blancs+Millesime+Grand+Cru%2C+Champagne%2C+France+2016+vivino&count=15&search_lang=en&country=ALL&safesearch=strict&spellcheck=true "HTTP/1.1 200 OK"
2026-06-11 16:36:43,420 [INFO] Brave returned 15 candidates for SKU S004548 (query='Franck Bonville Blanc de Blancs Millesime Grand Cru, Champagne, France 2016 vivi')
2026-06-11 16:36:43,527 [INFO] HTTP Request: GET https://www.googleapis.com/customsearch/v1?key=AIzaSyBZ5p08dd5cR_Q5bMHhaAFuH6kPUO9jxrY&cx=02211d6d3950b4d03&q=Franck+Bonville+Blanc+de+Blancs+Millesime+Grand+Cru%2C+Champagne%2C+France+2016&searchType=image&num=10&imgSize=large&imgType=photo "HTTP/1.1 403 Forbidden"
2026-06-11 16:36:43,529 [WARNING] Custom Search JSON API returned 403: this GCP project likely has no JSON API entitlement (Google closed JSON API access for new projects; DDG/Bing fallback will be used). See https://developers.google.com/custom-search/v1/overview (Vertex AI Search or a third-party SERP API are alternatives).
2026-06-11 16:36:43,771 [INFO] response: https://duckduckgo.com/?q=Franck+Bonville+Blanc+de+Blancs+Millesime+Grand+Cru%2C+Champagne%2C+France+2016 202
2026-06-11 16:36:43,929 [INFO] response: https://duckduckgo.com/i.js?o=json&q=Franck+Bonville+Blanc+de+Blancs+Millesime+Grand+Cru%2C+Champagne%2C+France+2016&l=us-en&vqd=4-255170660051412468776723384176905597122&p=1&ct=AT 403
2026-06-11 16:36:44,066 [INFO] HTTP Request: GET https://api.search.brave.com/res/v1/images/search?q=Franck+Bonville+Blanc+de+Blancs+Millesime+Grand+Cru%2C+Champagne%2C+France+2016&count=15&search_lang=en&country=ALL&safesearch=strict&spellcheck=true "HTTP/1.1 200 OK"
2026-06-11 16:36:44,068 [INFO] Brave returned 15 candidates for SKU S004548 (query='Franck Bonville Blanc de Blancs Millesime Grand Cru, Champagne, France 2016')
2026-06-11 16:36:44,201 [INFO] response: https://www.bing.com/images/async?q=Franck+Bonville+Blanc+de+Blancs+Millesime+Grand+Cru%2C+Champagne%2C+France+2016&async=1&first=1&count=35 200
2026-06-11 16:36:44,216 [INFO] DuckDuckGo returned 15 candidates for SKU S004548
2026-06-11 16:36:44,244 [INFO] HTTP Request: POST https://google.serper.dev/images "HTTP/1.1 400 Bad Request"
2026-06-11 16:36:44,246 [ERROR] Serper HTTP error: Client error '400 Bad Request' for url 'https://google.serper.dev/images'
For more information check: https://developer.mozilla.org/en-US/docs/Web/HTTP/Status/400
2026-06-11 16:36:44,911 [INFO] response: https://www.bing.com/images/async?q=Franck+Bonville+Blanc+de+Blancs+Millesime+Grand+Cru%2C+Champagne%2C+France+2016&async=1&first=1&count=35 200
2026-06-11 16:36:44,925 [INFO] Bing returned 15 candidates for SKU S004548
2026-06-11 16:36:44,926 [INFO] SKU S004548 query='Franck Bonville Blanc de Blancs Millesime Grand Cru, Champagne, France' — brave=15 google_cse=0 google_images=0 bing=15 ddg=15
2026-06-11 16:36:45,250 [INFO] HTTP Request: POST https://google.serper.dev/images "HTTP/1.1 400 Bad Request"
2026-06-11 16:36:45,252 [WARNING] Serper unavailable for Vivino search SKU S004548 — using Brave
2026-06-11 16:36:45,415 [INFO] HTTP Request: GET https://api.search.brave.com/res/v1/images/search?q=Franck+Bonville+Blanc+de+Blancs+Millesime+Grand+Cru%2C+Champagne%2C+France+2016+wine+bottle+vivino&count=15&search_lang=en&country=ALL&safesearch=strict&spellcheck=true "HTTP/1.1 200 OK"
2026-06-11 16:36:45,417 [INFO] Brave returned 15 candidates for SKU S004548 (query='Franck Bonville Blanc de Blancs Millesime Grand Cru, Champagne, France 2016 wine')
2026-06-11 16:36:45,458 [INFO] HTTP Request: GET https://www.googleapis.com/customsearch/v1?key=AIzaSyBZ5p08dd5cR_Q5bMHhaAFuH6kPUO9jxrY&cx=02211d6d3950b4d03&q=Franck+Bonville+Blanc+de+Blancs+Millesime+Grand+Cru%2C+Champagne%2C+France+2016+wine+bottle&searchType=image&num=10&imgSize=large&imgType=photo "HTTP/1.1 403 Forbidden"
2026-06-11 16:36:45,461 [WARNING] Custom Search JSON API returned 403: this GCP project likely has no JSON API entitlement (Google closed JSON API access for new projects; DDG/Bing fallback will be used). See https://developers.google.com/custom-search/v1/overview (Vertex AI Search or a third-party SERP API are alternatives).
2026-06-11 16:36:45,595 [INFO] response: https://duckduckgo.com/?q=Franck+Bonville+Blanc+de+Blancs+Millesime+Grand+Cru%2C+Champagne%2C+France+2016+wine+bottle 202
2026-06-11 16:36:45,735 [INFO] response: https://www.bing.com/images/async?q=Franck+Bonville+Blanc+de+Blancs+Millesime+Grand+Cru%2C+Champagne%2C+France+2016+wine+bottle&async=1&first=1&count=35 200
2026-06-11 16:36:45,750 [INFO] Bing returned 15 candidates for SKU S004548
2026-06-11 16:36:45,770 [INFO] response: https://duckduckgo.com/i.js?o=json&q=Franck+Bonville+Blanc+de+Blancs+Millesime+Grand+Cru%2C+Champagne%2C+France+2016+wine+bottle&l=us-en&vqd=4-93873076069700333679824211623005666642&p=1&ct=AT 403
2026-06-11 16:36:46,039 [INFO] response: https://www.bing.com/images/async?q=Franck+Bonville+Blanc+de+Blancs+Millesime+Grand+Cru%2C+Champagne%2C+France+2016+wine+bottle&async=1&first=1&count=35 200
2026-06-11 16:36:46,051 [INFO] DuckDuckGo returned 15 candidates for SKU S004548
2026-06-11 16:36:46,061 [INFO] HTTP Request: GET https://api.search.brave.com/res/v1/images/search?q=Franck+Bonville+Blanc+de+Blancs+Millesime+Grand+Cru%2C+Champagne%2C+France+2016+wine+bottle&count=15&search_lang=en&country=ALL&safesearch=strict&spellcheck=true "HTTP/1.1 200 OK"
2026-06-11 16:36:46,063 [INFO] Brave returned 15 candidates for SKU S004548 (query='Franck Bonville Blanc de Blancs Millesime Grand Cru, Champagne, France 2016 wine')
2026-06-11 16:36:46,249 [INFO] HTTP Request: POST https://google.serper.dev/images "HTTP/1.1 400 Bad Request"
2026-06-11 16:36:46,250 [ERROR] Serper HTTP error: Client error '400 Bad Request' for url 'https://google.serper.dev/images'
For more information check: https://developer.mozilla.org/en-US/docs/Web/HTTP/Status/400
2026-06-11 16:36:46,250 [INFO] SKU S004548 query='Franck Bonville Blanc de Blancs Millesime Grand Cru, Champagne, France' — brave=15 google_cse=0 google_images=0 bing=15 ddg=15
2026-06-11 16:36:47,256 [INFO] HTTP Request: POST https://google.serper.dev/images "HTTP/1.1 400 Bad Request"
2026-06-11 16:36:47,257 [WARNING] Serper unavailable for Vivino search SKU S004548 — using Brave
2026-06-11 16:36:47,425 [INFO] HTTP Request: GET https://api.search.brave.com/res/v1/images/search?q=Franck+2016+wine+bottle+vivino&count=15&search_lang=en&country=ALL&safesearch=strict&spellcheck=true "HTTP/1.1 200 OK"
2026-06-11 16:36:47,429 [INFO] Brave returned 15 candidates for SKU S004548 (query='Franck 2016 wine bottle vivino')
2026-06-11 16:36:47,429 [INFO] Vivino (Brave fallback) returned 3 candidates for SKU S004548 (query='Franck 2016 wine bottle vivino')
2026-06-11 16:36:47,464 [INFO] HTTP Request: GET https://www.googleapis.com/customsearch/v1?key=AIzaSyBZ5p08dd5cR_Q5bMHhaAFuH6kPUO9jxrY&cx=02211d6d3950b4d03&q=Franck+2016+wine+bottle&searchType=image&num=10&imgSize=large&imgType=photo "HTTP/1.1 403 Forbidden"
2026-06-11 16:36:47,466 [WARNING] Custom Search JSON API returned 403: this GCP project likely has no JSON API entitlement (Google closed JSON API access for new projects; DDG/Bing fallback will be used). See https://developers.google.com/custom-search/v1/overview (Vertex AI Search or a third-party SERP API are alternatives).
2026-06-11 16:36:47,599 [INFO] response: https://duckduckgo.com/?q=Franck+2016+wine+bottle 202
2026-06-11 16:36:47,777 [INFO] response: https://duckduckgo.com/i.js?o=json&q=Franck+2016+wine+bottle&l=us-en&vqd=4-243696506632097926459361874232728876437&p=1&ct=AT 403
2026-06-11 16:36:48,009 [INFO] response: https://www.bing.com/images/async?q=Franck+2016+wine+bottle&async=1&first=1&count=35 200
2026-06-11 16:36:48,026 [INFO] DuckDuckGo returned 15 candidates for SKU S004548
2026-06-11 16:36:48,120 [INFO] HTTP Request: GET https://api.search.brave.com/res/v1/images/search?q=Franck+2016+wine+bottle&count=15&search_lang=en&country=ALL&safesearch=strict&spellcheck=true "HTTP/1.1 200 OK"
2026-06-11 16:36:48,124 [INFO] Brave returned 13 candidates for SKU S004548 (query='Franck 2016 wine bottle')
2026-06-11 16:36:48,253 [INFO] HTTP Request: POST https://google.serper.dev/images "HTTP/1.1 400 Bad Request"
2026-06-11 16:36:48,256 [ERROR] Serper HTTP error: Client error '400 Bad Request' for url 'https://google.serper.dev/images'
For more information check: https://developer.mozilla.org/en-US/docs/Web/HTTP/Status/400
2026-06-11 16:36:48,304 [INFO] response: https://www.bing.com/images/async?q=Franck+2016+wine+bottle&async=1&first=1&count=35 200
2026-06-11 16:36:48,322 [INFO] Bing returned 15 candidates for SKU S004548
2026-06-11 16:36:48,323 [INFO] SKU S004548 query='Franck 2016 wine bottle' — brave=13 google_cse=0 google_images=0 bing=15 ddg=15
2026-06-11 16:36:48,323 [INFO] Merged 75 total candidates for SKU S004548 (all sources, 3 queries)
2026-06-11 16:36:48,566 [INFO] HTTP Request: GET https://www.winesolutions.com/cdn/shop/files/bonvillemillesime2016_40788193-09a3-4f68-9411-fb445692f6e7.png?v=1763898319&width=1080 "HTTP/1.1 200 OK"
2026-06-11 16:36:48,598 [ERROR] Error processing candidate https://www.winesolutions.com/cdn/shop/files/bonvillemillesime2016_40788193-09a3-4f68-9411-fb445692f6e7.png?v=1763898319&width=1080 for SKU S004548: Bottle is cropped — cap or base not fully visible
2026-06-11 16:36:49,147 [INFO] HTTP Request: GET https://bestofwines.com/wine-images/38587_big.jpg "HTTP/1.1 200 OK"
2026-06-11 16:36:49,165 [ERROR] Error processing candidate https://bestofwines.com/wine-images/38587_big.jpg for SKU S004548: Bottle is cropped — cap or base not fully visible
2026-06-11 16:36:49,608 [INFO] HTTP Request: GET https://www.pressshopatl.com/cdn/shop/files/DSC_1072_01_800x.webp?v=1777998419 "HTTP/1.1 200 OK"
2026-06-11 16:36:49,643 [ERROR] Error processing candidate https://www.pressshopatl.com/cdn/shop/files/DSC_1072_01_800x.webp?v=1777998419 for SKU S004548: Bottle is cropped — cap or base not fully visible
2026-06-11 16:36:49,942 [INFO] HTTP Request: GET https://bestofwines.com/wine-images/tmp/39555_big.jpg "HTTP/1.1 200 OK"
2026-06-11 16:36:50,022 [ERROR] Error processing candidate https://bestofwines.com/wine-images/tmp/39555_big.jpg for SKU S004548: Bottle is cropped — cap or base not fully visible
2026-06-11 16:36:51,299 [INFO] HTTP Request: GET https://dsi2vjvztwiuk.cloudfront.net/website/products/146316/bottle/798951/square.png "HTTP/1.1 200 OK"
2026-06-11 16:36:51,474 [ERROR] Error processing candidate https://dsi2vjvztwiuk.cloudfront.net/website/products/146316/bottle/798951/square.png for SKU S004548: Bottle is cropped — cap or base not fully visible
2026-06-11 16:36:51,603 [INFO] HTTP Request: GET https://champagne.guide/wp-content/uploads/Franck-Bonville-Grand-Cru-Blanc-de-Blancs-Millesime-Extra-Brut-2013.jpg "HTTP/1.1 200 OK"
2026-06-11 16:36:51,628 [ERROR] Error processing candidate https://champagne.guide/wp-content/uploads/Franck-Bonville-Grand-Cru-Blanc-de-Blancs-Millesime-Extra-Brut-2013.jpg for SKU S004548: Bottle is cropped — cap or base not fully visible
2026-06-11 16:36:52,597 [INFO] HTTP Request: GET https://cdn.ct-static.com/labels/5e4857bd-db64-4ea4-b726-07a1007bf661.jpg "HTTP/1.1 200 OK"
2026-06-11 16:36:52,639 [ERROR] Error processing candidate https://cdn.ct-static.com/labels/5e4857bd-db64-4ea4-b726-07a1007bf661.jpg for SKU S004548: Bottle is cropped — cap or base not fully visible
2026-06-11 16:36:53,904 [INFO] HTTP Request: GET https://rwmselections.com/cdn/shop/files/DSC_1072_01_800x.jpg?v=1687555092 "HTTP/1.1 200 OK"
2026-06-11 16:36:53,969 [ERROR] Error processing candidate https://rwmselections.com/cdn/shop/files/DSC_1072_01_800x.jpg?v=1687555092 for SKU S004548: Bottle is cropped — cap or base not fully visible
2026-06-11 16:36:54,900 [INFO] HTTP Request: GET https://cdn.ct-static.com/labels/fa25c846-971c-4bfb-8e5e-3cbf5c1b43cc.jpg "HTTP/1.1 200 OK"
2026-06-11 16:36:54,951 [ERROR] Error processing candidate https://cdn.ct-static.com/labels/fa25c846-971c-4bfb-8e5e-3cbf5c1b43cc.jpg for SKU S004548: Bottle is cropped — cap or base not fully visible
2026-06-11 16:36:56,127 [INFO] HTTP Request: GET https://perswijn.nl/wp-content/uploads/2024/08/Fles-Franck-Bonville-Millesim%C3%A9-Blanc-de-Blancs-Champagne-Grand-Cru-2015-Champagne-Champagne-Blanc-de-Blancs.png "HTTP/1.1 200 OK"
2026-06-11 16:36:56,527 [ERROR] Error processing candidate https://perswijn.nl/wp-content/uploads/2024/08/Fles-Franck-Bonville-Millesim%C3%A9-Blanc-de-Blancs-Champagne-Grand-Cru-2015-Champagne-Champagne-Blanc-de-Blancs.png for SKU S004548: Bottle is cropped — cap or base not fully visible
2026-06-11 16:36:57,617 [INFO] HTTP Request: GET https://we-love-bubbles.fr/336-large_default/franck-bonville-brut-grand-cru-blanc-de-blancs.jpg "HTTP/1.1 200 OK"
2026-06-11 16:36:57,879 [ERROR] Error processing candidate https://we-love-bubbles.fr/336-large_default/franck-bonville-brut-grand-cru-blanc-de-blancs.jpg for SKU S004548: Bottle is cropped — cap or base not fully visible
2026-06-11 16:36:58,791 [INFO] HTTP Request: GET https://vinoso.shop/2476-home_default/les-belles-voyes-brut-blanc-de-blancs-millesime.jpg "HTTP/1.1 200 OK"
2026-06-11 16:36:58,804 [ERROR] Error processing candidate https://vinoso.shop/2476-home_default/les-belles-voyes-brut-blanc-de-blancs-millesime.jpg for SKU S004548: Bottle is cropped — cap or base not fully visible
2026-06-11 16:36:59,510 [INFO] HTTP Request: GET https://boutique.champagne-franck-bonville.com/wp-content/uploads/2024/08/Millesime-2016-champagne-bonville.png "HTTP/1.1 200 OK"
2026-06-11 16:37:00,289 [ERROR] Error processing candidate https://boutique.champagne-franck-bonville.com/wp-content/uploads/2024/08/Millesime-2016-champagne-bonville.png for SKU S004548: Bottle is cropped — cap or base not fully visible
2026-06-11 16:37:00,363 [INFO] HTTP Request: GET https://vinoso.shop/1900-home_default/extra-brut-blanc-de-blancs-millesime-magnum.jpg "HTTP/1.1 200 OK"
2026-06-11 16:37:00,370 [ERROR] Error processing candidate https://vinoso.shop/1900-home_default/extra-brut-blanc-de-blancs-millesime-magnum.jpg for SKU S004548: Bottle is cropped — cap or base not fully visible
2026-06-11 16:37:01,542 [INFO] HTTP Request: GET https://enotecabarolo.com/wp-content/uploads/2022/10/MG_8843.jpg "HTTP/1.1 200 OK"
2026-06-11 16:37:01,863 [INFO] AFC is enabled with max remote calls: 10.
2026-06-11 16:37:06,247 [INFO] AFC is enabled with max remote calls: 10.
2026-06-11 16:37:13,178 [INFO] HTTP Request: GET https://enotecabarolo.com/wp-content/uploads/2022/10/MG_8843.jpg "HTTP/1.1 200 OK"
2026-06-11 16:37:13,444 [INFO]   ✓ S004548 confidence=73% producer=100% vintage=75%
2026-06-11 16:37:13,445 [INFO] [17/61] S004549: Franck Bonville Blanc de Blancs Millesime Grand Cru, Champagne, France
2026-06-11 16:37:13,770 [INFO] HTTP Request: POST https://google.serper.dev/images "HTTP/1.1 400 Bad Request"
2026-06-11 16:37:13,771 [WARNING] Serper unavailable for Vivino search SKU S004549 — using Brave
2026-06-11 16:37:14,710 [INFO] HTTP Request: GET https://api.search.brave.com/res/v1/images/search?q=Franck+Bonville+Blanc+de+Blancs+Millesime+Grand+Cru%2C+Champagne%2C+France+2018+vivino&count=15&search_lang=en&country=ALL&safesearch=strict&spellcheck=true "HTTP/1.1 200 OK"
2026-06-11 16:37:14,714 [INFO] Brave returned 15 candidates for SKU S004549 (query='Franck Bonville Blanc de Blancs Millesime Grand Cru, Champagne, France 2018 vivi')
2026-06-11 16:37:14,758 [INFO] HTTP Request: POST https://google.serper.dev/images "HTTP/1.1 400 Bad Request"
2026-06-11 16:37:14,759 [WARNING] Serper unavailable for Vivino search SKU S004549 — using Brave
2026-06-11 16:37:15,418 [INFO] HTTP Request: GET https://api.search.brave.com/res/v1/images/search?q=Franck+Bonville+Blanc+de+Blancs+Millesime+Grand+Cru%2C+Champagne%2C+France+2018+wine+bottle+vivino&count=15&search_lang=en&country=ALL&safesearch=strict&spellcheck=true "HTTP/1.1 200 OK"
2026-06-11 16:37:15,418 [INFO] Brave returned 15 candidates for SKU S004549 (query='Franck Bonville Blanc de Blancs Millesime Grand Cru, Champagne, France 2018 wine')
2026-06-11 16:37:15,762 [INFO] HTTP Request: POST https://google.serper.dev/images "HTTP/1.1 400 Bad Request"
2026-06-11 16:37:15,762 [WARNING] Serper unavailable for Vivino search SKU S004549 — using Brave
2026-06-11 16:37:16,419 [INFO] HTTP Request: GET https://api.search.brave.com/res/v1/images/search?q=Franck+2018+wine+bottle+vivino&count=15&search_lang=en&country=ALL&safesearch=strict&spellcheck=true "HTTP/1.1 200 OK"
2026-06-11 16:37:16,420 [INFO] Brave returned 15 candidates for SKU S004549 (query='Franck 2018 wine bottle vivino')
2026-06-11 16:37:16,768 [INFO] HTTP Request: POST https://google.serper.dev/images "HTTP/1.1 400 Bad Request"
2026-06-11 16:37:16,769 [WARNING] Serper unavailable for Vivino search SKU S004549 — using Brave
2026-06-11 16:37:16,945 [INFO] HTTP Request: GET https://api.search.brave.com/res/v1/images/search?q=Franck+Bonville+Blanc+de+Blancs+Millesime+Grand+Cru%2C+Champagne%2C+France+2018+vivino&count=15&search_lang=en&country=ALL&safesearch=strict&spellcheck=true "HTTP/1.1 200 OK"
2026-06-11 16:37:16,948 [INFO] Brave returned 15 candidates for SKU S004549 (query='Franck Bonville Blanc de Blancs Millesime Grand Cru, Champagne, France 2018 vivi')
2026-06-11 16:37:17,025 [INFO] HTTP Request: GET https://www.googleapis.com/customsearch/v1?key=AIzaSyBZ5p08dd5cR_Q5bMHhaAFuH6kPUO9jxrY&cx=02211d6d3950b4d03&q=Franck+Bonville+Blanc+de+Blancs+Millesime+Grand+Cru%2C+Champagne%2C+France+2018&searchType=image&num=10&imgSize=large&imgType=photo "HTTP/1.1 403 Forbidden"
2026-06-11 16:37:17,027 [WARNING] Custom Search JSON API returned 403: this GCP project likely has no JSON API entitlement (Google closed JSON API access for new projects; DDG/Bing fallback will be used). See https://developers.google.com/custom-search/v1/overview (Vertex AI Search or a third-party SERP API are alternatives).
2026-06-11 16:37:17,299 [INFO] response: https://duckduckgo.com/?q=Franck+Bonville+Blanc+de+Blancs+Millesime+Grand+Cru%2C+Champagne%2C+France+2018 200
2026-06-11 16:37:17,423 [INFO] response: https://duckduckgo.com/i.js?o=json&q=Franck+Bonville+Blanc+de+Blancs+Millesime+Grand+Cru%2C+Champagne%2C+France+2018&l=us-en&vqd=4-7073544856538921962309918249661102897&p=1&ct=AT 403
2026-06-11 16:37:17,598 [INFO] response: https://www.bing.com/images/async?q=Franck+Bonville+Blanc+de+Blancs+Millesime+Grand+Cru%2C+Champagne%2C+France+2018&async=1&first=1&count=35 200
2026-06-11 16:37:17,608 [INFO] HTTP Request: GET https://api.search.brave.com/res/v1/images/search?q=Franck+Bonville+Blanc+de+Blancs+Millesime+Grand+Cru%2C+Champagne%2C+France+2018&count=15&search_lang=en&country=ALL&safesearch=strict&spellcheck=true "HTTP/1.1 200 OK"
2026-06-11 16:37:17,610 [INFO] Brave returned 15 candidates for SKU S004549 (query='Franck Bonville Blanc de Blancs Millesime Grand Cru, Champagne, France 2018')
2026-06-11 16:37:17,615 [INFO] Bing returned 15 candidates for SKU S004549
2026-06-11 16:37:17,739 [INFO] response: https://www.bing.com/images/async?q=Franck+Bonville+Blanc+de+Blancs+Millesime+Grand+Cru%2C+Champagne%2C+France+2018&async=1&first=1&count=35 200
2026-06-11 16:37:17,752 [INFO] DuckDuckGo returned 15 candidates for SKU S004549
2026-06-11 16:37:17,769 [INFO] HTTP Request: POST https://google.serper.dev/images "HTTP/1.1 400 Bad Request"
2026-06-11 16:37:17,771 [ERROR] Serper HTTP error: Client error '400 Bad Request' for url 'https://google.serper.dev/images'
For more information check: https://developer.mozilla.org/en-US/docs/Web/HTTP/Status/400
2026-06-11 16:37:17,771 [INFO] SKU S004549 query='Franck Bonville Blanc de Blancs Millesime Grand Cru, Champagne, France' — brave=15 google_cse=0 google_images=0 bing=15 ddg=15
2026-06-11 16:37:18,773 [INFO] HTTP Request: POST https://google.serper.dev/images "HTTP/1.1 400 Bad Request"
2026-06-11 16:37:18,774 [WARNING] Serper unavailable for Vivino search SKU S004549 — using Brave
2026-06-11 16:37:18,941 [INFO] HTTP Request: GET https://api.search.brave.com/res/v1/images/search?q=Franck+Bonville+Blanc+de+Blancs+Millesime+Grand+Cru%2C+Champagne%2C+France+2018+wine+bottle+vivino&count=15&search_lang=en&country=ALL&safesearch=strict&spellcheck=true "HTTP/1.1 200 OK"
2026-06-11 16:37:18,944 [INFO] Brave returned 15 candidates for SKU S004549 (query='Franck Bonville Blanc de Blancs Millesime Grand Cru, Champagne, France 2018 wine')
2026-06-11 16:37:18,978 [INFO] HTTP Request: GET https://www.googleapis.com/customsearch/v1?key=AIzaSyBZ5p08dd5cR_Q5bMHhaAFuH6kPUO9jxrY&cx=02211d6d3950b4d03&q=Franck+Bonville+Blanc+de+Blancs+Millesime+Grand+Cru%2C+Champagne%2C+France+2018+wine+bottle&searchType=image&num=10&imgSize=large&imgType=photo "HTTP/1.1 403 Forbidden"
2026-06-11 16:37:18,979 [WARNING] Custom Search JSON API returned 403: this GCP project likely has no JSON API entitlement (Google closed JSON API access for new projects; DDG/Bing fallback will be used). See https://developers.google.com/custom-search/v1/overview (Vertex AI Search or a third-party SERP API are alternatives).
2026-06-11 16:37:19,092 [INFO] response: https://duckduckgo.com/?q=Franck+Bonville+Blanc+de+Blancs+Millesime+Grand+Cru%2C+Champagne%2C+France+2018+wine+bottle 200
2026-06-11 16:37:19,198 [INFO] response: https://duckduckgo.com/i.js?o=json&q=Franck+Bonville+Blanc+de+Blancs+Millesime+Grand+Cru%2C+Champagne%2C+France+2018+wine+bottle&l=us-en&vqd=4-113788451611083540394627726421237207184&p=1&ct=AT 403
2026-06-11 16:37:19,302 [INFO] response: https://www.bing.com/images/async?q=Franck+Bonville+Blanc+de+Blancs+Millesime+Grand+Cru%2C+Champagne%2C+France+2018+wine+bottle&async=1&first=1&count=35 200
2026-06-11 16:37:19,314 [INFO] Bing returned 15 candidates for SKU S004549
2026-06-11 16:37:19,513 [INFO] response: https://www.bing.com/images/async?q=Franck+Bonville+Blanc+de+Blancs+Millesime+Grand+Cru%2C+Champagne%2C+France+2018+wine+bottle&async=1&first=1&count=35 200
2026-06-11 16:37:19,524 [INFO] DuckDuckGo returned 15 candidates for SKU S004549
2026-06-11 16:37:19,621 [INFO] HTTP Request: GET https://api.search.brave.com/res/v1/images/search?q=Franck+Bonville+Blanc+de+Blancs+Millesime+Grand+Cru%2C+Champagne%2C+France+2018+wine+bottle&count=15&search_lang=en&country=ALL&safesearch=strict&spellcheck=true "HTTP/1.1 200 OK"
2026-06-11 16:37:19,624 [INFO] Brave returned 15 candidates for SKU S004549 (query='Franck Bonville Blanc de Blancs Millesime Grand Cru, Champagne, France 2018 wine')
2026-06-11 16:37:19,777 [INFO] HTTP Request: POST https://google.serper.dev/images "HTTP/1.1 400 Bad Request"
2026-06-11 16:37:19,778 [ERROR] Serper HTTP error: Client error '400 Bad Request' for url 'https://google.serper.dev/images'
For more information check: https://developer.mozilla.org/en-US/docs/Web/HTTP/Status/400
2026-06-11 16:37:19,779 [INFO] SKU S004549 query='Franck Bonville Blanc de Blancs Millesime Grand Cru, Champagne, France' — brave=15 google_cse=0 google_images=0 bing=15 ddg=15
2026-06-11 16:37:20,783 [INFO] HTTP Request: POST https://google.serper.dev/images "HTTP/1.1 400 Bad Request"
2026-06-11 16:37:20,784 [WARNING] Serper unavailable for Vivino search SKU S004549 — using Brave
2026-06-11 16:37:20,953 [INFO] HTTP Request: GET https://api.search.brave.com/res/v1/images/search?q=Franck+2018+wine+bottle+vivino&count=15&search_lang=en&country=ALL&safesearch=strict&spellcheck=true "HTTP/1.1 200 OK"
2026-06-11 16:37:20,955 [INFO] Brave returned 15 candidates for SKU S004549 (query='Franck 2018 wine bottle vivino')
2026-06-11 16:37:20,988 [INFO] HTTP Request: GET https://www.googleapis.com/customsearch/v1?key=AIzaSyBZ5p08dd5cR_Q5bMHhaAFuH6kPUO9jxrY&cx=02211d6d3950b4d03&q=Franck+2018+wine+bottle&searchType=image&num=10&imgSize=large&imgType=photo "HTTP/1.1 403 Forbidden"
2026-06-11 16:37:20,990 [WARNING] Custom Search JSON API returned 403: this GCP project likely has no JSON API entitlement (Google closed JSON API access for new projects; DDG/Bing fallback will be used). See https://developers.google.com/custom-search/v1/overview (Vertex AI Search or a third-party SERP API are alternatives).
2026-06-11 16:37:21,103 [INFO] response: https://duckduckgo.com/?q=Franck+2018+wine+bottle 200
2026-06-11 16:37:21,215 [INFO] response: https://duckduckgo.com/i.js?o=json&q=Franck+2018+wine+bottle&l=us-en&vqd=4-162864118968911176624034635649922707566&p=1&ct=AT 403
2026-06-11 16:37:21,304 [INFO] response: https://www.bing.com/images/async?q=Franck+2018+wine+bottle&async=1&first=1&count=35 200
2026-06-11 16:37:21,317 [INFO] Bing returned 15 candidates for SKU S004549
2026-06-11 16:37:21,454 [INFO] response: https://www.bing.com/images/async?q=Franck+2018+wine+bottle&async=1&first=1&count=35 200
2026-06-11 16:37:21,466 [INFO] DuckDuckGo returned 15 candidates for SKU S004549
2026-06-11 16:37:21,654 [INFO] HTTP Request: GET https://api.search.brave.com/res/v1/images/search?q=Franck+2018+wine+bottle&count=15&search_lang=en&country=ALL&safesearch=strict&spellcheck=true "HTTP/1.1 200 OK"
2026-06-11 16:37:21,656 [INFO] Brave returned 15 candidates for SKU S004549 (query='Franck 2018 wine bottle')
2026-06-11 16:37:21,780 [INFO] HTTP Request: POST https://google.serper.dev/images "HTTP/1.1 400 Bad Request"
2026-06-11 16:37:21,781 [ERROR] Serper HTTP error: Client error '400 Bad Request' for url 'https://google.serper.dev/images'
For more information check: https://developer.mozilla.org/en-US/docs/Web/HTTP/Status/400
2026-06-11 16:37:21,781 [INFO] SKU S004549 query='Franck 2018 wine bottle' — brave=15 google_cse=0 google_images=0 bing=15 ddg=15
2026-06-11 16:37:21,781 [INFO] Merged 76 total candidates for SKU S004549 (all sources, 3 queries)
2026-06-11 16:37:21,880 [INFO] HTTP Request: GET https://vinoso.shop/2146-home_default/pur-avize-blanc-de-blancs-millesime.jpg "HTTP/1.1 200 OK"
2026-06-11 16:37:21,892 [INFO] AFC is enabled with max remote calls: 10.
2026-06-11 16:37:26,098 [INFO] AFC is enabled with max remote calls: 10.
2026-06-11 16:37:29,814 [INFO] HTTP Request: GET https://bestofwines.com/wine-images/tmp/39555_big.jpg "HTTP/1.1 200 OK"
2026-06-11 16:37:29,890 [ERROR] Error processing candidate https://bestofwines.com/wine-images/tmp/39555_big.jpg for SKU S004549: Bottle is cropped — cap or base not fully visible
2026-06-11 16:37:30,822 [INFO] HTTP Request: GET https://vinoso.shop/2148-home_default/pur-mesnil-blanc-de-blancs.jpg "HTTP/1.1 200 OK"
2026-06-11 16:37:30,835 [INFO] AFC is enabled with max remote calls: 10.
2026-06-11 16:37:41,500 [INFO] AFC is enabled with max remote calls: 10.
2026-06-11 16:37:45,612 [INFO] HTTP Request: GET https://www.astorwines.com/images/items/51742.jpg "HTTP/1.1 200 OK"
2026-06-11 16:37:45,875 [INFO] AFC is enabled with max remote calls: 10.
2026-06-11 16:37:57,917 [INFO] AFC is enabled with max remote calls: 10.
2026-06-11 16:38:02,929 [INFO] HTTP Request: GET https://vinoso.shop/2148-medium_default/pur-mesnil-blanc-de-blancs.jpg "HTTP/1.1 200 OK"
2026-06-11 16:38:02,948 [INFO] AFC is enabled with max remote calls: 10.
2026-06-11 16:38:06,730 [INFO] AFC is enabled with max remote calls: 10.
2026-06-11 16:38:16,774 [INFO] HTTP Request: GET https://static.millesima.com/s3/attachements/h531px/3936_NM_c.png "HTTP/1.1 200 OK"
2026-06-11 16:38:16,786 [ERROR] Error processing candidate https://static.millesima.com/s3/attachements/h531px/3936_NM_c.png for SKU S004549: Bottle is cropped — cap or base not fully visible
2026-06-11 16:38:17,760 [INFO] HTTP Request: GET https://vinoso.shop/2151-medium_default/pur-oger-blanc-de-blancs.jpg "HTTP/1.1 200 OK"
2026-06-11 16:38:17,776 [INFO] AFC is enabled with max remote calls: 10.
2026-06-11 16:38:22,363 [INFO] AFC is enabled with max remote calls: 10.
2026-06-11 16:38:28,286 [INFO] HTTP Request: GET https://cdn.ct-static.com/labels/3fb0197c-92ea-4a01-99fb-2b08c57d2152.jpg "HTTP/1.1 200 OK"
2026-06-11 16:38:28,330 [ERROR] Error processing candidate https://cdn.ct-static.com/labels/3fb0197c-92ea-4a01-99fb-2b08c57d2152.jpg for SKU S004549: Bottle is cropped — cap or base not fully visible
2026-06-11 16:38:28,766 [INFO] HTTP Request: GET https://media.bbr.com/s/bbr/20188310523-ms?img404=Default_Wine&$PLPDesk$&fmt=auto&qlt=default "HTTP/1.1 200 OK"
2026-06-11 16:38:28,782 [ERROR] Error processing candidate https://media.bbr.com/s/bbr/20188310523-ms?img404=Default_Wine&$PLPDesk$&fmt=auto&qlt=default for SKU S004549: Bottle is cropped — cap or base not fully visible
2026-06-11 16:38:29,475 [INFO] HTTP Request: GET https://www.wijnkastenshop.com/resize/productfotos-wijnen-9_126570051004070076910697.jpg/0/1100/True/franck-bonville-champagne-brut-grand-cru.jpg "HTTP/1.1 200 OK"
2026-06-11 16:38:29,541 [ERROR] Error processing candidate https://www.wijnkastenshop.com/resize/productfotos-wijnen-9_126570051004070076910697.jpg/0/1100/True/franck-bonville-champagne-brut-grand-cru.jpg for SKU S004549: Bottle is cropped — cap or base not fully visible
2026-06-11 16:38:30,534 [INFO] HTTP Request: GET https://vinoso.shop/2151-home_default/pur-oger-blanc-de-blancs.jpg "HTTP/1.1 200 OK"
2026-06-11 16:38:30,559 [INFO] AFC is enabled with max remote calls: 10.
