/home/gitanjali/.pyenv/versions/3.10.14/lib/python3.10/site-packages/google/api_core/_python_version_support.py:273: FutureWarning: You are using a Python version (3.10.14) which Google will stop supporting in new releases of google.api_core once it reaches its end of life (2026-10-04). Please upgrade to the latest Python version, or at least Python 3.11, to continue receiving updates for google.api_core past that date.
  warnings.warn(message, FutureWarning)
/home/gitanjali/.pyenv/versions/3.10.14/lib/python3.10/site-packages/google/api_core/_python_version_support.py:273: FutureWarning: You are using a Python version (3.10.14) which Google will stop supporting in new releases of google.cloud.vision_v1 once it reaches its end of life (2026-10-04). Please upgrade to the latest Python version, or at least Python 3.11, to continue receiving updates for google.cloud.vision_v1 past that date.
  warnings.warn(message, FutureWarning)
2026-06-03 20:28:47,789 [INFO] Loading pricelist from use_this.xlsx
2026-06-03 20:28:47,866 [INFO] [TIMING] Load Excel file: 0.08s
2026-06-03 20:28:47,866 [INFO] Found 87 wines to process
2026-06-03 20:28:47,866 [INFO] Initializing pipeline...
2026-06-03 20:28:47,979 [INFO] The user provided project/location will take precedence over the Vertex AI API key from the environment variable.
2026-06-03 20:28:48,141 [INFO] The user provided project/location will take precedence over the Vertex AI API key from the environment variable.
2026-06-03 20:28:48,257 [INFO] [TIMING] Initialize pipeline: 0.39s
2026-06-03 20:28:48,261 [INFO] [TIMING] Create 87 SKU objects: 0.00s
2026-06-03 20:28:48,262 [INFO] Processing wines through pipeline...
2026-06-03 20:28:48,263 [INFO] Deduping enabled: 87 line items → 65 unique searches
2026-06-03 20:28:48,268 [INFO] [1/65] Searching (rep) BH08/2021: Domaine de Bila-Haut V.I.T Cotes du Roussillon Latour de France AOP
2026-06-03 20:28:48,323 [INFO] HTTP Request: GET https://serpapi.com/search?engine=google_images&q=Domaine+Languedoc-Roussillon+Domaine+de+Bila-Haut+V.I.T+Cotes+du+Roussillon+Latour+de+France+AOP+Grenache+2021+wine+bottle+white+background+product+photo+-site%3Ainstagram.com+-site%3Afacebook.com+-site%3Apinterest.com+-site%3Atiktok.com+-site%3Atwitter.com+-site%3Ax.com&api_key=6507934244ec5d105def13275985cc32791c2c5e8841ae31dce98b8a2c762461&ijn=0&imgsz=l&imgtype=photo&imgar=t "HTTP/1.1 200 OK"
2026-06-03 20:28:48,325 [INFO] SerpApi returned 21 candidates for SKU BH08/2021
2026-06-03 20:28:48,446 [INFO] HTTP Request: GET https://storage.googleapis.com/winentaste-alcohol-quick-howl-assets/10795_03.jpg "HTTP/1.1 200 OK"
2026-06-03 20:28:48,481 [INFO] AFC is enabled with max remote calls: 10.
2026-06-03 20:28:59,200 [INFO] AFC is enabled with max remote calls: 10.
2026-06-03 20:29:04,079 [INFO] HTTP Request: GET https://storage.googleapis.com/winentaste-alcohol-quick-howl-assets/10795_03.jpg "HTTP/1.1 200 OK"
2026-06-03 20:29:06,455 [INFO] [2/65] Searching (rep) BH09/2021: Domaine de Bila-Haut R.I Cotes du Roussillon Villages Lesquerde AOP
2026-06-03 20:29:06,496 [INFO] HTTP Request: GET https://serpapi.com/search?engine=google_images&q=Domaine+Languedoc-Roussillon+Domaine+de+Bila-Haut+R.I+Cotes+du+Roussillon+Villages+Lesquerde+AOP+100%25+Syrah+2021+wine+bottle+white+background+product+photo+-site%3Ainstagram.com+-site%3Afacebook.com+-site%3Apinterest.com+-site%3Atiktok.com+-site%3Atwitter.com+-site%3Ax.com&api_key=6507934244ec5d105def13275985cc32791c2c5e8841ae31dce98b8a2c762461&ijn=0&imgsz=l&imgtype=photo&imgar=t "HTTP/1.1 200 OK"
2026-06-03 20:29:06,514 [INFO] HTTP Request: GET https://serpapi.com/search?engine=google_images&q=Domaine+Languedoc-Roussillon+Domaine+de+Bila-Haut+R.I+Cotes+du+Roussillon+Villages+Lesquerde+AOP+100%25+Syrah+2021+wine+bottle+white+background+product+photo+-site%3Ainstagram.com+-site%3Afacebook.com+-site%3Apinterest.com+-site%3Atiktok.com+-site%3Atwitter.com+-site%3Ax.com&api_key=6507934244ec5d105def13275985cc32791c2c5e8841ae31dce98b8a2c762461&ijn=1&imgsz=l&imgtype=photo&imgar=t "HTTP/1.1 200 OK"
2026-06-03 20:29:11,635 [INFO] HTTP Request: GET https://www.googleapis.com/customsearch/v1?key=AIzaSyBZ5p08dd5cR_Q5bMHhaAFuH6kPUO9jxrY&cx=02211d6d3950b4d03&q=Domaine+Languedoc-Roussillon+Domaine+de+Bila-Haut+R.I+Cotes+du+Roussillon+Villages+Lesquerde+AOP+100%25+Syrah+2021+wine+bottle+white+background+product+photo+-site%3Ainstagram.com+-site%3Afacebook.com+-site%3Apinterest.com+-site%3Atiktok.com+-site%3Atwitter.com+-site%3Ax.com&searchType=image&num=1&imgSize=large&imgType=photo "HTTP/1.1 403 Forbidden"
2026-06-03 20:29:11,637 [WARNING] Custom Search JSON API returned 403: this GCP project likely has no JSON API entitlement (Google closed JSON API access for new projects; DDG/Bing fallback will be used). See https://developers.google.com/custom-search/v1/overview (Vertex AI Search or a third-party SERP API are alternatives).
2026-06-03 20:29:11,875 [INFO] response: https://duckduckgo.com/?q=Domaine+Languedoc-Roussillon+Domaine+de+Bila-Haut+R.I+Cotes+du+Roussillon+Villages+Lesquerde+AOP+100%25+Syrah+2021+wine+bottle+white+background+product+photo+-site%3Ainstagram.com+-site%3Afacebook.com+-site%3Apinterest.com+-site%3Atiktok.com+-site%3Atwitter.com+-site%3Ax.com 200
2026-06-03 20:29:11,929 [INFO] response: https://duckduckgo.com/i.js?o=json&q=Domaine+Languedoc-Roussillon+Domaine+de+Bila-Haut+R.I+Cotes+du+Roussillon+Villages+Lesquerde+AOP+100%25+Syrah+2021+wine+bottle+white+background+product+photo+-site%3Ainstagram.com+-site%3Afacebook.com+-site%3Apinterest.com+-site%3Atiktok.com+-site%3Atwitter.com+-site%3Ax.com&l=us-en&vqd=4-233683854309123818994093994359908547049&p=1&ct=AT 403
2026-06-03 20:29:12,118 [INFO] response: https://www.bing.com/images/async?q=Domaine+Languedoc-Roussillon+Domaine+de+Bila-Haut+R.I+Cotes+du+Roussillon+Villages+Lesquerde+AOP+100%25+Syrah+2021+wine+bottle+white+background+product+photo+-site%3Ainstagram.com+-site%3Afacebook.com+-site%3Apinterest.com+-site%3Atiktok.com+-site%3Atwitter.com+-site%3Ax.com&async=1&first=1&count=35 200
2026-06-03 20:29:12,120 [INFO] DuckDuckGo returned 1 candidates for SKU BH09/2021
2026-06-03 20:29:12,508 [INFO] HTTP Request: GET https://static.miraheze.org/projectsekaiwiki/thumb/3/32/Hatsune_Miku_V2.png/1200px-Hatsune_Miku_V2.png "HTTP/1.1 301 Moved Permanently"
2026-06-03 20:29:12,854 [INFO] HTTP Request: GET https://static.wikitide.net/projectsekaiwiki/thumb/3/32/Hatsune_Miku_V2.png/1200px-Hatsune_Miku_V2.png "HTTP/1.1 403 Forbidden"
2026-06-03 20:29:12,866 [ERROR] Image download failed for https://static.miraheze.org/projectsekaiwiki/thumb/3/32/Hatsune_Miku_V2.png/1200px-Hatsune_Miku_V2.png: Client error '403 Forbidden' for url 'https://static.wikitide.net/projectsekaiwiki/thumb/3/32/Hatsune_Miku_V2.png/1200px-Hatsune_Miku_V2.png'
For more information check: https://developer.mozilla.org/en-US/docs/Web/HTTP/Status/403
2026-06-03 20:29:12,867 [ERROR] Error processing candidate https://static.miraheze.org/projectsekaiwiki/thumb/3/32/Hatsune_Miku_V2.png/1200px-Hatsune_Miku_V2.png for SKU BH09/2021: Failed to download image: https://static.miraheze.org/projectsekaiwiki/thumb/3/32/Hatsune_Miku_V2.png/1200px-Hatsune_Miku_V2.png
2026-06-03 20:29:12,867 [WARNING] No image found for rep BH09/2021: Domaine de Bila-Haut R.I Cotes du Roussillon Villages Lesquerde AOP
2026-06-03 20:29:12,867 [INFO] [3/65] Searching (rep) BH10/2021: Domaine de Bila-Haut Chrysopee Blanc, Collioure AOP
2026-06-03 20:29:12,930 [INFO] HTTP Request: GET https://serpapi.com/search?engine=google_images&q=Domaine+Languedoc-Roussillon+Domaine+de+Bila-Haut+Chrysopee+Blanc%2C+Collioure+AOP+90%25+Grenache+gris%2C10%25+Grenache+Blanc+2021+wine+bottle+white+background+product+photo+-site%3Ainstagram.com+-site%3Afacebook.com+-site%3Apinterest.com+-site%3Atiktok.com+-site%3Atwitter.com+-site%3Ax.com&api_key=6507934244ec5d105def13275985cc32791c2c5e8841ae31dce98b8a2c762461&ijn=0&imgsz=l&imgtype=photo&imgar=t "HTTP/1.1 200 OK"
2026-06-03 20:29:12,932 [INFO] SerpApi returned 1 candidates for SKU BH10/2021
2026-06-03 20:29:13,017 [INFO] HTTP Request: GET https://imgv2-1-f.scribdassets.com/img/document/452886109/original/9737dc21be/1?v=1 "HTTP/1.1 200 OK"
2026-06-03 20:29:13,075 [INFO] AFC is enabled with max remote calls: 10.
2026-06-03 20:29:20,212 [ERROR] Error processing candidate https://imgv2-1-f.scribdassets.com/img/document/452886109/original/9737dc21be/1?v=1 for SKU BH10/2021: Image does not contain a wine bottle with a label
2026-06-03 20:29:20,213 [WARNING] No image found for rep BH10/2021: Domaine de Bila-Haut Chrysopee Blanc, Collioure AOP
2026-06-03 20:29:20,213 [INFO] [4/65] Searching (rep) BH11/2021: M. Chapoutier L ermite Rouge Ermitage AOP
2026-06-03 20:29:20,251 [INFO] HTTP Request: GET https://serpapi.com/search?engine=google_images&q=M.+Languedoc-Roussillon+M.+Chapoutier+L+ermite+Rouge+Ermitage+AOP+100%25+Syrah+2021+wine+bottle+white+background+product+photo+-site%3Ainstagram.com+-site%3Afacebook.com+-site%3Apinterest.com+-site%3Atiktok.com+-site%3Atwitter.com+-site%3Ax.com&api_key=6507934244ec5d105def13275985cc32791c2c5e8841ae31dce98b8a2c762461&ijn=0&imgsz=l&imgtype=photo&imgar=t "HTTP/1.1 200 OK"
2026-06-03 20:29:20,256 [INFO] SerpApi returned 62 candidates for SKU BH11/2021
2026-06-03 20:29:20,369 [INFO] HTTP Request: GET https://cdn.shopify.com/s/files/1/0650/4356/2708/files/marius-rouge-michel-chapoutier-202420260518172952.png?v=1779879194 "HTTP/1.1 200 OK"
2026-06-03 20:29:21,207 [INFO] AFC is enabled with max remote calls: 10.
2026-06-03 20:29:26,776 [INFO] AFC is enabled with max remote calls: 10.
2026-06-03 20:29:33,934 [INFO] HTTP Request: GET https://cdn.shopify.com/s/files/1/0650/4356/2708/files/marius-rouge-michel-chapoutier-202420260518172952.png?v=1779879194 "HTTP/1.1 200 OK"
2026-06-03 20:29:51,626 [INFO] [5/65] Searching (rep) BH12/2021: M. Chapoutier L ermite Blanc Ermitage AOP
2026-06-03 20:29:51,674 [INFO] HTTP Request: GET https://serpapi.com/search?engine=google_images&q=M.+Languedoc-Roussillon+M.+Chapoutier+L+ermite+Blanc+Ermitage+AOP+Marsanne+2021+wine+bottle+white+background+product+photo+-site%3Ainstagram.com+-site%3Afacebook.com+-site%3Apinterest.com+-site%3Atiktok.com+-site%3Atwitter.com+-site%3Ax.com&api_key=6507934244ec5d105def13275985cc32791c2c5e8841ae31dce98b8a2c762461&ijn=0&imgsz=l&imgtype=photo&imgar=t "HTTP/1.1 200 OK"
2026-06-03 20:29:51,679 [INFO] SerpApi returned 49 candidates for SKU BH12/2021
2026-06-03 20:29:51,759 [INFO] HTTP Request: GET https://cdn.shopify.com/s/files/1/0650/4356/2708/files/hermitage-blanc-chante-alouette-michel-chapoutier-202020251114104048.png?v=1776697149 "HTTP/1.1 200 OK"
2026-06-03 20:29:52,550 [INFO] AFC is enabled with max remote calls: 10.
2026-06-03 20:29:58,290 [INFO] AFC is enabled with max remote calls: 10.
2026-06-03 20:30:06,186 [INFO] HTTP Request: GET https://cdn.shopify.com/s/files/1/0650/4356/2708/files/hermitage-blanc-chante-alouette-michel-chapoutier-202020251114104048.png?v=1776697149 "HTTP/1.1 200 OK"
2026-06-03 20:30:23,850 [INFO] [6/65] Searching (rep) BH13/2021: M. Chapoutier Le Pavillon Ermitage AOP
2026-06-03 20:30:23,926 [INFO] HTTP Request: GET https://serpapi.com/search?engine=google_images&q=M.+Languedoc-Roussillon+M.+Chapoutier+Le+Pavillon+Ermitage+AOP+Syrah+2021+wine+bottle+white+background+product+photo+-site%3Ainstagram.com+-site%3Afacebook.com+-site%3Apinterest.com+-site%3Atiktok.com+-site%3Atwitter.com+-site%3Ax.com&api_key=6507934244ec5d105def13275985cc32791c2c5e8841ae31dce98b8a2c762461&ijn=0&imgsz=l&imgtype=photo&imgar=t "HTTP/1.1 200 OK"
2026-06-03 20:30:23,940 [INFO] SerpApi returned 100 candidates for SKU BH13/2021
2026-06-03 20:30:24,069 [INFO] HTTP Request: GET https://www.idealwine.com/media/00-migrated-variant-photos/B2761712_109-2.jpg "HTTP/1.1 200 OK"
2026-06-03 20:30:24,183 [INFO] AFC is enabled with max remote calls: 10.
2026-06-03 20:30:29,639 [INFO] AFC is enabled with max remote calls: 10.
2026-06-03 20:30:34,761 [WARNING] No image found for rep BH13/2021: M. Chapoutier Le Pavillon Ermitage AOP
2026-06-03 20:30:34,762 [INFO] [7/65] Searching (rep) BH14/2021: M. Chapoutier Le Meal Rouge Ermitage AOP
2026-06-03 20:30:34,836 [INFO] HTTP Request: GET https://serpapi.com/search?engine=google_images&q=M.+Languedoc-Roussillon+M.+Chapoutier+Le+Meal+Rouge+Ermitage+AOP+100%25+Syrah+2021+wine+bottle+white+background+product+photo+-site%3Ainstagram.com+-site%3Afacebook.com+-site%3Apinterest.com+-site%3Atiktok.com+-site%3Atwitter.com+-site%3Ax.com&api_key=6507934244ec5d105def13275985cc32791c2c5e8841ae31dce98b8a2c762461&ijn=0&imgsz=l&imgtype=photo&imgar=t "HTTP/1.1 200 OK"
2026-06-03 20:30:34,843 [INFO] SerpApi returned 99 candidates for SKU BH14/2021
2026-06-03 20:30:34,975 [INFO] HTTP Request: GET https://cdn.shopify.com/s/files/1/0650/4356/2708/files/marius-rouge-michel-chapoutier-202420260518172951_1d995a07-2da4-4873-a494-39f25758e064.png?v=1779879190 "HTTP/1.1 200 OK"
2026-06-03 20:30:35,727 [INFO] AFC is enabled with max remote calls: 10.
2026-06-03 20:30:42,646 [INFO] AFC is enabled with max remote calls: 10.
2026-06-03 20:30:49,508 [INFO] HTTP Request: GET https://cdn.shopify.com/s/files/1/0650/4356/2708/files/marius-rouge-michel-chapoutier-202420260518172951_1d995a07-2da4-4873-a494-39f25758e064.png?v=1779879190 "HTTP/1.1 200 OK"
2026-06-03 20:31:07,389 [INFO] [8/65] Searching (rep) BH15/2021: M. Chapoutier Le Meal Blanc  Ermitage AOP
2026-06-03 20:31:07,523 [INFO] HTTP Request: GET https://serpapi.com/search?engine=google_images&q=M.+Languedoc-Roussillon+M.+Chapoutier+Le+Meal+Blanc++Ermitage+AOP+Marsanne+2021+wine+bottle+white+background+product+photo+-site%3Ainstagram.com+-site%3Afacebook.com+-site%3Apinterest.com+-site%3Atiktok.com+-site%3Atwitter.com+-site%3Ax.com&api_key=6507934244ec5d105def13275985cc32791c2c5e8841ae31dce98b8a2c762461&ijn=0&imgsz=l&imgtype=photo&imgar=t "HTTP/1.1 200 OK"
2026-06-03 20:31:07,529 [INFO] SerpApi returned 98 candidates for SKU BH15/2021
2026-06-03 20:31:08,125 [INFO] HTTP Request: GET http://michaelpour.com/wp-content/uploads/2026/05/IMG_5599.jpg "HTTP/1.1 301 Moved Permanently"
2026-06-03 20:31:08,757 [INFO] HTTP Request: GET https://michaelpour.com/wp-content/uploads/2026/05/IMG_5599.jpg "HTTP/1.1 200 OK"
2026-06-03 20:31:10,151 [INFO] AFC is enabled with max remote calls: 10.
2026-06-03 20:31:14,799 [INFO] AFC is enabled with max remote calls: 10.
2026-06-03 20:31:21,355 [WARNING] No image found for rep BH15/2021: M. Chapoutier Le Meal Blanc  Ermitage AOP
2026-06-03 20:31:21,355 [INFO] [9/65] Searching (rep) BH17/2021: M. Chapoutier Le Clos Saint-Joseph AOP
2026-06-03 20:31:22,948 [INFO] HTTP Request: GET https://serpapi.com/search?engine=google_images&q=M.+Languedoc-Roussillon+M.+Chapoutier+Le+Clos+Saint-Joseph+AOP+100%25+Syrah+2021+wine+bottle+white+background+product+photo+-site%3Ainstagram.com+-site%3Afacebook.com+-site%3Apinterest.com+-site%3Atiktok.com+-site%3Atwitter.com+-site%3Ax.com&api_key=6507934244ec5d105def13275985cc32791c2c5e8841ae31dce98b8a2c762461&ijn=0&imgsz=l&imgtype=photo&imgar=t "HTTP/1.1 200 OK"
2026-06-03 20:31:23,117 [INFO] SerpApi returned 100 candidates for SKU BH17/2021
2026-06-03 20:31:23,809 [INFO] HTTP Request: GET https://a.serve.cfweb.uk/cambridgewine/web/full/966736.webp "HTTP/1.1 200 OK"
2026-06-03 20:31:24,083 [INFO] AFC is enabled with max remote calls: 10.
2026-06-03 20:31:27,805 [INFO] AFC is enabled with max remote calls: 10.
2026-06-03 20:31:33,577 [INFO] HTTP Request: GET https://a.serve.cfweb.uk/cambridgewine/web/full/966736.webp "HTTP/1.1 200 OK"
2026-06-03 20:31:41,053 [INFO] [10/65] Searching (rep) BH21/2021: M. Chapoutier Les Granits Blanc  Saint-Joseph AOP
2026-06-03 20:31:51,152 [INFO] HTTP Request: GET https://serpapi.com/search?engine=google_images&q=M.+Languedoc-Roussillon+M.+Chapoutier+Les+Granits+Blanc++Saint-Joseph+AOP+Marsanne+2021+wine+bottle+white+background+product+photo+-site%3Ainstagram.com+-site%3Afacebook.com+-site%3Apinterest.com+-site%3Atiktok.com+-site%3Atwitter.com+-site%3Ax.com&api_key=6507934244ec5d105def13275985cc32791c2c5e8841ae31dce98b8a2c762461&ijn=0&imgsz=l&imgtype=photo&imgar=t "HTTP/1.1 200 OK"
2026-06-03 20:31:51,156 [INFO] SerpApi returned 97 candidates for SKU BH21/2021
2026-06-03 20:31:52,178 [INFO] HTTP Request: GET https://pentictonpacific.com/cdn/shop/files/2023_Yves_Cuilleron_Crozes_Hermitage_Blanc_Les_Rousses.jpg?crop=region&crop_height=1350&crop_left=33&crop_top=0&crop_width=1012&v=1774359295&width=1080 "HTTP/1.1 200 OK"
2026-06-03 20:31:52,233 [INFO] AFC is enabled with max remote calls: 10.
2026-06-03 20:31:56,066 [INFO] AFC is enabled with max remote calls: 10.
2026-06-03 20:32:01,962 [INFO] HTTP Request: GET https://pentictonpacific.com/cdn/shop/files/2023_Yves_Cuilleron_Crozes_Hermitage_Blanc_Les_Rousses.jpg?crop=region&crop_height=1350&crop_left=33&crop_top=0&crop_width=1012&v=1774359295&width=1080 "HTTP/1.1 200 OK"
2026-06-03 20:32:05,528 [INFO] [11/65] Searching (rep) BH23/2021: Domaine de Bila-Haut Chrysopee Rouge, Collioure AOP
2026-06-03 20:32:08,661 [INFO] HTTP Request: GET https://serpapi.com/search?engine=google_images&q=Domaine+Languedoc-Roussillon+Domaine+de+Bila-Haut+Chrysopee+Rouge%2C+Collioure+AOP+90%25+Grenache+Noir%2C+10%25+Mourv%C3%A8dre+2021+wine+bottle+white+background+product+photo+-site%3Ainstagram.com+-site%3Afacebook.com+-site%3Apinterest.com+-site%3Atiktok.com+-site%3Atwitter.com+-site%3Ax.com&api_key=6507934244ec5d105def13275985cc32791c2c5e8841ae31dce98b8a2c762461&ijn=0&imgsz=l&imgtype=photo&imgar=t "HTTP/1.1 200 OK"
2026-06-03 20:32:09,896 [INFO] HTTP Request: GET https://serpapi.com/search?engine=google_images&q=Domaine+Languedoc-Roussillon+Domaine+de+Bila-Haut+Chrysopee+Rouge%2C+Collioure+AOP+90%25+Grenache+Noir%2C+10%25+Mourv%C3%A8dre+2021+wine+bottle+white+background+product+photo+-site%3Ainstagram.com+-site%3Afacebook.com+-site%3Apinterest.com+-site%3Atiktok.com+-site%3Atwitter.com+-site%3Ax.com&api_key=6507934244ec5d105def13275985cc32791c2c5e8841ae31dce98b8a2c762461&ijn=1&imgsz=l&imgtype=photo&imgar=t "HTTP/1.1 200 OK"
2026-06-03 20:32:10,090 [INFO] HTTP Request: GET https://www.googleapis.com/customsearch/v1?key=AIzaSyBZ5p08dd5cR_Q5bMHhaAFuH6kPUO9jxrY&cx=02211d6d3950b4d03&q=Domaine+Languedoc-Roussillon+Domaine+de+Bila-Haut+Chrysopee+Rouge%2C+Collioure+AOP+90%25+Grenache+Noir%2C+10%25+Mourv%C3%A8dre+2021+wine+bottle+white+background+product+photo+-site%3Ainstagram.com+-site%3Afacebook.com+-site%3Apinterest.com+-site%3Atiktok.com+-site%3Atwitter.com+-site%3Ax.com&searchType=image&num=1&imgSize=large&imgType=photo "HTTP/1.1 403 Forbidden"
2026-06-03 20:32:10,093 [WARNING] Custom Search JSON API returned 403: this GCP project likely has no JSON API entitlement (Google closed JSON API access for new projects; DDG/Bing fallback will be used). See https://developers.google.com/custom-search/v1/overview (Vertex AI Search or a third-party SERP API are alternatives).
2026-06-03 20:32:10,402 [INFO] response: https://www.bing.com/images/async?q=Domaine+Languedoc-Roussillon+Domaine+de+Bila-Haut+Chrysopee+Rouge%2C+Collioure+AOP+90%25+Grenache+Noir%2C+10%25+Mourv%C3%A8dre+2021+wine+bottle+white+background+product+photo+-site%3Ainstagram.com+-site%3Afacebook.com+-site%3Apinterest.com+-site%3Atiktok.com+-site%3Atwitter.com+-site%3Ax.com&async=1&first=1&count=35 200
2026-06-03 20:32:10,406 [INFO] DuckDuckGo returned 1 candidates for SKU BH23/2021
2026-06-03 20:32:10,813 [INFO] HTTP Request: GET https://bun-ichi.up.seesaa.net/image/E9878EE9B3A5E59BB3E991913.png "HTTP/1.1 200 OK"
2026-06-03 20:32:10,869 [INFO] AFC is enabled with max remote calls: 10.
2026-06-03 20:32:14,332 [ERROR] Error processing candidate https://bun-ichi.up.seesaa.net/image/E9878EE9B3A5E59BB3E991913.png for SKU BH23/2021: Image does not contain a wine bottle with a label
2026-06-03 20:32:14,333 [WARNING] No image found for rep BH23/2021: Domaine de Bila-Haut Chrysopee Rouge, Collioure AOP
2026-06-03 20:32:14,333 [INFO] [12/65] Searching (rep) BM14/2008: Chateau Batailley 5th Grand Cru Classe
2026-06-03 20:32:17,302 [INFO] HTTP Request: GET https://serpapi.com/search?engine=google_images&q=Chateau+Chateau+Batailley+5th+Grand+Cru+Classe+2008+wine+bottle+white+background+product+photo+-site%3Ainstagram.com+-site%3Afacebook.com+-site%3Apinterest.com+-site%3Atiktok.com+-site%3Atwitter.com+-site%3Ax.com&api_key=6507934244ec5d105def13275985cc32791c2c5e8841ae31dce98b8a2c762461&ijn=0&imgsz=l&imgtype=photo&imgar=t "HTTP/1.1 200 OK"
2026-06-03 20:32:17,307 [INFO] SerpApi returned 100 candidates for SKU BM14/2008
2026-06-03 20:32:19,229 [INFO] HTTP Request: GET https://www.louvins.fr/2988-thickbox_default/chateau-batailley-2015-5eme-grand-cru-classe-pauillac-aoc.jpg "HTTP/1.1 200 OK"
2026-06-03 20:32:20,087 [INFO] AFC is enabled with max remote calls: 10.
2026-06-03 20:32:23,818 [INFO] AFC is enabled with max remote calls: 10.
2026-06-03 20:32:31,909 [INFO] HTTP Request: GET https://www.louvins.fr/2988-thickbox_default/chateau-batailley-2015-5eme-grand-cru-classe-pauillac-aoc.jpg "HTTP/1.1 200 OK"
2026-06-03 20:32:36,782 [INFO] [13/65] Searching (rep) CY05/2021: Craggy Range Sophia
2026-06-03 20:32:39,210 [INFO] HTTP Request: GET https://serpapi.com/search?engine=google_images&q=Craggy+Craggy+Range+Sophia+2021+wine+bottle+white+background+product+photo+-site%3Ainstagram.com+-site%3Afacebook.com+-site%3Apinterest.com+-site%3Atiktok.com+-site%3Atwitter.com+-site%3Ax.com&api_key=6507934244ec5d105def13275985cc32791c2c5e8841ae31dce98b8a2c762461&ijn=0&imgsz=l&imgtype=photo&imgar=t "HTTP/1.1 200 OK"
2026-06-03 20:32:39,217 [INFO] SerpApi returned 100 candidates for SKU CY05/2021
2026-06-03 20:32:40,425 [INFO] HTTP Request: GET https://www.vinvm.co.uk/image/cache/catalog/craggy-range-sophia-popup.jpg?v1612193091 "HTTP/1.1 403 Forbidden"
2026-06-03 20:32:40,428 [ERROR] Image download failed for https://www.vinvm.co.uk/image/cache/catalog/craggy-range-sophia-popup.jpg?v1612193091: Client error '403 Forbidden' for url 'https://www.vinvm.co.uk/image/cache/catalog/craggy-range-sophia-popup.jpg?v1612193091'
For more information check: https://developer.mozilla.org/en-US/docs/Web/HTTP/Status/403
2026-06-03 20:32:40,429 [ERROR] Error processing candidate https://www.vinvm.co.uk/image/cache/catalog/craggy-range-sophia-popup.jpg?v1612193091 for SKU CY05/2021: Failed to download image: https://www.vinvm.co.uk/image/cache/catalog/craggy-range-sophia-popup.jpg?v1612193091
2026-06-03 20:32:40,429 [WARNING] No image found for rep CY05/2021: Craggy Range Sophia
2026-06-03 20:32:40,429 [INFO] [14/65] Searching (rep) CY06/2021: Craggy Range Aroha
2026-06-03 20:32:50,033 [INFO] HTTP Request: GET https://serpapi.com/search?engine=google_images&q=Craggy+Craggy+Range+Aroha+2021+wine+bottle+white+background+product+photo+-site%3Ainstagram.com+-site%3Afacebook.com+-site%3Apinterest.com+-site%3Atiktok.com+-site%3Atwitter.com+-site%3Ax.com&api_key=6507934244ec5d105def13275985cc32791c2c5e8841ae31dce98b8a2c762461&ijn=0&imgsz=l&imgtype=photo&imgar=t "HTTP/1.1 200 OK"
2026-06-03 20:32:50,040 [INFO] SerpApi returned 100 candidates for SKU CY06/2021
2026-06-03 20:32:50,356 [INFO] HTTP Request: GET https://cdn.shopify.com/s/files/1/0697/2712/5752/files/6339-no-vintage.png?v=1737979868 "HTTP/1.1 200 OK"
2026-06-03 20:32:50,520 [INFO] AFC is enabled with max remote calls: 10.
2026-06-03 20:32:57,304 [INFO] AFC is enabled with max remote calls: 10.
2026-06-03 20:33:01,327 [INFO] HTTP Request: GET https://cdn.shopify.com/s/files/1/0697/2712/5752/files/6339-no-vintage.png?v=1737979868 "HTTP/1.1 200 OK"
2026-06-03 20:33:07,507 [INFO] [15/65] Searching (rep) CY19/2016: Craggy Range Sophia 1.5L
2026-06-03 20:33:09,386 [INFO] HTTP Request: GET https://serpapi.com/search?engine=google_images&q=Craggy+Craggy+Range+Sophia+1.5L+2016+wine+bottle+white+background+product+photo+-site%3Ainstagram.com+-site%3Afacebook.com+-site%3Apinterest.com+-site%3Atiktok.com+-site%3Atwitter.com+-site%3Ax.com&api_key=6507934244ec5d105def13275985cc32791c2c5e8841ae31dce98b8a2c762461&ijn=0&imgsz=l&imgtype=photo&imgar=t "HTTP/1.1 200 OK"
2026-06-03 20:33:09,393 [INFO] SerpApi returned 84 candidates for SKU CY19/2016
2026-06-03 20:33:10,412 [INFO] HTTP Request: GET https://harvestwineshopsd.com/cdn/shop/files/2024_craggy_range_pinot_noir_martinborough_new_zealand_front_label_bottle_shot.jpg?v=1759615960&width=1600 "HTTP/1.1 200 OK"
2026-06-03 20:33:10,554 [INFO] AFC is enabled with max remote calls: 10.
2026-06-03 20:33:14,719 [INFO] AFC is enabled with max remote calls: 10.
2026-06-03 20:33:20,071 [INFO] HTTP Request: GET https://harvestwineshopsd.com/cdn/shop/files/2024_craggy_range_pinot_noir_martinborough_new_zealand_front_label_bottle_shot.jpg?v=1759615960&width=1600 "HTTP/1.1 200 OK"
2026-06-03 20:33:45,164 [INFO] [16/65] Searching (rep) DA04/2004: Bodegas Roda 'Roda I' Reserva
2026-06-03 20:33:54,348 [INFO] HTTP Request: GET https://serpapi.com/search?engine=google_images&q=Bodegas+Bodegas+Roda+%27Roda+I%27+Reserva+2004+wine+bottle+white+background+product+photo+-site%3Ainstagram.com+-site%3Afacebook.com+-site%3Apinterest.com+-site%3Atiktok.com+-site%3Atwitter.com+-site%3Ax.com&api_key=6507934244ec5d105def13275985cc32791c2c5e8841ae31dce98b8a2c762461&ijn=0&imgsz=l&imgtype=photo&imgar=t "HTTP/1.1 200 OK"
2026-06-03 20:33:54,354 [INFO] SerpApi returned 100 candidates for SKU DA04/2004
2026-06-03 20:33:54,711 [INFO] HTTP Request: GET https://www.icheers.tw/fileserver/upload/b3e7c48f-519a-45ab-849a-65e22e3eacdc.jpg "HTTP/1.1 200 OK"
2026-06-03 20:33:54,912 [INFO] AFC is enabled with max remote calls: 10.
2026-06-03 20:34:00,151 [INFO] AFC is enabled with max remote calls: 10.
2026-06-03 20:34:05,643 [INFO] HTTP Request: GET https://www.icheers.tw/fileserver/upload/b3e7c48f-519a-45ab-849a-65e22e3eacdc.jpg "HTTP/1.1 200 OK"
2026-06-03 20:34:11,866 [INFO] [17/65] Searching (rep) DA05/2016: Bodegas Roda Cirsion
2026-06-03 20:34:12,990 [INFO] HTTP Request: GET https://serpapi.com/search?engine=google_images&q=Bodegas+Bodegas+Roda+Cirsion+2016+wine+bottle+white+background+product+photo+-site%3Ainstagram.com+-site%3Afacebook.com+-site%3Apinterest.com+-site%3Atiktok.com+-site%3Atwitter.com+-site%3Ax.com&api_key=6507934244ec5d105def13275985cc32791c2c5e8841ae31dce98b8a2c762461&ijn=0&imgsz=l&imgtype=photo&imgar=t "HTTP/1.1 200 OK"
2026-06-03 20:34:12,995 [INFO] SerpApi returned 100 candidates for SKU DA05/2016
2026-06-03 20:34:13,246 [INFO] HTTP Request: GET https://tworockwines.com/wp-content/uploads/2025/02/IMG_7843-2.webp "HTTP/1.1 200 OK"
2026-06-03 20:34:13,316 [INFO] AFC is enabled with max remote calls: 10.
2026-06-03 20:34:18,099 [INFO] AFC is enabled with max remote calls: 10.
2026-06-03 20:34:23,006 [INFO] HTTP Request: GET https://tworockwines.com/wp-content/uploads/2025/02/IMG_7843-2.webp "HTTP/1.1 200 OK"
2026-06-03 20:34:28,778 [INFO] [18/65] Searching (rep) DA09/2021: Bodegas Roda Roda I Blanco Rioja DOCa
2026-06-03 20:34:31,135 [INFO] HTTP Request: GET https://serpapi.com/search?engine=google_images&q=Bodegas+Bodegas+Roda+Roda+I+Blanco+Rioja+DOCa+2021+wine+bottle+white+background+product+photo+-site%3Ainstagram.com+-site%3Afacebook.com+-site%3Apinterest.com+-site%3Atiktok.com+-site%3Atwitter.com+-site%3Ax.com&api_key=6507934244ec5d105def13275985cc32791c2c5e8841ae31dce98b8a2c762461&ijn=0&imgsz=l&imgtype=photo&imgar=t "HTTP/1.1 200 OK"
2026-06-03 20:34:31,143 [INFO] SerpApi returned 100 candidates for SKU DA09/2021
2026-06-03 20:34:31,258 [INFO] HTTP Request: GET https://cdn.ct-static.com/labels/fd8ad857-071c-4af4-9560-3fd72b524e61.jpg "HTTP/1.1 200 OK"
2026-06-03 20:34:31,315 [INFO] AFC is enabled with max remote calls: 10.
2026-06-03 20:34:35,096 [INFO] AFC is enabled with max remote calls: 10.
2026-06-03 20:34:39,016 [WARNING] No image found for rep DA09/2021: Bodegas Roda Roda I Blanco Rioja DOCa
2026-06-03 20:34:39,016 [INFO] [19/65] Searching (rep) DR01/NV: Champagne Drappier Carte d Or Brut
2026-06-03 20:34:48,658 [INFO] HTTP Request: GET https://serpapi.com/search?engine=google_images&q=Champagne+Champagne+Drappier+Carte+d+Or+Brut+wine+bottle+white+background+product+photo+-site%3Ainstagram.com+-site%3Afacebook.com+-site%3Apinterest.com+-site%3Atiktok.com+-site%3Atwitter.com+-site%3Ax.com&api_key=6507934244ec5d105def13275985cc32791c2c5e8841ae31dce98b8a2c762461&ijn=0&imgsz=l&imgtype=photo&imgar=t "HTTP/1.1 200 OK"
2026-06-03 20:34:48,669 [INFO] SerpApi returned 100 candidates for SKU DR01/NV
2026-06-03 20:34:49,124 [INFO] HTTP Request: GET https://cdn.shopify.com/s/files/1/0125/1518/0601/files/Drappier-Champagne-Brut-Carte-dOr-NV-Kosher-Sparkling-Wine-Flatiron-Wines-Spirits-New-York_2b8a0186.jpg?v=1768515030 "HTTP/1.1 200 OK"
2026-06-03 20:34:49,275 [INFO] AFC is enabled with max remote calls: 10.
2026-06-03 20:34:54,142 [INFO] AFC is enabled with max remote calls: 10.
2026-06-03 20:35:00,939 [INFO] HTTP Request: GET https://cdn.shopify.com/s/files/1/0125/1518/0601/files/Drappier-Champagne-Brut-Carte-dOr-NV-Kosher-Sparkling-Wine-Flatiron-Wines-Spirits-New-York_2b8a0186.jpg?v=1768515030 "HTTP/1.1 200 OK"
2026-06-03 20:35:06,408 [INFO] [20/65] Searching (rep) DR02/NV: Champagne Drappier Brut Nature Zero Dosage
2026-06-03 20:35:13,717 [INFO] HTTP Request: GET https://serpapi.com/search?engine=google_images&q=Champagne+Champagne+Drappier+Brut+Nature+Zero+Dosage+wine+bottle+white+background+product+photo+-site%3Ainstagram.com+-site%3Afacebook.com+-site%3Apinterest.com+-site%3Atiktok.com+-site%3Atwitter.com+-site%3Ax.com&api_key=6507934244ec5d105def13275985cc32791c2c5e8841ae31dce98b8a2c762461&ijn=0&imgsz=l&imgtype=photo&imgar=t "HTTP/1.1 200 OK"
2026-06-03 20:35:13,725 [INFO] SerpApi returned 99 candidates for SKU DR02/NV
2026-06-03 20:35:14,131 [INFO] HTTP Request: GET https://www.blackwellswines.com/cdn/shop/files/Drappier_Brut_Nature_San_Soufre_Champagne_Zero_Dosage_Zero_Sulfur_2048x.jpg?v=1758657830 "HTTP/1.1 200 OK"
2026-06-03 20:35:14,268 [INFO] AFC is enabled with max remote calls: 10.
2026-06-03 20:35:20,981 [INFO] AFC is enabled with max remote calls: 10.
2026-06-03 20:35:28,605 [INFO] HTTP Request: GET https://www.blackwellswines.com/cdn/shop/files/Drappier_Brut_Nature_San_Soufre_Champagne_Zero_Dosage_Zero_Sulfur_2048x.jpg?v=1758657830 "HTTP/1.1 200 OK"
2026-06-03 20:35:38,265 [INFO] [21/65] Searching (rep) DR05/NV: Champagne Drappier Rose de Saignee Brut
2026-06-03 20:35:40,063 [INFO] HTTP Request: GET https://serpapi.com/search?engine=google_images&q=Champagne+Champagne+Drappier+Rose+de+Saignee+Brut+wine+bottle+white+background+product+photo+-site%3Ainstagram.com+-site%3Afacebook.com+-site%3Apinterest.com+-site%3Atiktok.com+-site%3Atwitter.com+-site%3Ax.com&api_key=6507934244ec5d105def13275985cc32791c2c5e8841ae31dce98b8a2c762461&ijn=0&imgsz=l&imgtype=photo&imgar=t "HTTP/1.1 200 OK"
2026-06-03 20:35:40,074 [INFO] SerpApi returned 100 candidates for SKU DR05/NV
2026-06-03 20:35:40,942 [INFO] HTTP Request: GET https://thechampagnecompany.com/media/catalog/product/cache/6bee3d6f61ce6264dc2c2bb40fe3d3f4/d/r/drappier_brut_rose_champagne_nv_75cl.jpg "HTTP/1.1 403 Forbidden"
2026-06-03 20:35:40,945 [ERROR] Image download failed for https://thechampagnecompany.com/media/catalog/product/cache/6bee3d6f61ce6264dc2c2bb40fe3d3f4/d/r/drappier_brut_rose_champagne_nv_75cl.jpg: Client error '403 Forbidden' for url 'https://thechampagnecompany.com/media/catalog/product/cache/6bee3d6f61ce6264dc2c2bb40fe3d3f4/d/r/drappier_brut_rose_champagne_nv_75cl.jpg'
For more information check: https://developer.mozilla.org/en-US/docs/Web/HTTP/Status/403
2026-06-03 20:35:40,946 [ERROR] Error processing candidate https://thechampagnecompany.com/media/catalog/product/cache/6bee3d6f61ce6264dc2c2bb40fe3d3f4/d/r/drappier_brut_rose_champagne_nv_75cl.jpg for SKU DR05/NV: Failed to download image: https://thechampagnecompany.com/media/catalog/product/cache/6bee3d6f61ce6264dc2c2bb40fe3d3f4/d/r/drappier_brut_rose_champagne_nv_75cl.jpg
2026-06-03 20:35:40,946 [WARNING] No image found for rep DR05/NV: Champagne Drappier Rose de Saignee Brut
2026-06-03 20:35:40,947 [INFO] [22/65] Searching (rep) DR06/NV: Champagne Drappier Blanc de Blancs Brut
2026-06-03 20:35:48,088 [INFO] HTTP Request: GET https://serpapi.com/search?engine=google_images&q=Champagne+Champagne+Drappier+Blanc+de+Blancs+Brut+wine+bottle+white+background+product+photo+-site%3Ainstagram.com+-site%3Afacebook.com+-site%3Apinterest.com+-site%3Atiktok.com+-site%3Atwitter.com+-site%3Ax.com&api_key=6507934244ec5d105def13275985cc32791c2c5e8841ae31dce98b8a2c762461&ijn=0&imgsz=l&imgtype=photo&imgar=t "HTTP/1.1 200 OK"
2026-06-03 20:35:48,092 [INFO] SerpApi returned 100 candidates for SKU DR06/NV
2026-06-03 20:35:48,533 [INFO] HTTP Request: GET https://dreyfusashby.com/wp-content/uploads/2025/12/FT-BLANC-DE-BLANC-ANG.jpg "HTTP/1.1 403 Forbidden"
2026-06-03 20:35:48,535 [ERROR] Image download failed for https://dreyfusashby.com/wp-content/uploads/2025/12/FT-BLANC-DE-BLANC-ANG.jpg: Client error '403 Forbidden' for url 'https://dreyfusashby.com/wp-content/uploads/2025/12/FT-BLANC-DE-BLANC-ANG.jpg'
For more information check: https://developer.mozilla.org/en-US/docs/Web/HTTP/Status/403
2026-06-03 20:35:48,535 [ERROR] Error processing candidate https://dreyfusashby.com/wp-content/uploads/2025/12/FT-BLANC-DE-BLANC-ANG.jpg for SKU DR06/NV: Failed to download image: https://dreyfusashby.com/wp-content/uploads/2025/12/FT-BLANC-DE-BLANC-ANG.jpg
2026-06-03 20:35:48,535 [WARNING] No image found for rep DR06/NV: Champagne Drappier Blanc de Blancs Brut
2026-06-03 20:35:48,535 [INFO] [23/65] Searching (rep) DR07/NV: Champagne Drappier Cuvée Charles de Gaulle Brut
2026-06-03 20:36:00,850 [INFO] HTTP Request: GET https://serpapi.com/search?engine=google_images&q=Champagne+Champagne+Drappier+Cuv%C3%A9e+Charles+de+Gaulle+Brut+wine+bottle+white+background+product+photo+-site%3Ainstagram.com+-site%3Afacebook.com+-site%3Apinterest.com+-site%3Atiktok.com+-site%3Atwitter.com+-site%3Ax.com&api_key=6507934244ec5d105def13275985cc32791c2c5e8841ae31dce98b8a2c762461&ijn=0&imgsz=l&imgtype=photo&imgar=t "HTTP/1.1 200 OK"
2026-06-03 20:36:00,959 [INFO] SerpApi returned 100 candidates for SKU DR07/NV
2026-06-03 20:36:01,625 [INFO] HTTP Request: GET https://www.blackwellswines.com/cdn/shop/files/5091C858-3EE9-479B-B77D-9B477BB7E4E3_1_201_a_2048x.jpg?v=1727915943 "HTTP/1.1 200 OK"
2026-06-03 20:36:02,065 [INFO] AFC is enabled with max remote calls: 10.
2026-06-03 20:36:07,362 [INFO] AFC is enabled with max remote calls: 10.
2026-06-03 20:36:13,304 [INFO] HTTP Request: GET https://www.blackwellswines.com/cdn/shop/files/5091C858-3EE9-479B-B77D-9B477BB7E4E3_1_201_a_2048x.jpg?v=1727915943 "HTTP/1.1 200 OK"
2026-06-03 20:36:21,327 [INFO] [24/65] Searching (rep) DR08/NV: Champagne Drappier Quattuor Extra Brut
2026-06-03 20:36:28,405 [INFO] HTTP Request: GET https://serpapi.com/search?engine=google_images&q=Champagne+Champagne+Drappier+Quattuor+Extra+Brut+wine+bottle+white+background+product+photo+-site%3Ainstagram.com+-site%3Afacebook.com+-site%3Apinterest.com+-site%3Atiktok.com+-site%3Atwitter.com+-site%3Ax.com&api_key=6507934244ec5d105def13275985cc32791c2c5e8841ae31dce98b8a2c762461&ijn=0&imgsz=l&imgtype=photo&imgar=t "HTTP/1.1 200 OK"
2026-06-03 20:36:28,414 [INFO] SerpApi returned 100 candidates for SKU DR08/NV
2026-06-03 20:36:28,571 [INFO] HTTP Request: GET https://thechampagnecompany.com/media/catalog/product/cache/6bee3d6f61ce6264dc2c2bb40fe3d3f4/d/r/drappier_quattuor_blanc_de_4_blancs_champagne_nv_75cl.jpg "HTTP/1.1 403 Forbidden"
2026-06-03 20:36:28,573 [ERROR] Image download failed for https://thechampagnecompany.com/media/catalog/product/cache/6bee3d6f61ce6264dc2c2bb40fe3d3f4/d/r/drappier_quattuor_blanc_de_4_blancs_champagne_nv_75cl.jpg: Client error '403 Forbidden' for url 'https://thechampagnecompany.com/media/catalog/product/cache/6bee3d6f61ce6264dc2c2bb40fe3d3f4/d/r/drappier_quattuor_blanc_de_4_blancs_champagne_nv_75cl.jpg'
For more information check: https://developer.mozilla.org/en-US/docs/Web/HTTP/Status/403
2026-06-03 20:36:28,574 [ERROR] Error processing candidate https://thechampagnecompany.com/media/catalog/product/cache/6bee3d6f61ce6264dc2c2bb40fe3d3f4/d/r/drappier_quattuor_blanc_de_4_blancs_champagne_nv_75cl.jpg for SKU DR08/NV: Failed to download image: https://thechampagnecompany.com/media/catalog/product/cache/6bee3d6f61ce6264dc2c2bb40fe3d3f4/d/r/drappier_quattuor_blanc_de_4_blancs_champagne_nv_75cl.jpg
2026-06-03 20:36:28,574 [WARNING] No image found for rep DR08/NV: Champagne Drappier Quattuor Extra Brut
2026-06-03 20:36:28,575 [INFO] [25/65] Searching (rep) DR09/NV: Champagne Drappier Clarevallis
2026-06-03 20:36:31,235 [INFO] HTTP Request: GET https://serpapi.com/search?engine=google_images&q=Champagne+Champagne+Drappier+Clarevallis+wine+bottle+white+background+product+photo+-site%3Ainstagram.com+-site%3Afacebook.com+-site%3Apinterest.com+-site%3Atiktok.com+-site%3Atwitter.com+-site%3Ax.com&api_key=6507934244ec5d105def13275985cc32791c2c5e8841ae31dce98b8a2c762461&ijn=0&imgsz=l&imgtype=photo&imgar=t "HTTP/1.1 200 OK"
2026-06-03 20:36:31,336 [INFO] SerpApi returned 100 candidates for SKU DR09/NV
2026-06-03 20:36:32,449 [INFO] HTTP Request: GET https://www.saq.com/media/catalog/product/1/4/14530985-1_1604431836.png?optimize=high&fit=bounds&height=&width=&format=jpeg "HTTP/1.1 200 OK"
2026-06-03 20:36:32,519 [INFO] AFC is enabled with max remote calls: 10.
2026-06-03 20:36:41,171 [INFO] AFC is enabled with max remote calls: 10.
2026-06-03 20:36:45,421 [INFO] HTTP Request: GET https://www.saq.com/media/catalog/product/1/4/14530985-1_1604431836.png?optimize=high&fit=bounds&height=&width=&format=jpeg "HTTP/1.1 200 OK"
2026-06-03 20:36:48,978 [INFO] [26/65] Searching (rep) DR12/2012: Champagne Drappier Grande Sendree Millesime Brut
2026-06-03 20:36:50,199 [INFO] HTTP Request: GET https://serpapi.com/search?engine=google_images&q=Champagne+Champagne+Drappier+Grande+Sendree+Millesime+Brut+2012+wine+bottle+white+background+product+photo+-site%3Ainstagram.com+-site%3Afacebook.com+-site%3Apinterest.com+-site%3Atiktok.com+-site%3Atwitter.com+-site%3Ax.com&api_key=6507934244ec5d105def13275985cc32791c2c5e8841ae31dce98b8a2c762461&ijn=0&imgsz=l&imgtype=photo&imgar=t "HTTP/1.1 200 OK"
2026-06-03 20:36:50,351 [INFO] SerpApi returned 97 candidates for SKU DR12/2012
2026-06-03 20:36:52,520 [INFO] HTTP Request: GET https://www.vins-fins.be/6611-large_default/champagne-drappier-grande-sendree-2012-75cl.jpg "HTTP/1.1 200 OK"
2026-06-03 20:36:53,092 [INFO] AFC is enabled with max remote calls: 10.
2026-06-03 20:36:58,404 [INFO] AFC is enabled with max remote calls: 10.
2026-06-03 20:37:05,636 [WARNING] No image found for rep DR12/2012: Champagne Drappier Grande Sendree Millesime Brut
2026-06-03 20:37:05,637 [INFO] [27/65] Searching (rep) DR15/NV: Champagne Drappier Coteaux Champenois Urville Rouge
2026-06-03 20:37:12,868 [INFO] HTTP Request: GET https://serpapi.com/search?engine=google_images&q=Champagne+Champagne+Drappier+Coteaux+Champenois+Urville+Rouge+wine+bottle+white+background+product+photo+-site%3Ainstagram.com+-site%3Afacebook.com+-site%3Apinterest.com+-site%3Atiktok.com+-site%3Atwitter.com+-site%3Ax.com&api_key=6507934244ec5d105def13275985cc32791c2c5e8841ae31dce98b8a2c762461&ijn=0&imgsz=l&imgtype=photo&imgar=t "HTTP/1.1 200 OK"
2026-06-03 20:37:12,876 [INFO] SerpApi returned 100 candidates for SKU DR15/NV
2026-06-03 20:37:13,590 [INFO] HTTP Request: GET https://www.vinoseleccion.co.uk/media/catalog/product/d/r/drappier-coteaux-champenois-rouge_5.jpg "HTTP/1.1 403 Forbidden"
2026-06-03 20:37:13,593 [ERROR] Image download failed for https://www.vinoseleccion.co.uk/media/catalog/product/d/r/drappier-coteaux-champenois-rouge_5.jpg: Client error '403 Forbidden' for url 'https://www.vinoseleccion.co.uk/media/catalog/product/d/r/drappier-coteaux-champenois-rouge_5.jpg'
For more information check: https://developer.mozilla.org/en-US/docs/Web/HTTP/Status/403
2026-06-03 20:37:13,593 [ERROR] Error processing candidate https://www.vinoseleccion.co.uk/media/catalog/product/d/r/drappier-coteaux-champenois-rouge_5.jpg for SKU DR15/NV: Failed to download image: https://www.vinoseleccion.co.uk/media/catalog/product/d/r/drappier-coteaux-champenois-rouge_5.jpg
2026-06-03 20:37:13,593 [WARNING] No image found for rep DR15/NV: Champagne Drappier Coteaux Champenois Urville Rouge
2026-06-03 20:37:13,594 [INFO] [28/65] Searching (rep) DR16/NV: Champagne Drappier Carte d Or Brut 375ml
2026-06-03 20:37:15,149 [INFO] HTTP Request: GET https://serpapi.com/search?engine=google_images&q=Champagne+Champagne+Drappier+Carte+d+Or+Brut+375ml+wine+bottle+white+background+product+photo+-site%3Ainstagram.com+-site%3Afacebook.com+-site%3Apinterest.com+-site%3Atiktok.com+-site%3Atwitter.com+-site%3Ax.com&api_key=6507934244ec5d105def13275985cc32791c2c5e8841ae31dce98b8a2c762461&ijn=0&imgsz=l&imgtype=photo&imgar=t "HTTP/1.1 200 OK"
2026-06-03 20:37:15,155 [INFO] SerpApi returned 100 candidates for SKU DR16/NV
2026-06-03 20:37:15,346 [INFO] HTTP Request: GET https://cdn11.bigcommerce.com/s-9hu30/images/stencil/2048x2048/products/1136/2781/drappier_carte_dor__39609.1574808234.jpg?c=2 "HTTP/1.1 200 OK"
2026-06-03 20:37:15,402 [INFO] AFC is enabled with max remote calls: 10.
2026-06-03 20:37:19,643 [INFO] AFC is enabled with max remote calls: 10.
2026-06-03 20:37:24,501 [INFO] HTTP Request: GET https://cdn11.bigcommerce.com/s-9hu30/images/stencil/2048x2048/products/1136/2781/drappier_carte_dor__39609.1574808234.jpg?c=2 "HTTP/1.1 200 OK"
2026-06-03 20:37:25,997 [INFO] [29/65] Searching (rep) DR17/NV: Champagne Drappier Carte d Or Brut 1.5L
2026-06-03 20:37:28,654 [INFO] HTTP Request: GET https://serpapi.com/search?engine=google_images&q=Champagne+Champagne+Drappier+Carte+d+Or+Brut+1.5L+wine+bottle+white+background+product+photo+-site%3Ainstagram.com+-site%3Afacebook.com+-site%3Apinterest.com+-site%3Atiktok.com+-site%3Atwitter.com+-site%3Ax.com&api_key=6507934244ec5d105def13275985cc32791c2c5e8841ae31dce98b8a2c762461&ijn=0&imgsz=l&imgtype=photo&imgar=t "HTTP/1.1 200 OK"
2026-06-03 20:37:28,661 [INFO] SerpApi returned 100 candidates for SKU DR17/NV
2026-06-03 20:37:28,754 [INFO] HTTP Request: GET https://cdn11.bigcommerce.com/s-9hu30/images/stencil/2048x2048/products/1136/2781/drappier_carte_dor__39609.1574808234.jpg?c=2 "HTTP/1.1 200 OK"
2026-06-03 20:37:28,789 [INFO] AFC is enabled with max remote calls: 10.
2026-06-03 20:37:32,452 [INFO] AFC is enabled with max remote calls: 10.
2026-06-03 20:37:36,973 [INFO] HTTP Request: GET https://cdn11.bigcommerce.com/s-9hu30/images/stencil/2048x2048/products/1136/2781/drappier_carte_dor__39609.1574808234.jpg?c=2 "HTTP/1.1 200 OK"
2026-06-03 20:37:38,522 [INFO] [30/65] Searching (rep) DR20/NV: Champagne Drappier Brut Nature Trop M en Faut
2026-06-03 20:37:40,749 [INFO] HTTP Request: GET https://serpapi.com/search?engine=google_images&q=Champagne+Champagne+Drappier+Brut+Nature+Trop+M+en+Faut+wine+bottle+white+background+product+photo+-site%3Ainstagram.com+-site%3Afacebook.com+-site%3Apinterest.com+-site%3Atiktok.com+-site%3Atwitter.com+-site%3Ax.com&api_key=6507934244ec5d105def13275985cc32791c2c5e8841ae31dce98b8a2c762461&ijn=0&imgsz=l&imgtype=photo&imgar=t "HTTP/1.1 200 OK"
2026-06-03 20:37:40,755 [INFO] SerpApi returned 99 candidates for SKU DR20/NV
2026-06-03 20:37:40,854 [INFO] HTTP Request: GET https://thechampagnecompany.com/media/catalog/product/cache/6bee3d6f61ce6264dc2c2bb40fe3d3f4/d/r/drappier_trop_m_en_faut_brut_nature_nv_champagne_75cl.jpg "HTTP/1.1 403 Forbidden"
2026-06-03 20:37:40,856 [ERROR] Image download failed for https://thechampagnecompany.com/media/catalog/product/cache/6bee3d6f61ce6264dc2c2bb40fe3d3f4/d/r/drappier_trop_m_en_faut_brut_nature_nv_champagne_75cl.jpg: Client error '403 Forbidden' for url 'https://thechampagnecompany.com/media/catalog/product/cache/6bee3d6f61ce6264dc2c2bb40fe3d3f4/d/r/drappier_trop_m_en_faut_brut_nature_nv_champagne_75cl.jpg'
For more information check: https://developer.mozilla.org/en-US/docs/Web/HTTP/Status/403
2026-06-03 20:37:40,856 [ERROR] Error processing candidate https://thechampagnecompany.com/media/catalog/product/cache/6bee3d6f61ce6264dc2c2bb40fe3d3f4/d/r/drappier_trop_m_en_faut_brut_nature_nv_champagne_75cl.jpg for SKU DR20/NV: Failed to download image: https://thechampagnecompany.com/media/catalog/product/cache/6bee3d6f61ce6264dc2c2bb40fe3d3f4/d/r/drappier_trop_m_en_faut_brut_nature_nv_champagne_75cl.jpg
2026-06-03 20:37:40,857 [WARNING] No image found for rep DR20/NV: Champagne Drappier Brut Nature Trop M en Faut
2026-06-03 20:37:40,857 [INFO] [31/65] Searching (rep) DR21/NV: Champagne Drappier Coteaux Champenois Trop M en Faut
2026-06-03 20:37:42,029 [INFO] HTTP Request: GET https://serpapi.com/search?engine=google_images&q=Champagne+Champagne+Drappier+Coteaux+Champenois+Trop+M+en+Faut+wine+bottle+white+background+product+photo+-site%3Ainstagram.com+-site%3Afacebook.com+-site%3Apinterest.com+-site%3Atiktok.com+-site%3Atwitter.com+-site%3Ax.com&api_key=6507934244ec5d105def13275985cc32791c2c5e8841ae31dce98b8a2c762461&ijn=0&imgsz=l&imgtype=photo&imgar=t "HTTP/1.1 200 OK"
2026-06-03 20:37:42,041 [INFO] SerpApi returned 99 candidates for SKU DR21/NV
2026-06-03 20:37:42,126 [INFO] HTTP Request: GET https://thechampagnecompany.com/media/catalog/product/cache/6bee3d6f61ce6264dc2c2bb40fe3d3f4/d/r/drappier_trop_m_en_faut_75cl.jpg "HTTP/1.1 403 Forbidden"
2026-06-03 20:37:42,128 [ERROR] Image download failed for https://thechampagnecompany.com/media/catalog/product/cache/6bee3d6f61ce6264dc2c2bb40fe3d3f4/d/r/drappier_trop_m_en_faut_75cl.jpg: Client error '403 Forbidden' for url 'https://thechampagnecompany.com/media/catalog/product/cache/6bee3d6f61ce6264dc2c2bb40fe3d3f4/d/r/drappier_trop_m_en_faut_75cl.jpg'
For more information check: https://developer.mozilla.org/en-US/docs/Web/HTTP/Status/403
2026-06-03 20:37:42,128 [ERROR] Error processing candidate https://thechampagnecompany.com/media/catalog/product/cache/6bee3d6f61ce6264dc2c2bb40fe3d3f4/d/r/drappier_trop_m_en_faut_75cl.jpg for SKU DR21/NV: Failed to download image: https://thechampagnecompany.com/media/catalog/product/cache/6bee3d6f61ce6264dc2c2bb40fe3d3f4/d/r/drappier_trop_m_en_faut_75cl.jpg
2026-06-03 20:37:42,129 [WARNING] No image found for rep DR21/NV: Champagne Drappier Coteaux Champenois Trop M en Faut
2026-06-03 20:37:42,129 [INFO] [32/65] Searching (rep) DR27/NV: Champagne Drappier Coteaux Champenois Perpetuite Blanc de Pinot Noir
2026-06-03 20:37:44,885 [INFO] HTTP Request: GET https://serpapi.com/search?engine=google_images&q=Champagne+Champagne+Drappier+Coteaux+Champenois+Perpetuite+Blanc+de+Pinot+Noir+wine+bottle+white+background+product+photo+-site%3Ainstagram.com+-site%3Afacebook.com+-site%3Apinterest.com+-site%3Atiktok.com+-site%3Atwitter.com+-site%3Ax.com&api_key=6507934244ec5d105def13275985cc32791c2c5e8841ae31dce98b8a2c762461&ijn=0&imgsz=l&imgtype=photo&imgar=t "HTTP/1.1 200 OK"
2026-06-03 20:37:44,891 [INFO] SerpApi returned 100 candidates for SKU DR27/NV
2026-06-03 20:37:45,069 [INFO] HTTP Request: GET https://thechampagnecompany.com/media/catalog/product/cache/6bee3d6f61ce6264dc2c2bb40fe3d3f4/d/r/drappier_p_rpetuit_coteaux_champenois_75cl.jpg "HTTP/1.1 403 Forbidden"
2026-06-03 20:37:45,072 [ERROR] Image download failed for https://thechampagnecompany.com/media/catalog/product/cache/6bee3d6f61ce6264dc2c2bb40fe3d3f4/d/r/drappier_p_rpetuit_coteaux_champenois_75cl.jpg: Client error '403 Forbidden' for url 'https://thechampagnecompany.com/media/catalog/product/cache/6bee3d6f61ce6264dc2c2bb40fe3d3f4/d/r/drappier_p_rpetuit_coteaux_champenois_75cl.jpg'
For more information check: https://developer.mozilla.org/en-US/docs/Web/HTTP/Status/403
2026-06-03 20:37:45,072 [ERROR] Error processing candidate https://thechampagnecompany.com/media/catalog/product/cache/6bee3d6f61ce6264dc2c2bb40fe3d3f4/d/r/drappier_p_rpetuit_coteaux_champenois_75cl.jpg for SKU DR27/NV: Failed to download image: https://thechampagnecompany.com/media/catalog/product/cache/6bee3d6f61ce6264dc2c2bb40fe3d3f4/d/r/drappier_p_rpetuit_coteaux_champenois_75cl.jpg
2026-06-03 20:37:45,072 [WARNING] No image found for rep DR27/NV: Champagne Drappier Coteaux Champenois Perpetuite Blanc de Pinot Noir
2026-06-03 20:37:45,072 [INFO] [33/65] Searching (rep) JB04/2011: Paul Jaboulet Crozes Hermitage Domaine de Thalabert
2026-06-03 20:37:53,476 [INFO] HTTP Request: GET https://serpapi.com/search?engine=google_images&q=Paul+Rhone+Paul+Jaboulet+Crozes+Hermitage+Domaine+de+Thalabert+100%25+Syrah+2011+wine+bottle+white+background+product+photo+-site%3Ainstagram.com+-site%3Afacebook.com+-site%3Apinterest.com+-site%3Atiktok.com+-site%3Atwitter.com+-site%3Ax.com&api_key=6507934244ec5d105def13275985cc32791c2c5e8841ae31dce98b8a2c762461&ijn=0&imgsz=l&imgtype=photo&imgar=t "HTTP/1.1 200 OK"
2026-06-03 20:37:53,483 [INFO] SerpApi returned 97 candidates for SKU JB04/2011
2026-06-03 20:37:53,532 [ERROR] Image download failed for x-raw-image:///7f2e20e79fc089ab967a12cbcb356acc32a6a6ad298bc558765fef995d2e30ab: Request URL is missing an 'http://' or 'https://' protocol.
2026-06-03 20:37:53,533 [ERROR] Error processing candidate x-raw-image:///7f2e20e79fc089ab967a12cbcb356acc32a6a6ad298bc558765fef995d2e30ab for SKU JB04/2011: Failed to download image: x-raw-image:///7f2e20e79fc089ab967a12cbcb356acc32a6a6ad298bc558765fef995d2e30ab
2026-06-03 20:37:53,533 [WARNING] No image found for rep JB04/2011: Paul Jaboulet Crozes Hermitage Domaine de Thalabert
2026-06-03 20:37:53,533 [INFO] [34/65] Searching (rep) JB07/2017: Paul Jaboulet Cote Rotie Les Jumelles
2026-06-03 20:37:54,945 [INFO] HTTP Request: GET https://serpapi.com/search?engine=google_images&q=Paul+Rhone+Paul+Jaboulet+Cote+Rotie+Les+Jumelles+100%25+Syrah+2017+wine+bottle+white+background+product+photo+-site%3Ainstagram.com+-site%3Afacebook.com+-site%3Apinterest.com+-site%3Atiktok.com+-site%3Atwitter.com+-site%3Ax.com&api_key=6507934244ec5d105def13275985cc32791c2c5e8841ae31dce98b8a2c762461&ijn=0&imgsz=l&imgtype=photo&imgar=t "HTTP/1.1 200 OK"
2026-06-03 20:37:54,954 [INFO] SerpApi returned 97 candidates for SKU JB07/2017
2026-06-03 20:37:56,066 [INFO] HTTP Request: GET https://api.u.wine/api/v1/image/shop_manager.shop_product_image/4407/image/0x0.png "HTTP/1.1 200 OK"
2026-06-03 20:37:57,089 [INFO] AFC is enabled with max remote calls: 10.
2026-06-03 20:38:04,042 [INFO] AFC is enabled with max remote calls: 10.
2026-06-03 20:38:09,422 [WARNING] No image found for rep JB07/2017: Paul Jaboulet Cote Rotie Les Jumelles
2026-06-03 20:38:09,422 [INFO] [35/65] Searching (rep) JB09/2022: Paul Jaboulet La Maison Bleue Hermitage AOP
2026-06-03 20:38:15,160 [INFO] HTTP Request: GET https://serpapi.com/search?engine=google_images&q=Paul+Rhone+Paul+Jaboulet+La+Maison+Bleue+Hermitage+AOP+100%25+Syrah+2022+wine+bottle+white+background+product+photo+-site%3Ainstagram.com+-site%3Afacebook.com+-site%3Apinterest.com+-site%3Atiktok.com+-site%3Atwitter.com+-site%3Ax.com&api_key=6507934244ec5d105def13275985cc32791c2c5e8841ae31dce98b8a2c762461&ijn=0&imgsz=l&imgtype=photo&imgar=t "HTTP/1.1 200 OK"
2026-06-03 20:38:15,170 [INFO] SerpApi returned 100 candidates for SKU JB09/2022
2026-06-03 20:38:16,280 [INFO] HTTP Request: GET https://www.avintures.fr/10680-large_default/syrah-2023.jpg "HTTP/1.1 200 OK"
2026-06-03 20:38:17,099 [INFO] AFC is enabled with max remote calls: 10.
2026-06-03 20:38:27,238 [INFO] AFC is enabled with max remote calls: 10.
2026-06-03 20:38:32,348 [INFO] HTTP Request: GET https://www.avintures.fr/10680-large_default/syrah-2023.jpg "HTTP/1.1 200 OK"
2026-06-03 20:38:35,427 [INFO] [36/65] Searching (rep) JB10/1982: Paul Jaboulet Hermitage La Chapelle
2026-06-03 20:38:37,654 [INFO] HTTP Request: GET https://serpapi.com/search?engine=google_images&q=Paul+Rhone+Paul+Jaboulet+Hermitage+La+Chapelle+100%25+Syrah+1982+wine+bottle+white+background+product+photo+-site%3Ainstagram.com+-site%3Afacebook.com+-site%3Apinterest.com+-site%3Atiktok.com+-site%3Atwitter.com+-site%3Ax.com&api_key=6507934244ec5d105def13275985cc32791c2c5e8841ae31dce98b8a2c762461&ijn=0&imgsz=l&imgtype=photo&imgar=t "HTTP/1.1 200 OK"
2026-06-03 20:38:37,659 [INFO] SerpApi returned 100 candidates for SKU JB10/1982
2026-06-03 20:38:37,731 [INFO] HTTP Request: GET http://kenastonwine.com/cdn/shop/files/PaulJabouletAineLaChapelleHermitage2005.jpg?v=1752512235 "HTTP/1.1 301 Moved Permanently"
2026-06-03 20:38:38,251 [INFO] HTTP Request: GET https://kenastonwine.com/cdn/shop/files/PaulJabouletAineLaChapelleHermitage2005.jpg?v=1752512235 "HTTP/1.1 200 OK"
2026-06-03 20:38:38,338 [INFO] AFC is enabled with max remote calls: 10.
2026-06-03 20:38:43,010 [INFO] AFC is enabled with max remote calls: 10.
2026-06-03 20:38:47,782 [INFO] HTTP Request: GET http://kenastonwine.com/cdn/shop/files/PaulJabouletAineLaChapelleHermitage2005.jpg?v=1752512235 "HTTP/1.1 301 Moved Permanently"
2026-06-03 20:38:47,841 [INFO] HTTP Request: GET https://kenastonwine.com/cdn/shop/files/PaulJabouletAineLaChapelleHermitage2005.jpg?v=1752512235 "HTTP/1.1 200 OK"
2026-06-03 20:38:51,429 [INFO] [37/65] Searching (rep) JB10/2006: Paul Jaboulet Hermitage La Chapelle
2026-06-03 20:38:53,871 [INFO] HTTP Request: GET https://serpapi.com/search?engine=google_images&q=Paul+Rhone+Paul+Jaboulet+Hermitage+La+Chapelle+Syrah+2006+wine+bottle+white+background+product+photo+-site%3Ainstagram.com+-site%3Afacebook.com+-site%3Apinterest.com+-site%3Atiktok.com+-site%3Atwitter.com+-site%3Ax.com&api_key=6507934244ec5d105def13275985cc32791c2c5e8841ae31dce98b8a2c762461&ijn=0&imgsz=l&imgtype=photo&imgar=t "HTTP/1.1 200 OK"
2026-06-03 20:38:53,879 [INFO] SerpApi returned 99 candidates for SKU JB10/2006
2026-06-03 20:38:53,950 [INFO] HTTP Request: GET http://kenastonwine.com/cdn/shop/files/PaulJabouletAineLaChapelleHermitage2005.jpg?v=1752512235 "HTTP/1.1 301 Moved Permanently"
2026-06-03 20:38:53,997 [INFO] HTTP Request: GET https://kenastonwine.com/cdn/shop/files/PaulJabouletAineLaChapelleHermitage2005.jpg?v=1752512235 "HTTP/1.1 200 OK"
2026-06-03 20:38:54,089 [INFO] AFC is enabled with max remote calls: 10.
2026-06-03 20:38:59,394 [INFO] AFC is enabled with max remote calls: 10.
2026-06-03 20:39:05,211 [INFO] HTTP Request: GET http://kenastonwine.com/cdn/shop/files/PaulJabouletAineLaChapelleHermitage2005.jpg?v=1752512235 "HTTP/1.1 301 Moved Permanently"
2026-06-03 20:39:05,259 [INFO] HTTP Request: GET https://kenastonwine.com/cdn/shop/files/PaulJabouletAineLaChapelleHermitage2005.jpg?v=1752512235 "HTTP/1.1 200 OK"
2026-06-03 20:39:08,913 [INFO] [38/65] Searching (rep) JB15/2020: Paul Jaboulet Hermitage Le Chevalier de Sterimberg Blanc
2026-06-03 20:39:11,476 [INFO] HTTP Request: GET https://serpapi.com/search?engine=google_images&q=Paul+Rhone+Paul+Jaboulet+Hermitage+Le+Chevalier+de+Sterimberg+Blanc+50%25+White+Grenache%2C+20%25++Marsanne%2C+20%25Viognier+%2C10%25+Bourboulenc+2020+wine+bottle+white+background+product+photo+-site%3Ainstagram.com+-site%3Afacebook.com+-site%3Apinterest.com+-site%3Atiktok.com+-site%3Atwitter.com+-site%3Ax.com&api_key=6507934244ec5d105def13275985cc32791c2c5e8841ae31dce98b8a2c762461&ijn=0&imgsz=l&imgtype=photo&imgar=t "HTTP/1.1 200 OK"
2026-06-03 20:39:11,478 [INFO] SerpApi returned 7 candidates for SKU JB15/2020
2026-06-03 20:39:11,575 [INFO] HTTP Request: GET https://imgv2-1-f.scribdassets.com/img/document/37757723/original/4987db5049/1?v=1 "HTTP/1.1 200 OK"
2026-06-03 20:39:11,652 [INFO] AFC is enabled with max remote calls: 10.
2026-06-03 20:39:13,935 [ERROR] Error processing candidate https://imgv2-1-f.scribdassets.com/img/document/37757723/original/4987db5049/1?v=1 for SKU JB15/2020: Image does not contain a wine bottle with a label
2026-06-03 20:39:13,935 [WARNING] No image found for rep JB15/2020: Paul Jaboulet Hermitage Le Chevalier de Sterimberg Blanc
2026-06-03 20:39:13,935 [INFO] [39/65] Searching (rep) JB18/2022: Paul Jaboulet Domaine Mule Blanche Crozes Hermitage
2026-06-03 20:39:14,909 [INFO] HTTP Request: GET https://serpapi.com/search?engine=google_images&q=Paul+Rhone+Paul+Jaboulet+Domaine+Mule+Blanche+Crozes+Hermitage+50%25+Marsanne+and+50%25+Roussanne+2022+wine+bottle+white+background+product+photo+-site%3Ainstagram.com+-site%3Afacebook.com+-site%3Apinterest.com+-site%3Atiktok.com+-site%3Atwitter.com+-site%3Ax.com&api_key=6507934244ec5d105def13275985cc32791c2c5e8841ae31dce98b8a2c762461&ijn=0&imgsz=l&imgtype=photo&imgar=t "HTTP/1.1 200 OK"
2026-06-03 20:39:14,913 [INFO] SerpApi returned 39 candidates for SKU JB18/2022
2026-06-03 20:39:16,119 [INFO] HTTP Request: GET https://aem.lcbo.com/content/dam/lcbo/products/0/4/3/3/043382.jpg.thumb.1280.1280.jpg "HTTP/1.1 200 OK"
2026-06-03 20:39:16,188 [INFO] AFC is enabled with max remote calls: 10.
2026-06-03 20:39:19,769 [INFO] AFC is enabled with max remote calls: 10.
2026-06-03 20:39:24,770 [INFO] HTTP Request: GET https://aem.lcbo.com/content/dam/lcbo/products/0/4/3/3/043382.jpg.thumb.1280.1280.jpg "HTTP/1.1 200 OK"
2026-06-03 20:39:26,747 [INFO] [40/65] Searching (rep) JB19/2021: Paul Jaboulet La Chapelle Blanc Hermitage AOC
2026-06-03 20:39:28,457 [INFO] HTTP Request: GET https://serpapi.com/search?engine=google_images&q=Paul+Rhone+Paul+Jaboulet+La+Chapelle+Blanc+Hermitage+AOC+100%25+Marsanne+2021+wine+bottle+white+background+product+photo+-site%3Ainstagram.com+-site%3Afacebook.com+-site%3Apinterest.com+-site%3Atiktok.com+-site%3Atwitter.com+-site%3Ax.com&api_key=6507934244ec5d105def13275985cc32791c2c5e8841ae31dce98b8a2c762461&ijn=0&imgsz=l&imgtype=photo&imgar=t "HTTP/1.1 200 OK"
2026-06-03 20:39:28,556 [INFO] SerpApi returned 98 candidates for SKU JB19/2021
2026-06-03 20:39:29,498 [INFO] HTTP Request: GET https://s3.amazonaws.com/efcheckout/kermitlynch/content/Kermit-Lynch-Wine-Merchant-Anniversary-Sale-image_set_1_img_1-25562-large.webp "HTTP/1.1 200 OK"
2026-06-03 20:39:30,833 [ERROR] Error processing candidate https://s3.amazonaws.com/efcheckout/kermitlynch/content/Kermit-Lynch-Wine-Merchant-Anniversary-Sale-image_set_1_img_1-25562-large.webp for SKU JB19/2021: Failed to download image: https://s3.amazonaws.com/efcheckout/kermitlynch/content/Kermit-Lynch-Wine-Merchant-Anniversary-Sale-image_set_1_img_1-25562-large.webp
2026-06-03 20:39:30,834 [WARNING] No image found for rep JB19/2021: Paul Jaboulet La Chapelle Blanc Hermitage AOC
2026-06-03 20:39:30,837 [INFO] [41/65] Searching (rep) JD02/2022: John Duval Entity Shiraz
2026-06-03 20:39:32,888 [INFO] HTTP Request: GET https://serpapi.com/search?engine=google_images&q=John+John+Duval+Entity+Shiraz+2022+wine+bottle+white+background+product+photo+-site%3Ainstagram.com+-site%3Afacebook.com+-site%3Apinterest.com+-site%3Atiktok.com+-site%3Atwitter.com+-site%3Ax.com&api_key=6507934244ec5d105def13275985cc32791c2c5e8841ae31dce98b8a2c762461&ijn=0&imgsz=l&imgtype=photo&imgar=t "HTTP/1.1 200 OK"
2026-06-03 20:39:32,899 [INFO] SerpApi returned 100 candidates for SKU JD02/2022
2026-06-03 20:39:33,596 [INFO] HTTP Request: GET https://media.nicks.com.au/products/d8ace48b/2022-john-duval-entity-shiraz.jpg "HTTP/1.1 200 OK"
2026-06-03 20:39:33,667 [INFO] AFC is enabled with max remote calls: 10.
2026-06-03 20:39:36,625 [INFO] AFC is enabled with max remote calls: 10.
2026-06-03 20:39:41,599 [INFO] HTTP Request: GET https://media.nicks.com.au/products/d8ace48b/2022-john-duval-entity-shiraz.jpg "HTTP/1.1 200 OK"
2026-06-03 20:40:22,872 [INFO] [42/65] Searching (rep) JD04/2021: John Duval Eligo Shiraz
2026-06-03 20:40:26,040 [INFO] HTTP Request: GET https://serpapi.com/search?engine=google_images&q=John+John+Duval+Eligo+Shiraz+2021+wine+bottle+white+background+product+photo+-site%3Ainstagram.com+-site%3Afacebook.com+-site%3Apinterest.com+-site%3Atiktok.com+-site%3Atwitter.com+-site%3Ax.com&api_key=6507934244ec5d105def13275985cc32791c2c5e8841ae31dce98b8a2c762461&ijn=0&imgsz=l&imgtype=photo&imgar=t "HTTP/1.1 200 OK"
2026-06-03 20:40:26,046 [INFO] SerpApi returned 100 candidates for SKU JD04/2021
2026-06-03 20:40:26,248 [INFO] HTTP Request: GET https://media.nicks.com.au/products/5bc3b927/john-duval-wines-eligo-new.jpg "HTTP/1.1 200 OK"
2026-06-03 20:40:26,320 [INFO] AFC is enabled with max remote calls: 10.
2026-06-03 20:40:30,085 [INFO] AFC is enabled with max remote calls: 10.
2026-06-03 20:40:35,796 [INFO] HTTP Request: GET https://media.nicks.com.au/products/5bc3b927/john-duval-wines-eligo-new.jpg "HTTP/1.1 200 OK"
2026-06-03 20:40:51,975 [INFO] [43/65] Searching (rep) LS02/2021: Legacy Peak Kalavinka Cabernet Sauvignon
2026-06-03 20:40:52,853 [INFO] HTTP Request: GET https://serpapi.com/search?engine=google_images&q=Legacy+Peak+Legacy+Peak+Kalavinka+Cabernet+Sauvignon+2021+wine+bottle+white+background+product+photo+-site%3Ainstagram.com+-site%3Afacebook.com+-site%3Apinterest.com+-site%3Atiktok.com+-site%3Atwitter.com+-site%3Ax.com&api_key=6507934244ec5d105def13275985cc32791c2c5e8841ae31dce98b8a2c762461&ijn=0&imgsz=l&imgtype=photo&imgar=t "HTTP/1.1 200 OK"
2026-06-03 20:40:55,597 [INFO] HTTP Request: GET https://serpapi.com/search?engine=google_images&q=Legacy+Peak+Legacy+Peak+Kalavinka+Cabernet+Sauvignon+2021+wine+bottle+white+background+product+photo+-site%3Ainstagram.com+-site%3Afacebook.com+-site%3Apinterest.com+-site%3Atiktok.com+-site%3Atwitter.com+-site%3Ax.com&api_key=6507934244ec5d105def13275985cc32791c2c5e8841ae31dce98b8a2c762461&ijn=1&imgsz=l&imgtype=photo&imgar=t "HTTP/1.1 200 OK"
2026-06-03 20:40:55,690 [INFO] HTTP Request: GET https://www.googleapis.com/customsearch/v1?key=AIzaSyBZ5p08dd5cR_Q5bMHhaAFuH6kPUO9jxrY&cx=02211d6d3950b4d03&q=Legacy+Peak+Legacy+Peak+Kalavinka+Cabernet+Sauvignon+2021+wine+bottle+white+background+product+photo+-site%3Ainstagram.com+-site%3Afacebook.com+-site%3Apinterest.com+-site%3Atiktok.com+-site%3Atwitter.com+-site%3Ax.com&searchType=image&num=1&imgSize=large&imgType=photo "HTTP/1.1 403 Forbidden"
2026-06-03 20:40:55,692 [WARNING] Custom Search JSON API returned 403: this GCP project likely has no JSON API entitlement (Google closed JSON API access for new projects; DDG/Bing fallback will be used). See https://developers.google.com/custom-search/v1/overview (Vertex AI Search or a third-party SERP API are alternatives).
2026-06-03 20:40:55,921 [INFO] response: https://www.bing.com/images/async?q=Legacy+Peak+Legacy+Peak+Kalavinka+Cabernet+Sauvignon+2021+wine+bottle+white+background+product+photo+-site%3Ainstagram.com+-site%3Afacebook.com+-site%3Apinterest.com+-site%3Atiktok.com+-site%3Atwitter.com+-site%3Ax.com&async=1&first=1&count=35 200
2026-06-03 20:40:55,930 [INFO] DuckDuckGo returned 1 candidates for SKU LS02/2021
2026-06-03 20:40:56,889 [INFO] HTTP Request: GET https://bestlifeonline.com/wp-content/uploads/sites/3/2020/06/unnamed-1-13.jpg?quality=82&strip=all "HTTP/1.1 200 OK"
2026-06-03 20:40:57,395 [INFO] AFC is enabled with max remote calls: 10.
2026-06-03 20:40:59,817 [ERROR] Error processing candidate https://bestlifeonline.com/wp-content/uploads/sites/3/2020/06/unnamed-1-13.jpg?quality=82&strip=all for SKU LS02/2021: Image does not contain a wine bottle with a label
2026-06-03 20:40:59,818 [WARNING] No image found for rep LS02/2021: Legacy Peak Kalavinka Cabernet Sauvignon
2026-06-03 20:40:59,818 [INFO] [44/65] Searching (rep) LS03/2022: Legacy Peak Family Heritage
2026-06-03 20:41:02,977 [INFO] HTTP Request: GET https://serpapi.com/search?engine=google_images&q=Legacy+Peak+Legacy+Peak+Family+Heritage+2022+wine+bottle+white+background+product+photo+-site%3Ainstagram.com+-site%3Afacebook.com+-site%3Apinterest.com+-site%3Atiktok.com+-site%3Atwitter.com+-site%3Ax.com&api_key=6507934244ec5d105def13275985cc32791c2c5e8841ae31dce98b8a2c762461&ijn=0&imgsz=l&imgtype=photo&imgar=t "HTTP/1.1 200 OK"
2026-06-03 20:41:02,983 [INFO] SerpApi returned 100 candidates for SKU LS03/2022
2026-06-03 20:41:03,812 [INFO] HTTP Request: GET https://www.mcbridesisters.com/cdn/shop/files/2026_MSC_CH_Lifestyle.jpg?v=1768174938&width=1660 "HTTP/1.1 200 OK"
2026-06-03 20:41:04,017 [INFO] AFC is enabled with max remote calls: 10.
2026-06-03 20:41:07,941 [INFO] AFC is enabled with max remote calls: 10.
2026-06-03 20:41:17,125 [WARNING] No image found for rep LS03/2022: Legacy Peak Family Heritage
2026-06-03 20:41:17,125 [INFO] [45/65] Searching (rep) LS04/2023: Legacy Peak Chardonnay
2026-06-03 20:41:17,401 [INFO] HTTP Request: GET https://serpapi.com/search?engine=google_images&q=Legacy+Peak+Legacy+Peak+Chardonnay+2023+wine+bottle+white+background+product+photo+-site%3Ainstagram.com+-site%3Afacebook.com+-site%3Apinterest.com+-site%3Atiktok.com+-site%3Atwitter.com+-site%3Ax.com&api_key=6507934244ec5d105def13275985cc32791c2c5e8841ae31dce98b8a2c762461&ijn=0&imgsz=l&imgtype=photo&imgar=t "HTTP/1.1 429 Too Many Requests"
2026-06-03 20:41:17,402 [ERROR] SerpApi HTTP error: Client error '429 Too Many Requests' for url 'https://serpapi.com/search?engine=google_images&q=Legacy+Peak+Legacy+Peak+Chardonnay+2023+wine+bottle+white+background+product+photo+-site%3Ainstagram.com+-site%3Afacebook.com+-site%3Apinterest.com+-site%3Atiktok.com+-site%3Atwitter.com+-site%3Ax.com&api_key=6507934244ec5d105def13275985cc32791c2c5e8841ae31dce98b8a2c762461&ijn=0&imgsz=l&imgtype=photo&imgar=t'
For more information check: https://developer.mozilla.org/en-US/docs/Web/HTTP/Status/429
2026-06-03 20:41:17,652 [INFO] HTTP Request: GET https://serpapi.com/search?engine=google_images&q=Legacy+Peak+Legacy+Peak+Chardonnay+2023+wine+bottle+white+background+product+photo+-site%3Ainstagram.com+-site%3Afacebook.com+-site%3Apinterest.com+-site%3Atiktok.com+-site%3Atwitter.com+-site%3Ax.com&api_key=6507934244ec5d105def13275985cc32791c2c5e8841ae31dce98b8a2c762461&ijn=1&imgsz=l&imgtype=photo&imgar=t "HTTP/1.1 429 Too Many Requests"
2026-06-03 20:41:17,653 [ERROR] SerpApi HTTP error: Client error '429 Too Many Requests' for url 'https://serpapi.com/search?engine=google_images&q=Legacy+Peak+Legacy+Peak+Chardonnay+2023+wine+bottle+white+background+product+photo+-site%3Ainstagram.com+-site%3Afacebook.com+-site%3Apinterest.com+-site%3Atiktok.com+-site%3Atwitter.com+-site%3Ax.com&api_key=6507934244ec5d105def13275985cc32791c2c5e8841ae31dce98b8a2c762461&ijn=1&imgsz=l&imgtype=photo&imgar=t'
For more information check: https://developer.mozilla.org/en-US/docs/Web/HTTP/Status/429
2026-06-03 20:41:17,745 [INFO] HTTP Request: GET https://www.googleapis.com/customsearch/v1?key=AIzaSyBZ5p08dd5cR_Q5bMHhaAFuH6kPUO9jxrY&cx=02211d6d3950b4d03&q=Legacy+Peak+Legacy+Peak+Chardonnay+2023+wine+bottle+white+background+product+photo+-site%3Ainstagram.com+-site%3Afacebook.com+-site%3Apinterest.com+-site%3Atiktok.com+-site%3Atwitter.com+-site%3Ax.com&searchType=image&num=1&imgSize=large&imgType=photo "HTTP/1.1 403 Forbidden"
2026-06-03 20:41:17,751 [WARNING] Custom Search JSON API returned 403: this GCP project likely has no JSON API entitlement (Google closed JSON API access for new projects; DDG/Bing fallback will be used). See https://developers.google.com/custom-search/v1/overview (Vertex AI Search or a third-party SERP API are alternatives).
2026-06-03 20:41:18,043 [INFO] response: https://www.bing.com/images/async?q=Legacy+Peak+Legacy+Peak+Chardonnay+2023+wine+bottle+white+background+product+photo+-site%3Ainstagram.com+-site%3Afacebook.com+-site%3Apinterest.com+-site%3Atiktok.com+-site%3Atwitter.com+-site%3Ax.com&async=1&first=1&count=35 200
2026-06-03 20:41:18,045 [INFO] DuckDuckGo returned 1 candidates for SKU LS04/2023
2026-06-03 20:41:18,655 [INFO] HTTP Request: GET https://charalab.com/images/2018/04/180405_pom_7.jpg "HTTP/1.1 200 OK"
2026-06-03 20:41:18,793 [INFO] AFC is enabled with max remote calls: 10.
2026-06-03 20:41:21,380 [ERROR] Error processing candidate https://charalab.com/images/2018/04/180405_pom_7.jpg for SKU LS04/2023: Image does not contain a wine bottle with a label
2026-06-03 20:41:21,381 [WARNING] No image found for rep LS04/2023: Legacy Peak Chardonnay
2026-06-03 20:41:21,381 [INFO] [46/65] Searching (rep) LS29/2015: Legacy Peak Family Heritage 1.5L
2026-06-03 20:41:21,628 [INFO] HTTP Request: GET https://serpapi.com/search?engine=google_images&q=Legacy+Peak+Legacy+Peak+Family+Heritage+1.5L+2015+wine+bottle+white+background+product+photo+-site%3Ainstagram.com+-site%3Afacebook.com+-site%3Apinterest.com+-site%3Atiktok.com+-site%3Atwitter.com+-site%3Ax.com&api_key=6507934244ec5d105def13275985cc32791c2c5e8841ae31dce98b8a2c762461&ijn=0&imgsz=l&imgtype=photo&imgar=t "HTTP/1.1 429 Too Many Requests"
2026-06-03 20:41:21,630 [ERROR] SerpApi HTTP error: Client error '429 Too Many Requests' for url 'https://serpapi.com/search?engine=google_images&q=Legacy+Peak+Legacy+Peak+Family+Heritage+1.5L+2015+wine+bottle+white+background+product+photo+-site%3Ainstagram.com+-site%3Afacebook.com+-site%3Apinterest.com+-site%3Atiktok.com+-site%3Atwitter.com+-site%3Ax.com&api_key=6507934244ec5d105def13275985cc32791c2c5e8841ae31dce98b8a2c762461&ijn=0&imgsz=l&imgtype=photo&imgar=t'
For more information check: https://developer.mozilla.org/en-US/docs/Web/HTTP/Status/429
2026-06-03 20:41:21,935 [INFO] HTTP Request: GET https://serpapi.com/search?engine=google_images&q=Legacy+Peak+Legacy+Peak+Family+Heritage+1.5L+2015+wine+bottle+white+background+product+photo+-site%3Ainstagram.com+-site%3Afacebook.com+-site%3Apinterest.com+-site%3Atiktok.com+-site%3Atwitter.com+-site%3Ax.com&api_key=6507934244ec5d105def13275985cc32791c2c5e8841ae31dce98b8a2c762461&ijn=1&imgsz=l&imgtype=photo&imgar=t "HTTP/1.1 429 Too Many Requests"
2026-06-03 20:41:21,936 [ERROR] SerpApi HTTP error: Client error '429 Too Many Requests' for url 'https://serpapi.com/search?engine=google_images&q=Legacy+Peak+Legacy+Peak+Family+Heritage+1.5L+2015+wine+bottle+white+background+product+photo+-site%3Ainstagram.com+-site%3Afacebook.com+-site%3Apinterest.com+-site%3Atiktok.com+-site%3Atwitter.com+-site%3Ax.com&api_key=6507934244ec5d105def13275985cc32791c2c5e8841ae31dce98b8a2c762461&ijn=1&imgsz=l&imgtype=photo&imgar=t'
For more information check: https://developer.mozilla.org/en-US/docs/Web/HTTP/Status/429
2026-06-03 20:41:21,968 [INFO] HTTP Request: GET https://www.googleapis.com/customsearch/v1?key=AIzaSyBZ5p08dd5cR_Q5bMHhaAFuH6kPUO9jxrY&cx=02211d6d3950b4d03&q=Legacy+Peak+Legacy+Peak+Family+Heritage+1.5L+2015+wine+bottle+white+background+product+photo+-site%3Ainstagram.com+-site%3Afacebook.com+-site%3Apinterest.com+-site%3Atiktok.com+-site%3Atwitter.com+-site%3Ax.com&searchType=image&num=1&imgSize=large&imgType=photo "HTTP/1.1 403 Forbidden"
2026-06-03 20:41:21,970 [WARNING] Custom Search JSON API returned 403: this GCP project likely has no JSON API entitlement (Google closed JSON API access for new projects; DDG/Bing fallback will be used). See https://developers.google.com/custom-search/v1/overview (Vertex AI Search or a third-party SERP API are alternatives).
2026-06-03 20:41:22,241 [INFO] response: https://www.bing.com/images/async?q=Legacy+Peak+Legacy+Peak+Family+Heritage+1.5L+2015+wine+bottle+white+background+product+photo+-site%3Ainstagram.com+-site%3Afacebook.com+-site%3Apinterest.com+-site%3Atiktok.com+-site%3Atwitter.com+-site%3Ax.com&async=1&first=1&count=35 200
2026-06-03 20:41:22,244 [INFO] DuckDuckGo returned 1 candidates for SKU LS29/2015
2026-06-03 20:41:22,621 [INFO] HTTP Request: GET https://down-id.img.susercontent.com/file/82f672647cfe03dd994feca3f7f063c2 "HTTP/1.1 200 OK"
2026-06-03 20:41:22,860 [INFO] AFC is enabled with max remote calls: 10.
2026-06-03 20:41:26,441 [ERROR] Error processing candidate https://down-id.img.susercontent.com/file/82f672647cfe03dd994feca3f7f063c2 for SKU LS29/2015: Image does not contain a wine bottle with a label
2026-06-03 20:41:26,442 [WARNING] No image found for rep LS29/2015: Legacy Peak Family Heritage 1.5L
2026-06-03 20:41:26,442 [INFO] [47/65] Searching (rep) LS30/2023: Legacy Peak Family Heritage Chardonnay 1.5L
2026-06-03 20:41:26,703 [INFO] HTTP Request: GET https://serpapi.com/search?engine=google_images&q=Legacy+Peak+Legacy+Peak+Family+Heritage+Chardonnay+1.5L+2023+wine+bottle+white+background+product+photo+-site%3Ainstagram.com+-site%3Afacebook.com+-site%3Apinterest.com+-site%3Atiktok.com+-site%3Atwitter.com+-site%3Ax.com&api_key=6507934244ec5d105def13275985cc32791c2c5e8841ae31dce98b8a2c762461&ijn=0&imgsz=l&imgtype=photo&imgar=t "HTTP/1.1 429 Too Many Requests"
2026-06-03 20:41:26,705 [ERROR] SerpApi HTTP error: Client error '429 Too Many Requests' for url 'https://serpapi.com/search?engine=google_images&q=Legacy+Peak+Legacy+Peak+Family+Heritage+Chardonnay+1.5L+2023+wine+bottle+white+background+product+photo+-site%3Ainstagram.com+-site%3Afacebook.com+-site%3Apinterest.com+-site%3Atiktok.com+-site%3Atwitter.com+-site%3Ax.com&api_key=6507934244ec5d105def13275985cc32791c2c5e8841ae31dce98b8a2c762461&ijn=0&imgsz=l&imgtype=photo&imgar=t'
For more information check: https://developer.mozilla.org/en-US/docs/Web/HTTP/Status/429
2026-06-03 20:41:26,967 [INFO] HTTP Request: GET https://serpapi.com/search?engine=google_images&q=Legacy+Peak+Legacy+Peak+Family+Heritage+Chardonnay+1.5L+2023+wine+bottle+white+background+product+photo+-site%3Ainstagram.com+-site%3Afacebook.com+-site%3Apinterest.com+-site%3Atiktok.com+-site%3Atwitter.com+-site%3Ax.com&api_key=6507934244ec5d105def13275985cc32791c2c5e8841ae31dce98b8a2c762461&ijn=1&imgsz=l&imgtype=photo&imgar=t "HTTP/1.1 429 Too Many Requests"
2026-06-03 20:41:26,968 [ERROR] SerpApi HTTP error: Client error '429 Too Many Requests' for url 'https://serpapi.com/search?engine=google_images&q=Legacy+Peak+Legacy+Peak+Family+Heritage+Chardonnay+1.5L+2023+wine+bottle+white+background+product+photo+-site%3Ainstagram.com+-site%3Afacebook.com+-site%3Apinterest.com+-site%3Atiktok.com+-site%3Atwitter.com+-site%3Ax.com&api_key=6507934244ec5d105def13275985cc32791c2c5e8841ae31dce98b8a2c762461&ijn=1&imgsz=l&imgtype=photo&imgar=t'
For more information check: https://developer.mozilla.org/en-US/docs/Web/HTTP/Status/429
2026-06-03 20:41:27,015 [INFO] HTTP Request: GET https://www.googleapis.com/customsearch/v1?key=AIzaSyBZ5p08dd5cR_Q5bMHhaAFuH6kPUO9jxrY&cx=02211d6d3950b4d03&q=Legacy+Peak+Legacy+Peak+Family+Heritage+Chardonnay+1.5L+2023+wine+bottle+white+background+product+photo+-site%3Ainstagram.com+-site%3Afacebook.com+-site%3Apinterest.com+-site%3Atiktok.com+-site%3Atwitter.com+-site%3Ax.com&searchType=image&num=1&imgSize=large&imgType=photo "HTTP/1.1 403 Forbidden"
2026-06-03 20:41:27,017 [WARNING] Custom Search JSON API returned 403: this GCP project likely has no JSON API entitlement (Google closed JSON API access for new projects; DDG/Bing fallback will be used). See https://developers.google.com/custom-search/v1/overview (Vertex AI Search or a third-party SERP API are alternatives).
2026-06-03 20:41:27,179 [INFO] response: https://www.bing.com/images/async?q=Legacy+Peak+Legacy+Peak+Family+Heritage+Chardonnay+1.5L+2023+wine+bottle+white+background+product+photo+-site%3Ainstagram.com+-site%3Afacebook.com+-site%3Apinterest.com+-site%3Atiktok.com+-site%3Atwitter.com+-site%3Ax.com&async=1&first=1&count=35 200
2026-06-03 20:41:27,181 [INFO] DuckDuckGo returned 1 candidates for SKU LS30/2023
2026-06-03 20:41:27,560 [INFO] HTTP Request: GET https://www.abmole.com/upload/structure/2765081-21-6.gif "HTTP/1.1 200 OK"
2026-06-03 20:41:27,569 [ERROR] Error processing candidate https://www.abmole.com/upload/structure/2765081-21-6.gif for SKU LS30/2023: Downloaded bytes were not a valid image: https://www.abmole.com/upload/structure/2765081-21-6.gif
2026-06-03 20:41:27,570 [WARNING] No image found for rep LS30/2023: Legacy Peak Family Heritage Chardonnay 1.5L
2026-06-03 20:41:27,570 [INFO] [48/65] Searching (rep) MS20/NV: Mindful Sparks Sparkling Dragon Pearl Jasmine Tea 375ml (Case of 12)
2026-06-03 20:41:27,825 [INFO] HTTP Request: GET https://serpapi.com/search?engine=google_images&q=Mindful+Mindful+Sparks+Sparkling+Dragon+Pearl+Jasmine+Tea+375ml+%28Case+of+12%29+wine+bottle+white+background+product+photo+-site%3Ainstagram.com+-site%3Afacebook.com+-site%3Apinterest.com+-site%3Atiktok.com+-site%3Atwitter.com+-site%3Ax.com&api_key=6507934244ec5d105def13275985cc32791c2c5e8841ae31dce98b8a2c762461&ijn=0&imgsz=l&imgtype=photo&imgar=t "HTTP/1.1 429 Too Many Requests"
2026-06-03 20:41:27,827 [ERROR] SerpApi HTTP error: Client error '429 Too Many Requests' for url 'https://serpapi.com/search?engine=google_images&q=Mindful+Mindful+Sparks+Sparkling+Dragon+Pearl+Jasmine+Tea+375ml+%28Case+of+12%29+wine+bottle+white+background+product+photo+-site%3Ainstagram.com+-site%3Afacebook.com+-site%3Apinterest.com+-site%3Atiktok.com+-site%3Atwitter.com+-site%3Ax.com&api_key=6507934244ec5d105def13275985cc32791c2c5e8841ae31dce98b8a2c762461&ijn=0&imgsz=l&imgtype=photo&imgar=t'
For more information check: https://developer.mozilla.org/en-US/docs/Web/HTTP/Status/429
2026-06-03 20:41:28,078 [INFO] HTTP Request: GET https://serpapi.com/search?engine=google_images&q=Mindful+Mindful+Sparks+Sparkling+Dragon+Pearl+Jasmine+Tea+375ml+%28Case+of+12%29+wine+bottle+white+background+product+photo+-site%3Ainstagram.com+-site%3Afacebook.com+-site%3Apinterest.com+-site%3Atiktok.com+-site%3Atwitter.com+-site%3Ax.com&api_key=6507934244ec5d105def13275985cc32791c2c5e8841ae31dce98b8a2c762461&ijn=1&imgsz=l&imgtype=photo&imgar=t "HTTP/1.1 429 Too Many Requests"
2026-06-03 20:41:28,080 [ERROR] SerpApi HTTP error: Client error '429 Too Many Requests' for url 'https://serpapi.com/search?engine=google_images&q=Mindful+Mindful+Sparks+Sparkling+Dragon+Pearl+Jasmine+Tea+375ml+%28Case+of+12%29+wine+bottle+white+background+product+photo+-site%3Ainstagram.com+-site%3Afacebook.com+-site%3Apinterest.com+-site%3Atiktok.com+-site%3Atwitter.com+-site%3Ax.com&api_key=6507934244ec5d105def13275985cc32791c2c5e8841ae31dce98b8a2c762461&ijn=1&imgsz=l&imgtype=photo&imgar=t'
For more information check: https://developer.mozilla.org/en-US/docs/Web/HTTP/Status/429
2026-06-03 20:41:28,113 [INFO] HTTP Request: GET https://www.googleapis.com/customsearch/v1?key=AIzaSyBZ5p08dd5cR_Q5bMHhaAFuH6kPUO9jxrY&cx=02211d6d3950b4d03&q=Mindful+Mindful+Sparks+Sparkling+Dragon+Pearl+Jasmine+Tea+375ml+%28Case+of+12%29+wine+bottle+white+background+product+photo+-site%3Ainstagram.com+-site%3Afacebook.com+-site%3Apinterest.com+-site%3Atiktok.com+-site%3Atwitter.com+-site%3Ax.com&searchType=image&num=1&imgSize=large&imgType=photo "HTTP/1.1 403 Forbidden"
2026-06-03 20:41:28,115 [WARNING] Custom Search JSON API returned 403: this GCP project likely has no JSON API entitlement (Google closed JSON API access for new projects; DDG/Bing fallback will be used). See https://developers.google.com/custom-search/v1/overview (Vertex AI Search or a third-party SERP API are alternatives).
2026-06-03 20:41:28,385 [INFO] response: https://www.bing.com/images/async?q=Mindful+Mindful+Sparks+Sparkling+Dragon+Pearl+Jasmine+Tea+375ml+%28Case+of+12%29+wine+bottle+white+background+product+photo+-site%3Ainstagram.com+-site%3Afacebook.com+-site%3Apinterest.com+-site%3Atiktok.com+-site%3Atwitter.com+-site%3Ax.com&async=1&first=1&count=35 200
2026-06-03 20:41:28,388 [INFO] DuckDuckGo returned 1 candidates for SKU MS20/NV
2026-06-03 20:41:28,514 [INFO] HTTP Request: GET https://www.mdpi.com/microorganisms/microorganisms-10-01854/article_deploy/html/images/microorganisms-10-01854-g001-550.jpg "HTTP/1.1 403 Forbidden"
2026-06-03 20:41:28,516 [ERROR] Image download failed for https://www.mdpi.com/microorganisms/microorganisms-10-01854/article_deploy/html/images/microorganisms-10-01854-g001-550.jpg: Client error '403 Forbidden' for url 'https://www.mdpi.com/microorganisms/microorganisms-10-01854/article_deploy/html/images/microorganisms-10-01854-g001-550.jpg'
For more information check: https://developer.mozilla.org/en-US/docs/Web/HTTP/Status/403
2026-06-03 20:41:28,516 [ERROR] Error processing candidate https://www.mdpi.com/microorganisms/microorganisms-10-01854/article_deploy/html/images/microorganisms-10-01854-g001-550.jpg for SKU MS20/NV: Failed to download image: https://www.mdpi.com/microorganisms/microorganisms-10-01854/article_deploy/html/images/microorganisms-10-01854-g001-550.jpg
2026-06-03 20:41:28,516 [WARNING] No image found for rep MS20/NV: Mindful Sparks Sparkling Dragon Pearl Jasmine Tea 375ml (Case of 12)
2026-06-03 20:41:28,516 [INFO] [49/65] Searching (rep) MS21/NV: Mindful Sparks Sparkling Dragon Pearl Jasmine Tea (Case of 6)
2026-06-03 20:41:28,795 [INFO] HTTP Request: GET https://serpapi.com/search?engine=google_images&q=Mindful+Mindful+Sparks+Sparkling+Dragon+Pearl+Jasmine+Tea+%28Case+of+6%29+wine+bottle+white+background+product+photo+-site%3Ainstagram.com+-site%3Afacebook.com+-site%3Apinterest.com+-site%3Atiktok.com+-site%3Atwitter.com+-site%3Ax.com&api_key=6507934244ec5d105def13275985cc32791c2c5e8841ae31dce98b8a2c762461&ijn=0&imgsz=l&imgtype=photo&imgar=t "HTTP/1.1 429 Too Many Requests"
2026-06-03 20:41:28,797 [ERROR] SerpApi HTTP error: Client error '429 Too Many Requests' for url 'https://serpapi.com/search?engine=google_images&q=Mindful+Mindful+Sparks+Sparkling+Dragon+Pearl+Jasmine+Tea+%28Case+of+6%29+wine+bottle+white+background+product+photo+-site%3Ainstagram.com+-site%3Afacebook.com+-site%3Apinterest.com+-site%3Atiktok.com+-site%3Atwitter.com+-site%3Ax.com&api_key=6507934244ec5d105def13275985cc32791c2c5e8841ae31dce98b8a2c762461&ijn=0&imgsz=l&imgtype=photo&imgar=t'
For more information check: https://developer.mozilla.org/en-US/docs/Web/HTTP/Status/429
2026-06-03 20:41:29,103 [INFO] HTTP Request: GET https://serpapi.com/search?engine=google_images&q=Mindful+Mindful+Sparks+Sparkling+Dragon+Pearl+Jasmine+Tea+%28Case+of+6%29+wine+bottle+white+background+product+photo+-site%3Ainstagram.com+-site%3Afacebook.com+-site%3Apinterest.com+-site%3Atiktok.com+-site%3Atwitter.com+-site%3Ax.com&api_key=6507934244ec5d105def13275985cc32791c2c5e8841ae31dce98b8a2c762461&ijn=1&imgsz=l&imgtype=photo&imgar=t "HTTP/1.1 429 Too Many Requests"
2026-06-03 20:41:29,104 [ERROR] SerpApi HTTP error: Client error '429 Too Many Requests' for url 'https://serpapi.com/search?engine=google_images&q=Mindful+Mindful+Sparks+Sparkling+Dragon+Pearl+Jasmine+Tea+%28Case+of+6%29+wine+bottle+white+background+product+photo+-site%3Ainstagram.com+-site%3Afacebook.com+-site%3Apinterest.com+-site%3Atiktok.com+-site%3Atwitter.com+-site%3Ax.com&api_key=6507934244ec5d105def13275985cc32791c2c5e8841ae31dce98b8a2c762461&ijn=1&imgsz=l&imgtype=photo&imgar=t'
For more information check: https://developer.mozilla.org/en-US/docs/Web/HTTP/Status/429
2026-06-03 20:41:29,141 [INFO] HTTP Request: GET https://www.googleapis.com/customsearch/v1?key=AIzaSyBZ5p08dd5cR_Q5bMHhaAFuH6kPUO9jxrY&cx=02211d6d3950b4d03&q=Mindful+Mindful+Sparks+Sparkling+Dragon+Pearl+Jasmine+Tea+%28Case+of+6%29+wine+bottle+white+background+product+photo+-site%3Ainstagram.com+-site%3Afacebook.com+-site%3Apinterest.com+-site%3Atiktok.com+-site%3Atwitter.com+-site%3Ax.com&searchType=image&num=1&imgSize=large&imgType=photo "HTTP/1.1 403 Forbidden"
2026-06-03 20:41:29,146 [WARNING] Custom Search JSON API returned 403: this GCP project likely has no JSON API entitlement (Google closed JSON API access for new projects; DDG/Bing fallback will be used). See https://developers.google.com/custom-search/v1/overview (Vertex AI Search or a third-party SERP API are alternatives).
2026-06-03 20:41:29,337 [INFO] response: https://duckduckgo.com/?q=Mindful+Mindful+Sparks+Sparkling+Dragon+Pearl+Jasmine+Tea+%28Case+of+6%29+wine+bottle+white+background+product+photo+-site%3Ainstagram.com+-site%3Afacebook.com+-site%3Apinterest.com+-site%3Atiktok.com+-site%3Atwitter.com+-site%3Ax.com 200
2026-06-03 20:41:29,392 [INFO] response: https://duckduckgo.com/i.js?o=json&q=Mindful+Mindful+Sparks+Sparkling+Dragon+Pearl+Jasmine+Tea+%28Case+of+6%29+wine+bottle+white+background+product+photo+-site%3Ainstagram.com+-site%3Afacebook.com+-site%3Apinterest.com+-site%3Atiktok.com+-site%3Atwitter.com+-site%3Ax.com&l=us-en&vqd=4-177581006901204046849672339213487252154&p=1&ct=AT 403
2026-06-03 20:41:29,614 [INFO] response: https://www.bing.com/images/async?q=Mindful+Mindful+Sparks+Sparkling+Dragon+Pearl+Jasmine+Tea+%28Case+of+6%29+wine+bottle+white+background+product+photo+-site%3Ainstagram.com+-site%3Afacebook.com+-site%3Apinterest.com+-site%3Atiktok.com+-site%3Atwitter.com+-site%3Ax.com&async=1&first=1&count=35 200
2026-06-03 20:41:29,616 [INFO] DuckDuckGo returned 1 candidates for SKU MS21/NV
2026-06-03 20:41:30,349 [INFO] HTTP Request: GET https://zem.vn/wp-content/uploads/2025/06/bang-gam-mau-go-oc-cho-dep.jpg "HTTP/1.1 200 OK"
2026-06-03 20:41:30,537 [INFO] AFC is enabled with max remote calls: 10.
2026-06-03 20:41:32,371 [ERROR] Error processing candidate https://zem.vn/wp-content/uploads/2025/06/bang-gam-mau-go-oc-cho-dep.jpg for SKU MS21/NV: Image does not contain a wine bottle with a label
2026-06-03 20:41:32,371 [WARNING] No image found for rep MS21/NV: Mindful Sparks Sparkling Dragon Pearl Jasmine Tea (Case of 6)
2026-06-03 20:41:32,373 [INFO] [50/65] Searching (rep) MS26/NV: Mindful Sparks Cranberry Rose Sparkling Tea (Case of 6)
2026-06-03 20:41:32,627 [INFO] HTTP Request: GET https://serpapi.com/search?engine=google_images&q=Mindful+Mindful+Sparks+Cranberry+Rose+Sparkling+Tea+%28Case+of+6%29+wine+bottle+white+background+product+photo+-site%3Ainstagram.com+-site%3Afacebook.com+-site%3Apinterest.com+-site%3Atiktok.com+-site%3Atwitter.com+-site%3Ax.com&api_key=6507934244ec5d105def13275985cc32791c2c5e8841ae31dce98b8a2c762461&ijn=0&imgsz=l&imgtype=photo&imgar=t "HTTP/1.1 429 Too Many Requests"
2026-06-03 20:41:32,629 [ERROR] SerpApi HTTP error: Client error '429 Too Many Requests' for url 'https://serpapi.com/search?engine=google_images&q=Mindful+Mindful+Sparks+Cranberry+Rose+Sparkling+Tea+%28Case+of+6%29+wine+bottle+white+background+product+photo+-site%3Ainstagram.com+-site%3Afacebook.com+-site%3Apinterest.com+-site%3Atiktok.com+-site%3Atwitter.com+-site%3Ax.com&api_key=6507934244ec5d105def13275985cc32791c2c5e8841ae31dce98b8a2c762461&ijn=0&imgsz=l&imgtype=photo&imgar=t'
For more information check: https://developer.mozilla.org/en-US/docs/Web/HTTP/Status/429
2026-06-03 20:41:32,882 [INFO] HTTP Request: GET https://serpapi.com/search?engine=google_images&q=Mindful+Mindful+Sparks+Cranberry+Rose+Sparkling+Tea+%28Case+of+6%29+wine+bottle+white+background+product+photo+-site%3Ainstagram.com+-site%3Afacebook.com+-site%3Apinterest.com+-site%3Atiktok.com+-site%3Atwitter.com+-site%3Ax.com&api_key=6507934244ec5d105def13275985cc32791c2c5e8841ae31dce98b8a2c762461&ijn=1&imgsz=l&imgtype=photo&imgar=t "HTTP/1.1 429 Too Many Requests"
2026-06-03 20:41:32,883 [ERROR] SerpApi HTTP error: Client error '429 Too Many Requests' for url 'https://serpapi.com/search?engine=google_images&q=Mindful+Mindful+Sparks+Cranberry+Rose+Sparkling+Tea+%28Case+of+6%29+wine+bottle+white+background+product+photo+-site%3Ainstagram.com+-site%3Afacebook.com+-site%3Apinterest.com+-site%3Atiktok.com+-site%3Atwitter.com+-site%3Ax.com&api_key=6507934244ec5d105def13275985cc32791c2c5e8841ae31dce98b8a2c762461&ijn=1&imgsz=l&imgtype=photo&imgar=t'
For more information check: https://developer.mozilla.org/en-US/docs/Web/HTTP/Status/429
2026-06-03 20:41:32,973 [INFO] HTTP Request: GET https://www.googleapis.com/customsearch/v1?key=AIzaSyBZ5p08dd5cR_Q5bMHhaAFuH6kPUO9jxrY&cx=02211d6d3950b4d03&q=Mindful+Mindful+Sparks+Cranberry+Rose+Sparkling+Tea+%28Case+of+6%29+wine+bottle+white+background+product+photo+-site%3Ainstagram.com+-site%3Afacebook.com+-site%3Apinterest.com+-site%3Atiktok.com+-site%3Atwitter.com+-site%3Ax.com&searchType=image&num=1&imgSize=large&imgType=photo "HTTP/1.1 403 Forbidden"
2026-06-03 20:41:32,975 [WARNING] Custom Search JSON API returned 403: this GCP project likely has no JSON API entitlement (Google closed JSON API access for new projects; DDG/Bing fallback will be used). See https://developers.google.com/custom-search/v1/overview (Vertex AI Search or a third-party SERP API are alternatives).
2026-06-03 20:41:33,197 [INFO] response: https://www.bing.com/images/async?q=Mindful+Mindful+Sparks+Cranberry+Rose+Sparkling+Tea+%28Case+of+6%29+wine+bottle+white+background+product+photo+-site%3Ainstagram.com+-site%3Afacebook.com+-site%3Apinterest.com+-site%3Atiktok.com+-site%3Atwitter.com+-site%3Ax.com&async=1&first=1&count=35 200
2026-06-03 20:41:33,199 [INFO] DuckDuckGo returned 1 candidates for SKU MS26/NV
2026-06-03 20:41:37,992 [INFO] HTTP Request: GET https://prod-funeral-faq.s3-ap-northeast-1.amazonaws.com/article/original/2061.jpg "HTTP/1.1 200 OK"
2026-06-03 20:41:38,972 [INFO] AFC is enabled with max remote calls: 10.
2026-06-03 20:41:41,971 [ERROR] Error processing candidate https://prod-funeral-faq.s3-ap-northeast-1.amazonaws.com/article/original/2061.jpg for SKU MS26/NV: Image does not contain a wine bottle with a label
2026-06-03 20:41:41,971 [WARNING] No image found for rep MS26/NV: Mindful Sparks Cranberry Rose Sparkling Tea (Case of 6)
2026-06-03 20:41:41,972 [INFO] [51/65] Searching (rep) PT03/2022: Planeta Santa Cecilia, Doc Noto
2026-06-03 20:41:42,243 [INFO] HTTP Request: GET https://serpapi.com/search?engine=google_images&q=Planeta+Planeta+Santa+Cecilia%2C+Doc+Noto+2022+wine+bottle+white+background+product+photo+-site%3Ainstagram.com+-site%3Afacebook.com+-site%3Apinterest.com+-site%3Atiktok.com+-site%3Atwitter.com+-site%3Ax.com&api_key=6507934244ec5d105def13275985cc32791c2c5e8841ae31dce98b8a2c762461&ijn=0&imgsz=l&imgtype=photo&imgar=t "HTTP/1.1 429 Too Many Requests"
2026-06-03 20:41:42,243 [ERROR] SerpApi HTTP error: Client error '429 Too Many Requests' for url 'https://serpapi.com/search?engine=google_images&q=Planeta+Planeta+Santa+Cecilia%2C+Doc+Noto+2022+wine+bottle+white+background+product+photo+-site%3Ainstagram.com+-site%3Afacebook.com+-site%3Apinterest.com+-site%3Atiktok.com+-site%3Atwitter.com+-site%3Ax.com&api_key=6507934244ec5d105def13275985cc32791c2c5e8841ae31dce98b8a2c762461&ijn=0&imgsz=l&imgtype=photo&imgar=t'
For more information check: https://developer.mozilla.org/en-US/docs/Web/HTTP/Status/429
2026-06-03 20:41:42,489 [INFO] HTTP Request: GET https://serpapi.com/search?engine=google_images&q=Planeta+Planeta+Santa+Cecilia%2C+Doc+Noto+2022+wine+bottle+white+background+product+photo+-site%3Ainstagram.com+-site%3Afacebook.com+-site%3Apinterest.com+-site%3Atiktok.com+-site%3Atwitter.com+-site%3Ax.com&api_key=6507934244ec5d105def13275985cc32791c2c5e8841ae31dce98b8a2c762461&ijn=1&imgsz=l&imgtype=photo&imgar=t "HTTP/1.1 429 Too Many Requests"
2026-06-03 20:41:42,491 [ERROR] SerpApi HTTP error: Client error '429 Too Many Requests' for url 'https://serpapi.com/search?engine=google_images&q=Planeta+Planeta+Santa+Cecilia%2C+Doc+Noto+2022+wine+bottle+white+background+product+photo+-site%3Ainstagram.com+-site%3Afacebook.com+-site%3Apinterest.com+-site%3Atiktok.com+-site%3Atwitter.com+-site%3Ax.com&api_key=6507934244ec5d105def13275985cc32791c2c5e8841ae31dce98b8a2c762461&ijn=1&imgsz=l&imgtype=photo&imgar=t'
For more information check: https://developer.mozilla.org/en-US/docs/Web/HTTP/Status/429
2026-06-03 20:41:42,552 [INFO] HTTP Request: GET https://www.googleapis.com/customsearch/v1?key=AIzaSyBZ5p08dd5cR_Q5bMHhaAFuH6kPUO9jxrY&cx=02211d6d3950b4d03&q=Planeta+Planeta+Santa+Cecilia%2C+Doc+Noto+2022+wine+bottle+white+background+product+photo+-site%3Ainstagram.com+-site%3Afacebook.com+-site%3Apinterest.com+-site%3Atiktok.com+-site%3Atwitter.com+-site%3Ax.com&searchType=image&num=1&imgSize=large&imgType=photo "HTTP/1.1 403 Forbidden"
2026-06-03 20:41:42,554 [WARNING] Custom Search JSON API returned 403: this GCP project likely has no JSON API entitlement (Google closed JSON API access for new projects; DDG/Bing fallback will be used). See https://developers.google.com/custom-search/v1/overview (Vertex AI Search or a third-party SERP API are alternatives).
2026-06-03 20:41:42,752 [INFO] response: https://www.bing.com/images/async?q=Planeta+Planeta+Santa+Cecilia%2C+Doc+Noto+2022+wine+bottle+white+background+product+photo+-site%3Ainstagram.com+-site%3Afacebook.com+-site%3Apinterest.com+-site%3Atiktok.com+-site%3Atwitter.com+-site%3Ax.com&async=1&first=1&count=35 200
2026-06-03 20:41:42,754 [INFO] DuckDuckGo returned 1 candidates for SKU PT03/2022
2026-06-03 20:41:42,874 [INFO] HTTP Request: GET https://i.pinimg.com/originals/71/fc/1a/71fc1a585c9c5822981216692fe801ff.jpg "HTTP/1.1 200 OK"
2026-06-03 20:41:42,965 [INFO] AFC is enabled with max remote calls: 10.
2026-06-03 20:41:45,590 [ERROR] Error processing candidate https://i.pinimg.com/originals/71/fc/1a/71fc1a585c9c5822981216692fe801ff.jpg for SKU PT03/2022: Image does not contain a wine bottle with a label
2026-06-03 20:41:45,591 [WARNING] No image found for rep PT03/2022: Planeta Santa Cecilia, Doc Noto
2026-06-03 20:41:45,591 [INFO] [52/65] Searching (rep) PT05/2023: Planeta Chardonnay I.G.T Sicilia
2026-06-03 20:41:45,846 [INFO] HTTP Request: GET https://serpapi.com/search?engine=google_images&q=Planeta+Planeta+Chardonnay+I.G.T+Sicilia+2023+wine+bottle+white+background+product+photo+-site%3Ainstagram.com+-site%3Afacebook.com+-site%3Apinterest.com+-site%3Atiktok.com+-site%3Atwitter.com+-site%3Ax.com&api_key=6507934244ec5d105def13275985cc32791c2c5e8841ae31dce98b8a2c762461&ijn=0&imgsz=l&imgtype=photo&imgar=t "HTTP/1.1 429 Too Many Requests"
2026-06-03 20:41:45,847 [ERROR] SerpApi HTTP error: Client error '429 Too Many Requests' for url 'https://serpapi.com/search?engine=google_images&q=Planeta+Planeta+Chardonnay+I.G.T+Sicilia+2023+wine+bottle+white+background+product+photo+-site%3Ainstagram.com+-site%3Afacebook.com+-site%3Apinterest.com+-site%3Atiktok.com+-site%3Atwitter.com+-site%3Ax.com&api_key=6507934244ec5d105def13275985cc32791c2c5e8841ae31dce98b8a2c762461&ijn=0&imgsz=l&imgtype=photo&imgar=t'
For more information check: https://developer.mozilla.org/en-US/docs/Web/HTTP/Status/429
2026-06-03 20:41:46,094 [INFO] HTTP Request: GET https://serpapi.com/search?engine=google_images&q=Planeta+Planeta+Chardonnay+I.G.T+Sicilia+2023+wine+bottle+white+background+product+photo+-site%3Ainstagram.com+-site%3Afacebook.com+-site%3Apinterest.com+-site%3Atiktok.com+-site%3Atwitter.com+-site%3Ax.com&api_key=6507934244ec5d105def13275985cc32791c2c5e8841ae31dce98b8a2c762461&ijn=1&imgsz=l&imgtype=photo&imgar=t "HTTP/1.1 429 Too Many Requests"
2026-06-03 20:41:46,095 [ERROR] SerpApi HTTP error: Client error '429 Too Many Requests' for url 'https://serpapi.com/search?engine=google_images&q=Planeta+Planeta+Chardonnay+I.G.T+Sicilia+2023+wine+bottle+white+background+product+photo+-site%3Ainstagram.com+-site%3Afacebook.com+-site%3Apinterest.com+-site%3Atiktok.com+-site%3Atwitter.com+-site%3Ax.com&api_key=6507934244ec5d105def13275985cc32791c2c5e8841ae31dce98b8a2c762461&ijn=1&imgsz=l&imgtype=photo&imgar=t'
For more information check: https://developer.mozilla.org/en-US/docs/Web/HTTP/Status/429
2026-06-03 20:41:46,131 [INFO] HTTP Request: GET https://www.googleapis.com/customsearch/v1?key=AIzaSyBZ5p08dd5cR_Q5bMHhaAFuH6kPUO9jxrY&cx=02211d6d3950b4d03&q=Planeta+Planeta+Chardonnay+I.G.T+Sicilia+2023+wine+bottle+white+background+product+photo+-site%3Ainstagram.com+-site%3Afacebook.com+-site%3Apinterest.com+-site%3Atiktok.com+-site%3Atwitter.com+-site%3Ax.com&searchType=image&num=1&imgSize=large&imgType=photo "HTTP/1.1 403 Forbidden"
2026-06-03 20:41:46,133 [WARNING] Custom Search JSON API returned 403: this GCP project likely has no JSON API entitlement (Google closed JSON API access for new projects; DDG/Bing fallback will be used). See https://developers.google.com/custom-search/v1/overview (Vertex AI Search or a third-party SERP API are alternatives).
2026-06-03 20:41:46,357 [INFO] response: https://www.bing.com/images/async?q=Planeta+Planeta+Chardonnay+I.G.T+Sicilia+2023+wine+bottle+white+background+product+photo+-site%3Ainstagram.com+-site%3Afacebook.com+-site%3Apinterest.com+-site%3Atiktok.com+-site%3Atwitter.com+-site%3Ax.com&async=1&first=1&count=35 200
2026-06-03 20:41:46,366 [INFO] DuckDuckGo returned 1 candidates for SKU PT05/2023
2026-06-03 20:41:46,552 [INFO] HTTP Request: GET https://thumbs.dreamstime.com/z/comparative-image-heaven-under-earth-hell-phang-nga-province-tourist-attraction-354604050.jpg "HTTP/1.1 200 OK"
2026-06-03 20:41:46,807 [INFO] AFC is enabled with max remote calls: 10.
2026-06-03 20:41:49,522 [ERROR] Error processing candidate https://thumbs.dreamstime.com/z/comparative-image-heaven-under-earth-hell-phang-nga-province-tourist-attraction-354604050.jpg for SKU PT05/2023: Image does not contain a wine bottle with a label
2026-06-03 20:41:49,523 [WARNING] No image found for rep PT05/2023: Planeta Chardonnay I.G.T Sicilia
2026-06-03 20:41:49,523 [INFO] [53/65] Searching (rep) PT24/2022: Planeta Eruzione 1614 Carricante DOC Sicilia
2026-06-03 20:41:49,788 [INFO] HTTP Request: GET https://serpapi.com/search?engine=google_images&q=Planeta+Planeta+Eruzione+1614+Carricante+DOC+Sicilia+2022+wine+bottle+white+background+product+photo+-site%3Ainstagram.com+-site%3Afacebook.com+-site%3Apinterest.com+-site%3Atiktok.com+-site%3Atwitter.com+-site%3Ax.com&api_key=6507934244ec5d105def13275985cc32791c2c5e8841ae31dce98b8a2c762461&ijn=0&imgsz=l&imgtype=photo&imgar=t "HTTP/1.1 429 Too Many Requests"
2026-06-03 20:41:49,790 [ERROR] SerpApi HTTP error: Client error '429 Too Many Requests' for url 'https://serpapi.com/search?engine=google_images&q=Planeta+Planeta+Eruzione+1614+Carricante+DOC+Sicilia+2022+wine+bottle+white+background+product+photo+-site%3Ainstagram.com+-site%3Afacebook.com+-site%3Apinterest.com+-site%3Atiktok.com+-site%3Atwitter.com+-site%3Ax.com&api_key=6507934244ec5d105def13275985cc32791c2c5e8841ae31dce98b8a2c762461&ijn=0&imgsz=l&imgtype=photo&imgar=t'
For more information check: https://developer.mozilla.org/en-US/docs/Web/HTTP/Status/429
2026-06-03 20:41:50,043 [INFO] HTTP Request: GET https://serpapi.com/search?engine=google_images&q=Planeta+Planeta+Eruzione+1614+Carricante+DOC+Sicilia+2022+wine+bottle+white+background+product+photo+-site%3Ainstagram.com+-site%3Afacebook.com+-site%3Apinterest.com+-site%3Atiktok.com+-site%3Atwitter.com+-site%3Ax.com&api_key=6507934244ec5d105def13275985cc32791c2c5e8841ae31dce98b8a2c762461&ijn=1&imgsz=l&imgtype=photo&imgar=t "HTTP/1.1 429 Too Many Requests"
2026-06-03 20:41:50,045 [ERROR] SerpApi HTTP error: Client error '429 Too Many Requests' for url 'https://serpapi.com/search?engine=google_images&q=Planeta+Planeta+Eruzione+1614+Carricante+DOC+Sicilia+2022+wine+bottle+white+background+product+photo+-site%3Ainstagram.com+-site%3Afacebook.com+-site%3Apinterest.com+-site%3Atiktok.com+-site%3Atwitter.com+-site%3Ax.com&api_key=6507934244ec5d105def13275985cc32791c2c5e8841ae31dce98b8a2c762461&ijn=1&imgsz=l&imgtype=photo&imgar=t'
For more information check: https://developer.mozilla.org/en-US/docs/Web/HTTP/Status/429
2026-06-03 20:41:50,078 [INFO] HTTP Request: GET https://www.googleapis.com/customsearch/v1?key=AIzaSyBZ5p08dd5cR_Q5bMHhaAFuH6kPUO9jxrY&cx=02211d6d3950b4d03&q=Planeta+Planeta+Eruzione+1614+Carricante+DOC+Sicilia+2022+wine+bottle+white+background+product+photo+-site%3Ainstagram.com+-site%3Afacebook.com+-site%3Apinterest.com+-site%3Atiktok.com+-site%3Atwitter.com+-site%3Ax.com&searchType=image&num=1&imgSize=large&imgType=photo "HTTP/1.1 403 Forbidden"
2026-06-03 20:41:50,090 [WARNING] Custom Search JSON API returned 403: this GCP project likely has no JSON API entitlement (Google closed JSON API access for new projects; DDG/Bing fallback will be used). See https://developers.google.com/custom-search/v1/overview (Vertex AI Search or a third-party SERP API are alternatives).
2026-06-03 20:41:50,293 [INFO] response: https://www.bing.com/images/async?q=Planeta+Planeta+Eruzione+1614+Carricante+DOC+Sicilia+2022+wine+bottle+white+background+product+photo+-site%3Ainstagram.com+-site%3Afacebook.com+-site%3Apinterest.com+-site%3Atiktok.com+-site%3Atwitter.com+-site%3Ax.com&async=1&first=1&count=35 200
2026-06-03 20:41:50,296 [INFO] DuckDuckGo returned 1 candidates for SKU PT24/2022
2026-06-03 20:41:50,695 [INFO] HTTP Request: GET https://www.dobot-robots.com/media/upload/2024/11/blog/Safety/list.png "HTTP/1.1 200 OK"
2026-06-03 20:41:50,797 [INFO] AFC is enabled with max remote calls: 10.
2026-06-03 20:41:52,963 [ERROR] Error processing candidate https://www.dobot-robots.com/media/upload/2024/11/blog/Safety/list.png for SKU PT24/2022: Image does not contain a wine bottle with a label
2026-06-03 20:41:52,964 [WARNING] No image found for rep PT24/2022: Planeta Eruzione 1614 Carricante DOC Sicilia
2026-06-03 20:41:52,964 [INFO] [54/65] Searching (rep) PT31/2022: Planeta Didacus Chardonnay
2026-06-03 20:41:53,269 [INFO] HTTP Request: GET https://serpapi.com/search?engine=google_images&q=Planeta+Planeta+Didacus+Chardonnay+2022+wine+bottle+white+background+product+photo+-site%3Ainstagram.com+-site%3Afacebook.com+-site%3Apinterest.com+-site%3Atiktok.com+-site%3Atwitter.com+-site%3Ax.com&api_key=6507934244ec5d105def13275985cc32791c2c5e8841ae31dce98b8a2c762461&ijn=0&imgsz=l&imgtype=photo&imgar=t "HTTP/1.1 429 Too Many Requests"
2026-06-03 20:41:53,270 [ERROR] SerpApi HTTP error: Client error '429 Too Many Requests' for url 'https://serpapi.com/search?engine=google_images&q=Planeta+Planeta+Didacus+Chardonnay+2022+wine+bottle+white+background+product+photo+-site%3Ainstagram.com+-site%3Afacebook.com+-site%3Apinterest.com+-site%3Atiktok.com+-site%3Atwitter.com+-site%3Ax.com&api_key=6507934244ec5d105def13275985cc32791c2c5e8841ae31dce98b8a2c762461&ijn=0&imgsz=l&imgtype=photo&imgar=t'
For more information check: https://developer.mozilla.org/en-US/docs/Web/HTTP/Status/429
2026-06-03 20:41:53,577 [INFO] HTTP Request: GET https://serpapi.com/search?engine=google_images&q=Planeta+Planeta+Didacus+Chardonnay+2022+wine+bottle+white+background+product+photo+-site%3Ainstagram.com+-site%3Afacebook.com+-site%3Apinterest.com+-site%3Atiktok.com+-site%3Atwitter.com+-site%3Ax.com&api_key=6507934244ec5d105def13275985cc32791c2c5e8841ae31dce98b8a2c762461&ijn=1&imgsz=l&imgtype=photo&imgar=t "HTTP/1.1 429 Too Many Requests"
2026-06-03 20:41:53,579 [ERROR] SerpApi HTTP error: Client error '429 Too Many Requests' for url 'https://serpapi.com/search?engine=google_images&q=Planeta+Planeta+Didacus+Chardonnay+2022+wine+bottle+white+background+product+photo+-site%3Ainstagram.com+-site%3Afacebook.com+-site%3Apinterest.com+-site%3Atiktok.com+-site%3Atwitter.com+-site%3Ax.com&api_key=6507934244ec5d105def13275985cc32791c2c5e8841ae31dce98b8a2c762461&ijn=1&imgsz=l&imgtype=photo&imgar=t'
For more information check: https://developer.mozilla.org/en-US/docs/Web/HTTP/Status/429
2026-06-03 20:41:53,609 [INFO] HTTP Request: GET https://www.googleapis.com/customsearch/v1?key=AIzaSyBZ5p08dd5cR_Q5bMHhaAFuH6kPUO9jxrY&cx=02211d6d3950b4d03&q=Planeta+Planeta+Didacus+Chardonnay+2022+wine+bottle+white+background+product+photo+-site%3Ainstagram.com+-site%3Afacebook.com+-site%3Apinterest.com+-site%3Atiktok.com+-site%3Atwitter.com+-site%3Ax.com&searchType=image&num=1&imgSize=large&imgType=photo "HTTP/1.1 403 Forbidden"
2026-06-03 20:41:53,612 [WARNING] Custom Search JSON API returned 403: this GCP project likely has no JSON API entitlement (Google closed JSON API access for new projects; DDG/Bing fallback will be used). See https://developers.google.com/custom-search/v1/overview (Vertex AI Search or a third-party SERP API are alternatives).
2026-06-03 20:41:53,779 [INFO] response: https://duckduckgo.com/?q=Planeta+Planeta+Didacus+Chardonnay+2022+wine+bottle+white+background+product+photo+-site%3Ainstagram.com+-site%3Afacebook.com+-site%3Apinterest.com+-site%3Atiktok.com+-site%3Atwitter.com+-site%3Ax.com 200
2026-06-03 20:41:53,833 [INFO] response: https://duckduckgo.com/i.js?o=json&q=Planeta+Planeta+Didacus+Chardonnay+2022+wine+bottle+white+background+product+photo+-site%3Ainstagram.com+-site%3Afacebook.com+-site%3Apinterest.com+-site%3Atiktok.com+-site%3Atwitter.com+-site%3Ax.com&l=us-en&vqd=4-313645418383510917194879300319375314204&p=1&ct=AT 403
2026-06-03 20:41:54,087 [INFO] response: https://www.bing.com/images/async?q=Planeta+Planeta+Didacus+Chardonnay+2022+wine+bottle+white+background+product+photo+-site%3Ainstagram.com+-site%3Afacebook.com+-site%3Apinterest.com+-site%3Atiktok.com+-site%3Atwitter.com+-site%3Ax.com&async=1&first=1&count=35 200
2026-06-03 20:41:54,090 [INFO] DuckDuckGo returned 1 candidates for SKU PT31/2022
2026-06-03 20:41:54,609 [INFO] HTTP Request: GET https://p.potaufeu.asahi.com/d6c9-p/picture/29152178/0f54c729e9214e37161949a4ab913945.png "HTTP/1.1 200 OK"
2026-06-03 20:41:54,799 [ERROR] Error processing candidate https://p.potaufeu.asahi.com/d6c9-p/picture/29152178/0f54c729e9214e37161949a4ab913945.png for SKU PT31/2022: Failed to download image: https://p.potaufeu.asahi.com/d6c9-p/picture/29152178/0f54c729e9214e37161949a4ab913945.png
2026-06-03 20:41:54,800 [WARNING] No image found for rep PT31/2022: Planeta Didacus Chardonnay
2026-06-03 20:41:54,800 [INFO] [55/65] Searching (rep) PT34/2016: Planeta Didacus Cabernet Franc Menfi DOC
2026-06-03 20:41:55,086 [INFO] HTTP Request: GET https://serpapi.com/search?engine=google_images&q=Planeta+Planeta+Didacus+Cabernet+Franc+Menfi+DOC+2016+wine+bottle+white+background+product+photo+-site%3Ainstagram.com+-site%3Afacebook.com+-site%3Apinterest.com+-site%3Atiktok.com+-site%3Atwitter.com+-site%3Ax.com&api_key=6507934244ec5d105def13275985cc32791c2c5e8841ae31dce98b8a2c762461&ijn=0&imgsz=l&imgtype=photo&imgar=t "HTTP/1.1 429 Too Many Requests"
2026-06-03 20:41:55,088 [ERROR] SerpApi HTTP error: Client error '429 Too Many Requests' for url 'https://serpapi.com/search?engine=google_images&q=Planeta+Planeta+Didacus+Cabernet+Franc+Menfi+DOC+2016+wine+bottle+white+background+product+photo+-site%3Ainstagram.com+-site%3Afacebook.com+-site%3Apinterest.com+-site%3Atiktok.com+-site%3Atwitter.com+-site%3Ax.com&api_key=6507934244ec5d105def13275985cc32791c2c5e8841ae31dce98b8a2c762461&ijn=0&imgsz=l&imgtype=photo&imgar=t'
For more information check: https://developer.mozilla.org/en-US/docs/Web/HTTP/Status/429
2026-06-03 20:41:55,347 [INFO] HTTP Request: GET https://serpapi.com/search?engine=google_images&q=Planeta+Planeta+Didacus+Cabernet+Franc+Menfi+DOC+2016+wine+bottle+white+background+product+photo+-site%3Ainstagram.com+-site%3Afacebook.com+-site%3Apinterest.com+-site%3Atiktok.com+-site%3Atwitter.com+-site%3Ax.com&api_key=6507934244ec5d105def13275985cc32791c2c5e8841ae31dce98b8a2c762461&ijn=1&imgsz=l&imgtype=photo&imgar=t "HTTP/1.1 429 Too Many Requests"
2026-06-03 20:41:55,349 [ERROR] SerpApi HTTP error: Client error '429 Too Many Requests' for url 'https://serpapi.com/search?engine=google_images&q=Planeta+Planeta+Didacus+Cabernet+Franc+Menfi+DOC+2016+wine+bottle+white+background+product+photo+-site%3Ainstagram.com+-site%3Afacebook.com+-site%3Apinterest.com+-site%3Atiktok.com+-site%3Atwitter.com+-site%3Ax.com&api_key=6507934244ec5d105def13275985cc32791c2c5e8841ae31dce98b8a2c762461&ijn=1&imgsz=l&imgtype=photo&imgar=t'
For more information check: https://developer.mozilla.org/en-US/docs/Web/HTTP/Status/429
2026-06-03 20:41:55,390 [INFO] HTTP Request: GET https://www.googleapis.com/customsearch/v1?key=AIzaSyBZ5p08dd5cR_Q5bMHhaAFuH6kPUO9jxrY&cx=02211d6d3950b4d03&q=Planeta+Planeta+Didacus+Cabernet+Franc+Menfi+DOC+2016+wine+bottle+white+background+product+photo+-site%3Ainstagram.com+-site%3Afacebook.com+-site%3Apinterest.com+-site%3Atiktok.com+-site%3Atwitter.com+-site%3Ax.com&searchType=image&num=1&imgSize=large&imgType=photo "HTTP/1.1 403 Forbidden"
2026-06-03 20:41:55,392 [WARNING] Custom Search JSON API returned 403: this GCP project likely has no JSON API entitlement (Google closed JSON API access for new projects; DDG/Bing fallback will be used). See https://developers.google.com/custom-search/v1/overview (Vertex AI Search or a third-party SERP API are alternatives).
2026-06-03 20:41:55,486 [INFO] response: https://duckduckgo.com/?q=Planeta+Planeta+Didacus+Cabernet+Franc+Menfi+DOC+2016+wine+bottle+white+background+product+photo+-site%3Ainstagram.com+-site%3Afacebook.com+-site%3Apinterest.com+-site%3Atiktok.com+-site%3Atwitter.com+-site%3Ax.com 200
2026-06-03 20:41:55,550 [INFO] response: https://duckduckgo.com/i.js?o=json&q=Planeta+Planeta+Didacus+Cabernet+Franc+Menfi+DOC+2016+wine+bottle+white+background+product+photo+-site%3Ainstagram.com+-site%3Afacebook.com+-site%3Apinterest.com+-site%3Atiktok.com+-site%3Atwitter.com+-site%3Ax.com&l=us-en&vqd=4-138161299704066947227172983605409554379&p=1&ct=AT 403
2026-06-03 20:41:55,752 [INFO] response: https://www.bing.com/images/async?q=Planeta+Planeta+Didacus+Cabernet+Franc+Menfi+DOC+2016+wine+bottle+white+background+product+photo+-site%3Ainstagram.com+-site%3Afacebook.com+-site%3Apinterest.com+-site%3Atiktok.com+-site%3Atwitter.com+-site%3Ax.com&async=1&first=1&count=35 200
2026-06-03 20:41:55,754 [INFO] DuckDuckGo returned 1 candidates for SKU PT34/2016
2026-06-03 20:41:56,502 [INFO] HTTP Request: GET https://the-kindest.com/media/wp-content/uploads/2021/08/7%E3%83%B6%E6%9C%88_%E9%9B%A2%E4%B9%B3%E9%A3%9F%E4%B8%AD%E6%9C%9F%E3%81%AE%E9%80%B2%E3%82%81%E6%96%B9_06-888x1024.jpg "HTTP/1.1 200 OK"
2026-06-03 20:41:56,981 [INFO] AFC is enabled with max remote calls: 10.
2026-06-03 20:42:00,030 [ERROR] Error processing candidate https://the-kindest.com/media/wp-content/uploads/2021/08/7ヶ月_離乳食中期の進め方_06-888x1024.jpg for SKU PT34/2016: Image does not contain a wine bottle with a label
2026-06-03 20:42:00,031 [WARNING] No image found for rep PT34/2016: Planeta Didacus Cabernet Franc Menfi DOC
2026-06-03 20:42:00,031 [INFO] [56/65] Searching (rep) SK04/2024: Skyline Chardonnay Reserve
2026-06-03 20:42:00,334 [INFO] HTTP Request: GET https://serpapi.com/search?engine=google_images&q=Skyline+Skyline+Chardonnay+Reserve+2024+wine+bottle+white+background+product+photo+-site%3Ainstagram.com+-site%3Afacebook.com+-site%3Apinterest.com+-site%3Atiktok.com+-site%3Atwitter.com+-site%3Ax.com&api_key=6507934244ec5d105def13275985cc32791c2c5e8841ae31dce98b8a2c762461&ijn=0&imgsz=l&imgtype=photo&imgar=t "HTTP/1.1 429 Too Many Requests"
2026-06-03 20:42:00,336 [ERROR] SerpApi HTTP error: Client error '429 Too Many Requests' for url 'https://serpapi.com/search?engine=google_images&q=Skyline+Skyline+Chardonnay+Reserve+2024+wine+bottle+white+background+product+photo+-site%3Ainstagram.com+-site%3Afacebook.com+-site%3Apinterest.com+-site%3Atiktok.com+-site%3Atwitter.com+-site%3Ax.com&api_key=6507934244ec5d105def13275985cc32791c2c5e8841ae31dce98b8a2c762461&ijn=0&imgsz=l&imgtype=photo&imgar=t'
For more information check: https://developer.mozilla.org/en-US/docs/Web/HTTP/Status/429
2026-06-03 20:42:00,643 [INFO] HTTP Request: GET https://serpapi.com/search?engine=google_images&q=Skyline+Skyline+Chardonnay+Reserve+2024+wine+bottle+white+background+product+photo+-site%3Ainstagram.com+-site%3Afacebook.com+-site%3Apinterest.com+-site%3Atiktok.com+-site%3Atwitter.com+-site%3Ax.com&api_key=6507934244ec5d105def13275985cc32791c2c5e8841ae31dce98b8a2c762461&ijn=1&imgsz=l&imgtype=photo&imgar=t "HTTP/1.1 429 Too Many Requests"
2026-06-03 20:42:00,645 [ERROR] SerpApi HTTP error: Client error '429 Too Many Requests' for url 'https://serpapi.com/search?engine=google_images&q=Skyline+Skyline+Chardonnay+Reserve+2024+wine+bottle+white+background+product+photo+-site%3Ainstagram.com+-site%3Afacebook.com+-site%3Apinterest.com+-site%3Atiktok.com+-site%3Atwitter.com+-site%3Ax.com&api_key=6507934244ec5d105def13275985cc32791c2c5e8841ae31dce98b8a2c762461&ijn=1&imgsz=l&imgtype=photo&imgar=t'
For more information check: https://developer.mozilla.org/en-US/docs/Web/HTTP/Status/429
2026-06-03 20:42:00,795 [INFO] HTTP Request: GET https://www.googleapis.com/customsearch/v1?key=AIzaSyBZ5p08dd5cR_Q5bMHhaAFuH6kPUO9jxrY&cx=02211d6d3950b4d03&q=Skyline+Skyline+Chardonnay+Reserve+2024+wine+bottle+white+background+product+photo+-site%3Ainstagram.com+-site%3Afacebook.com+-site%3Apinterest.com+-site%3Atiktok.com+-site%3Atwitter.com+-site%3Ax.com&searchType=image&num=1&imgSize=large&imgType=photo "HTTP/1.1 403 Forbidden"
2026-06-03 20:42:00,797 [WARNING] Custom Search JSON API returned 403: this GCP project likely has no JSON API entitlement (Google closed JSON API access for new projects; DDG/Bing fallback will be used). See https://developers.google.com/custom-search/v1/overview (Vertex AI Search or a third-party SERP API are alternatives).
2026-06-03 20:42:00,885 [INFO] response: https://duckduckgo.com/?q=Skyline+Skyline+Chardonnay+Reserve+2024+wine+bottle+white+background+product+photo+-site%3Ainstagram.com+-site%3Afacebook.com+-site%3Apinterest.com+-site%3Atiktok.com+-site%3Atwitter.com+-site%3Ax.com 200
2026-06-03 20:42:00,937 [INFO] response: https://duckduckgo.com/i.js?o=json&q=Skyline+Skyline+Chardonnay+Reserve+2024+wine+bottle+white+background+product+photo+-site%3Ainstagram.com+-site%3Afacebook.com+-site%3Apinterest.com+-site%3Atiktok.com+-site%3Atwitter.com+-site%3Ax.com&l=us-en&vqd=4-194309209079784114779835570469365323882&p=1&ct=AT 403
2026-06-03 20:42:01,128 [INFO] response: https://www.bing.com/images/async?q=Skyline+Skyline+Chardonnay+Reserve+2024+wine+bottle+white+background+product+photo+-site%3Ainstagram.com+-site%3Afacebook.com+-site%3Apinterest.com+-site%3Atiktok.com+-site%3Atwitter.com+-site%3Ax.com&async=1&first=1&count=35 200
2026-06-03 20:42:01,130 [INFO] DuckDuckGo returned 1 candidates for SKU SK04/2024
2026-06-03 20:42:01,637 [INFO] HTTP Request: GET https://images-wixmp-ed30a86b8c4ca887773594c2.wixmp.com/f/ec545603-cf4e-48e0-936d-5376ea12fdc0/dh7sad5-801970f3-3ba9-40ad-b52d-79f596872cd3.png/v1/fill/w_800,h_577/burger_king_double_whopper_png_2024_by_wcwjunkbox_dh7sad5-fullview.png?token=eyJ0eXAiOiJKV1QiLCJhbGciOiJIUzI1NiJ9.eyJzdWIiOiJ1cm46YXBwOjdlMGQxODg5ODIyNjQzNzNhNWYwZDQxNWVhMGQyNmUwIiwiaXNzIjoidXJuOmFwcDo3ZTBkMTg4OTgyMjY0MzczYTVmMGQ0MTVlYTBkMjZlMCIsIm9iaiI6W1t7ImhlaWdodCI6Ijw9NTc3IiwicGF0aCI6IlwvZlwvZWM1NDU2MDMtY2Y0ZS00OGUwLTkzNmQtNTM3NmVhMTJmZGMwXC9kaDdzYWQ1LTgwMTk3MGYzLTNiYTktNDBhZC1iNTJkLTc5ZjU5Njg3MmNkMy5wbmciLCJ3aWR0aCI6Ijw9ODAwIn1dXSwiYXVkIjpbInVybjpzZXJ2aWNlOmltYWdlLm9wZXJhdGlvbnMiXX0.b4z2YiKtK5GUC6J_4gTuvVIA6094It0r5bDx2d5jPqY "HTTP/1.1 200 OK"
2026-06-03 20:42:02,450 [INFO] AFC is enabled with max remote calls: 10.
2026-06-03 20:42:05,260 [ERROR] Error processing candidate https://images-wixmp-ed30a86b8c4ca887773594c2.wixmp.com/f/ec545603-cf4e-48e0-936d-5376ea12fdc0/dh7sad5-801970f3-3ba9-40ad-b52d-79f596872cd3.png/v1/fill/w_800,h_577/burger_king_double_whopper_png_2024_by_wcwjunkbox_dh7sad5-fullview.png?token=eyJ0eXAiOiJKV1QiLCJhbGciOiJIUzI1NiJ9.eyJzdWIiOiJ1cm46YXBwOjdlMGQxODg5ODIyNjQzNzNhNWYwZDQxNWVhMGQyNmUwIiwiaXNzIjoidXJuOmFwcDo3ZTBkMTg4OTgyMjY0MzczYTVmMGQ0MTVlYTBkMjZlMCIsIm9iaiI6W1t7ImhlaWdodCI6Ijw9NTc3IiwicGF0aCI6IlwvZlwvZWM1NDU2MDMtY2Y0ZS00OGUwLTkzNmQtNTM3NmVhMTJmZGMwXC9kaDdzYWQ1LTgwMTk3MGYzLTNiYTktNDBhZC1iNTJkLTc5ZjU5Njg3MmNkMy5wbmciLCJ3aWR0aCI6Ijw9ODAwIn1dXSwiYXVkIjpbInVybjpzZXJ2aWNlOmltYWdlLm9wZXJhdGlvbnMiXX0.b4z2YiKtK5GUC6J_4gTuvVIA6094It0r5bDx2d5jPqY for SKU SK04/2024: Image does not contain a wine bottle with a label
2026-06-03 20:42:05,261 [WARNING] No image found for rep SK04/2024: Skyline Chardonnay Reserve
2026-06-03 20:42:05,261 [INFO] [57/65] Searching (rep) SK05/2019: Skyline Marselan Selection
2026-06-03 20:42:05,521 [INFO] HTTP Request: GET https://serpapi.com/search?engine=google_images&q=Skyline+Skyline+Marselan+Selection+2019+wine+bottle+white+background+product+photo+-site%3Ainstagram.com+-site%3Afacebook.com+-site%3Apinterest.com+-site%3Atiktok.com+-site%3Atwitter.com+-site%3Ax.com&api_key=6507934244ec5d105def13275985cc32791c2c5e8841ae31dce98b8a2c762461&ijn=0&imgsz=l&imgtype=photo&imgar=t "HTTP/1.1 429 Too Many Requests"
2026-06-03 20:42:05,523 [ERROR] SerpApi HTTP error: Client error '429 Too Many Requests' for url 'https://serpapi.com/search?engine=google_images&q=Skyline+Skyline+Marselan+Selection+2019+wine+bottle+white+background+product+photo+-site%3Ainstagram.com+-site%3Afacebook.com+-site%3Apinterest.com+-site%3Atiktok.com+-site%3Atwitter.com+-site%3Ax.com&api_key=6507934244ec5d105def13275985cc32791c2c5e8841ae31dce98b8a2c762461&ijn=0&imgsz=l&imgtype=photo&imgar=t'
For more information check: https://developer.mozilla.org/en-US/docs/Web/HTTP/Status/429
2026-06-03 20:42:05,765 [INFO] HTTP Request: GET https://serpapi.com/search?engine=google_images&q=Skyline+Skyline+Marselan+Selection+2019+wine+bottle+white+background+product+photo+-site%3Ainstagram.com+-site%3Afacebook.com+-site%3Apinterest.com+-site%3Atiktok.com+-site%3Atwitter.com+-site%3Ax.com&api_key=6507934244ec5d105def13275985cc32791c2c5e8841ae31dce98b8a2c762461&ijn=1&imgsz=l&imgtype=photo&imgar=t "HTTP/1.1 429 Too Many Requests"
2026-06-03 20:42:05,767 [ERROR] SerpApi HTTP error: Client error '429 Too Many Requests' for url 'https://serpapi.com/search?engine=google_images&q=Skyline+Skyline+Marselan+Selection+2019+wine+bottle+white+background+product+photo+-site%3Ainstagram.com+-site%3Afacebook.com+-site%3Apinterest.com+-site%3Atiktok.com+-site%3Atwitter.com+-site%3Ax.com&api_key=6507934244ec5d105def13275985cc32791c2c5e8841ae31dce98b8a2c762461&ijn=1&imgsz=l&imgtype=photo&imgar=t'
For more information check: https://developer.mozilla.org/en-US/docs/Web/HTTP/Status/429
2026-06-03 20:42:05,806 [INFO] HTTP Request: GET https://www.googleapis.com/customsearch/v1?key=AIzaSyBZ5p08dd5cR_Q5bMHhaAFuH6kPUO9jxrY&cx=02211d6d3950b4d03&q=Skyline+Skyline+Marselan+Selection+2019+wine+bottle+white+background+product+photo+-site%3Ainstagram.com+-site%3Afacebook.com+-site%3Apinterest.com+-site%3Atiktok.com+-site%3Atwitter.com+-site%3Ax.com&searchType=image&num=1&imgSize=large&imgType=photo "HTTP/1.1 403 Forbidden"
2026-06-03 20:42:05,808 [WARNING] Custom Search JSON API returned 403: this GCP project likely has no JSON API entitlement (Google closed JSON API access for new projects; DDG/Bing fallback will be used). See https://developers.google.com/custom-search/v1/overview (Vertex AI Search or a third-party SERP API are alternatives).
2026-06-03 20:42:05,959 [INFO] response: https://duckduckgo.com/?q=Skyline+Skyline+Marselan+Selection+2019+wine+bottle+white+background+product+photo+-site%3Ainstagram.com+-site%3Afacebook.com+-site%3Apinterest.com+-site%3Atiktok.com+-site%3Atwitter.com+-site%3Ax.com 200
2026-06-03 20:42:06,032 [INFO] response: https://duckduckgo.com/i.js?o=json&q=Skyline+Skyline+Marselan+Selection+2019+wine+bottle+white+background+product+photo+-site%3Ainstagram.com+-site%3Afacebook.com+-site%3Apinterest.com+-site%3Atiktok.com+-site%3Atwitter.com+-site%3Ax.com&l=us-en&vqd=4-298632759675509644590365729549490912553&p=1&ct=AT 403
2026-06-03 20:42:06,285 [INFO] response: https://www.bing.com/images/async?q=Skyline+Skyline+Marselan+Selection+2019+wine+bottle+white+background+product+photo+-site%3Ainstagram.com+-site%3Afacebook.com+-site%3Apinterest.com+-site%3Atiktok.com+-site%3Atwitter.com+-site%3Ax.com&async=1&first=1&count=35 200
2026-06-03 20:42:06,287 [INFO] DuckDuckGo returned 1 candidates for SKU SK05/2019
2026-06-03 20:42:06,485 [INFO] HTTP Request: GET https://img.freepik.com/premium-photo/growing-microgreens-greenhouse_1284294-906.jpg "HTTP/1.1 301 Moved Permanently"
2026-06-03 20:42:07,403 [INFO] HTTP Request: GET https://img.magnific.com/premium-photo/growing-microgreens-greenhouse_1284294-906.jpg "HTTP/1.1 200 OK"
2026-06-03 20:42:07,732 [INFO] AFC is enabled with max remote calls: 10.
2026-06-03 20:42:09,935 [ERROR] Error processing candidate https://img.freepik.com/premium-photo/growing-microgreens-greenhouse_1284294-906.jpg for SKU SK05/2019: Image does not contain a wine bottle with a label
2026-06-03 20:42:09,935 [WARNING] No image found for rep SK05/2019: Skyline Marselan Selection
2026-06-03 20:42:09,935 [INFO] [58/65] Searching (rep) SK11/2019: Skyline of Gobi Grand Reserve Marselan, Xinjiang
2026-06-03 20:42:10,180 [INFO] HTTP Request: GET https://serpapi.com/search?engine=google_images&q=Skyline+Skyline+of+Gobi+Grand+Reserve+Marselan%2C+Xinjiang+2019+wine+bottle+white+background+product+photo+-site%3Ainstagram.com+-site%3Afacebook.com+-site%3Apinterest.com+-site%3Atiktok.com+-site%3Atwitter.com+-site%3Ax.com&api_key=6507934244ec5d105def13275985cc32791c2c5e8841ae31dce98b8a2c762461&ijn=0&imgsz=l&imgtype=photo&imgar=t "HTTP/1.1 429 Too Many Requests"
2026-06-03 20:42:10,182 [ERROR] SerpApi HTTP error: Client error '429 Too Many Requests' for url 'https://serpapi.com/search?engine=google_images&q=Skyline+Skyline+of+Gobi+Grand+Reserve+Marselan%2C+Xinjiang+2019+wine+bottle+white+background+product+photo+-site%3Ainstagram.com+-site%3Afacebook.com+-site%3Apinterest.com+-site%3Atiktok.com+-site%3Atwitter.com+-site%3Ax.com&api_key=6507934244ec5d105def13275985cc32791c2c5e8841ae31dce98b8a2c762461&ijn=0&imgsz=l&imgtype=photo&imgar=t'
For more information check: https://developer.mozilla.org/en-US/docs/Web/HTTP/Status/429
2026-06-03 20:42:10,430 [INFO] HTTP Request: GET https://serpapi.com/search?engine=google_images&q=Skyline+Skyline+of+Gobi+Grand+Reserve+Marselan%2C+Xinjiang+2019+wine+bottle+white+background+product+photo+-site%3Ainstagram.com+-site%3Afacebook.com+-site%3Apinterest.com+-site%3Atiktok.com+-site%3Atwitter.com+-site%3Ax.com&api_key=6507934244ec5d105def13275985cc32791c2c5e8841ae31dce98b8a2c762461&ijn=1&imgsz=l&imgtype=photo&imgar=t "HTTP/1.1 429 Too Many Requests"
2026-06-03 20:42:10,432 [ERROR] SerpApi HTTP error: Client error '429 Too Many Requests' for url 'https://serpapi.com/search?engine=google_images&q=Skyline+Skyline+of+Gobi+Grand+Reserve+Marselan%2C+Xinjiang+2019+wine+bottle+white+background+product+photo+-site%3Ainstagram.com+-site%3Afacebook.com+-site%3Apinterest.com+-site%3Atiktok.com+-site%3Atwitter.com+-site%3Ax.com&api_key=6507934244ec5d105def13275985cc32791c2c5e8841ae31dce98b8a2c762461&ijn=1&imgsz=l&imgtype=photo&imgar=t'
For more information check: https://developer.mozilla.org/en-US/docs/Web/HTTP/Status/429
2026-06-03 20:42:10,468 [INFO] HTTP Request: GET https://www.googleapis.com/customsearch/v1?key=AIzaSyBZ5p08dd5cR_Q5bMHhaAFuH6kPUO9jxrY&cx=02211d6d3950b4d03&q=Skyline+Skyline+of+Gobi+Grand+Reserve+Marselan%2C+Xinjiang+2019+wine+bottle+white+background+product+photo+-site%3Ainstagram.com+-site%3Afacebook.com+-site%3Apinterest.com+-site%3Atiktok.com+-site%3Atwitter.com+-site%3Ax.com&searchType=image&num=1&imgSize=large&imgType=photo "HTTP/1.1 403 Forbidden"
2026-06-03 20:42:10,470 [WARNING] Custom Search JSON API returned 403: this GCP project likely has no JSON API entitlement (Google closed JSON API access for new projects; DDG/Bing fallback will be used). See https://developers.google.com/custom-search/v1/overview (Vertex AI Search or a third-party SERP API are alternatives).
2026-06-03 20:42:10,618 [INFO] response: https://www.bing.com/images/async?q=Skyline+Skyline+of+Gobi+Grand+Reserve+Marselan%2C+Xinjiang+2019+wine+bottle+white+background+product+photo+-site%3Ainstagram.com+-site%3Afacebook.com+-site%3Apinterest.com+-site%3Atiktok.com+-site%3Atwitter.com+-site%3Ax.com&async=1&first=1&count=35 200
2026-06-03 20:42:10,620 [INFO] DuckDuckGo returned 1 candidates for SKU SK11/2019
2026-06-03 20:42:10,858 [INFO] HTTP Request: GET https://www.filmibeat.com/img/2023/04/legendsaravanan-1682388818.jpg "HTTP/1.1 200 OK"
2026-06-03 20:42:10,926 [INFO] AFC is enabled with max remote calls: 10.
2026-06-03 20:42:13,700 [ERROR] Error processing candidate https://www.filmibeat.com/img/2023/04/legendsaravanan-1682388818.jpg for SKU SK11/2019: Image does not contain a wine bottle with a label
2026-06-03 20:42:13,701 [WARNING] No image found for rep SK11/2019: Skyline of Gobi Grand Reserve Marselan, Xinjiang
2026-06-03 20:42:13,701 [INFO] [59/65] Searching (rep) SK16/2024: Tiansai Vineyards T20 Chardonnay Dry White Wine
2026-06-03 20:42:13,954 [INFO] HTTP Request: GET https://serpapi.com/search?engine=google_images&q=Tiansai+Vineyards+Tiansai+Vineyards+T20+Chardonnay+Dry+White+Wine+2023+wine+bottle+white+background+product+photo+-site%3Ainstagram.com+-site%3Afacebook.com+-site%3Apinterest.com+-site%3Atiktok.com+-site%3Atwitter.com+-site%3Ax.com&api_key=6507934244ec5d105def13275985cc32791c2c5e8841ae31dce98b8a2c762461&ijn=0&imgsz=l&imgtype=photo&imgar=t "HTTP/1.1 429 Too Many Requests"
2026-06-03 20:42:13,956 [ERROR] SerpApi HTTP error: Client error '429 Too Many Requests' for url 'https://serpapi.com/search?engine=google_images&q=Tiansai+Vineyards+Tiansai+Vineyards+T20+Chardonnay+Dry+White+Wine+2023+wine+bottle+white+background+product+photo+-site%3Ainstagram.com+-site%3Afacebook.com+-site%3Apinterest.com+-site%3Atiktok.com+-site%3Atwitter.com+-site%3Ax.com&api_key=6507934244ec5d105def13275985cc32791c2c5e8841ae31dce98b8a2c762461&ijn=0&imgsz=l&imgtype=photo&imgar=t'
For more information check: https://developer.mozilla.org/en-US/docs/Web/HTTP/Status/429
2026-06-03 20:42:14,262 [INFO] HTTP Request: GET https://serpapi.com/search?engine=google_images&q=Tiansai+Vineyards+Tiansai+Vineyards+T20+Chardonnay+Dry+White+Wine+2023+wine+bottle+white+background+product+photo+-site%3Ainstagram.com+-site%3Afacebook.com+-site%3Apinterest.com+-site%3Atiktok.com+-site%3Atwitter.com+-site%3Ax.com&api_key=6507934244ec5d105def13275985cc32791c2c5e8841ae31dce98b8a2c762461&ijn=1&imgsz=l&imgtype=photo&imgar=t "HTTP/1.1 429 Too Many Requests"
2026-06-03 20:42:14,263 [ERROR] SerpApi HTTP error: Client error '429 Too Many Requests' for url 'https://serpapi.com/search?engine=google_images&q=Tiansai+Vineyards+Tiansai+Vineyards+T20+Chardonnay+Dry+White+Wine+2023+wine+bottle+white+background+product+photo+-site%3Ainstagram.com+-site%3Afacebook.com+-site%3Apinterest.com+-site%3Atiktok.com+-site%3Atwitter.com+-site%3Ax.com&api_key=6507934244ec5d105def13275985cc32791c2c5e8841ae31dce98b8a2c762461&ijn=1&imgsz=l&imgtype=photo&imgar=t'
For more information check: https://developer.mozilla.org/en-US/docs/Web/HTTP/Status/429
2026-06-03 20:42:14,296 [INFO] HTTP Request: GET https://www.googleapis.com/customsearch/v1?key=AIzaSyBZ5p08dd5cR_Q5bMHhaAFuH6kPUO9jxrY&cx=02211d6d3950b4d03&q=Tiansai+Vineyards+Tiansai+Vineyards+T20+Chardonnay+Dry+White+Wine+2023+wine+bottle+white+background+product+photo+-site%3Ainstagram.com+-site%3Afacebook.com+-site%3Apinterest.com+-site%3Atiktok.com+-site%3Atwitter.com+-site%3Ax.com&searchType=image&num=1&imgSize=large&imgType=photo "HTTP/1.1 403 Forbidden"
2026-06-03 20:42:14,298 [WARNING] Custom Search JSON API returned 403: this GCP project likely has no JSON API entitlement (Google closed JSON API access for new projects; DDG/Bing fallback will be used). See https://developers.google.com/custom-search/v1/overview (Vertex AI Search or a third-party SERP API are alternatives).
2026-06-03 20:42:14,393 [INFO] response: https://duckduckgo.com/?q=Tiansai+Vineyards+Tiansai+Vineyards+T20+Chardonnay+Dry+White+Wine+2023+wine+bottle+white+background+product+photo+-site%3Ainstagram.com+-site%3Afacebook.com+-site%3Apinterest.com+-site%3Atiktok.com+-site%3Atwitter.com+-site%3Ax.com 200
2026-06-03 20:42:14,446 [INFO] response: https://duckduckgo.com/i.js?o=json&q=Tiansai+Vineyards+Tiansai+Vineyards+T20+Chardonnay+Dry+White+Wine+2023+wine+bottle+white+background+product+photo+-site%3Ainstagram.com+-site%3Afacebook.com+-site%3Apinterest.com+-site%3Atiktok.com+-site%3Atwitter.com+-site%3Ax.com&l=us-en&vqd=4-201182066899147341745615127239065201234&p=1&ct=AT 403
2026-06-03 20:42:14,596 [INFO] response: https://www.bing.com/images/async?q=Tiansai+Vineyards+Tiansai+Vineyards+T20+Chardonnay+Dry+White+Wine+2023+wine+bottle+white+background+product+photo+-site%3Ainstagram.com+-site%3Afacebook.com+-site%3Apinterest.com+-site%3Atiktok.com+-site%3Atwitter.com+-site%3Ax.com&async=1&first=1&count=35 200
2026-06-03 20:42:14,598 [INFO] DuckDuckGo returned 1 candidates for SKU SK16/2024
2026-06-03 20:42:14,746 [INFO] HTTP Request: GET https://www.treehugger.com/thmb/z9p5PhyAungvHN7wegCtu0C1TJo=/2309x1299/filters:fill(auto,1)/landscape-scenery-in-the-fish-tank-1172944939-15e8aea0279044589fcc5f8154b44d4e.jpg "HTTP/1.1 200 OK"
2026-06-03 20:42:14,969 [INFO] AFC is enabled with max remote calls: 10.
2026-06-03 20:42:17,668 [ERROR] Error processing candidate https://www.treehugger.com/thmb/z9p5PhyAungvHN7wegCtu0C1TJo=/2309x1299/filters:fill(auto,1)/landscape-scenery-in-the-fish-tank-1172944939-15e8aea0279044589fcc5f8154b44d4e.jpg for SKU SK16/2024: Image does not contain a wine bottle with a label
2026-06-03 20:42:17,669 [WARNING] No image found for rep SK16/2024: Tiansai Vineyards T20 Chardonnay Dry White Wine
2026-06-03 20:42:17,669 [INFO] [60/65] Searching (rep) SK17/2019: Tiansai Vineyards T20 Syrah Marselan
2026-06-03 20:42:17,978 [INFO] HTTP Request: GET https://serpapi.com/search?engine=google_images&q=Tiansai+Vineyards+Tiansai+Vineyards+T20+Syrah+Marselan+2019+wine+bottle+white+background+product+photo+-site%3Ainstagram.com+-site%3Afacebook.com+-site%3Apinterest.com+-site%3Atiktok.com+-site%3Atwitter.com+-site%3Ax.com&api_key=6507934244ec5d105def13275985cc32791c2c5e8841ae31dce98b8a2c762461&ijn=0&imgsz=l&imgtype=photo&imgar=t "HTTP/1.1 429 Too Many Requests"
2026-06-03 20:42:17,980 [ERROR] SerpApi HTTP error: Client error '429 Too Many Requests' for url 'https://serpapi.com/search?engine=google_images&q=Tiansai+Vineyards+Tiansai+Vineyards+T20+Syrah+Marselan+2019+wine+bottle+white+background+product+photo+-site%3Ainstagram.com+-site%3Afacebook.com+-site%3Apinterest.com+-site%3Atiktok.com+-site%3Atwitter.com+-site%3Ax.com&api_key=6507934244ec5d105def13275985cc32791c2c5e8841ae31dce98b8a2c762461&ijn=0&imgsz=l&imgtype=photo&imgar=t'
For more information check: https://developer.mozilla.org/en-US/docs/Web/HTTP/Status/429
2026-06-03 20:42:18,223 [INFO] HTTP Request: GET https://serpapi.com/search?engine=google_images&q=Tiansai+Vineyards+Tiansai+Vineyards+T20+Syrah+Marselan+2019+wine+bottle+white+background+product+photo+-site%3Ainstagram.com+-site%3Afacebook.com+-site%3Apinterest.com+-site%3Atiktok.com+-site%3Atwitter.com+-site%3Ax.com&api_key=6507934244ec5d105def13275985cc32791c2c5e8841ae31dce98b8a2c762461&ijn=1&imgsz=l&imgtype=photo&imgar=t "HTTP/1.1 429 Too Many Requests"
2026-06-03 20:42:18,225 [ERROR] SerpApi HTTP error: Client error '429 Too Many Requests' for url 'https://serpapi.com/search?engine=google_images&q=Tiansai+Vineyards+Tiansai+Vineyards+T20+Syrah+Marselan+2019+wine+bottle+white+background+product+photo+-site%3Ainstagram.com+-site%3Afacebook.com+-site%3Apinterest.com+-site%3Atiktok.com+-site%3Atwitter.com+-site%3Ax.com&api_key=6507934244ec5d105def13275985cc32791c2c5e8841ae31dce98b8a2c762461&ijn=1&imgsz=l&imgtype=photo&imgar=t'
For more information check: https://developer.mozilla.org/en-US/docs/Web/HTTP/Status/429
2026-06-03 20:42:18,256 [INFO] HTTP Request: GET https://www.googleapis.com/customsearch/v1?key=AIzaSyBZ5p08dd5cR_Q5bMHhaAFuH6kPUO9jxrY&cx=02211d6d3950b4d03&q=Tiansai+Vineyards+Tiansai+Vineyards+T20+Syrah+Marselan+2019+wine+bottle+white+background+product+photo+-site%3Ainstagram.com+-site%3Afacebook.com+-site%3Apinterest.com+-site%3Atiktok.com+-site%3Atwitter.com+-site%3Ax.com&searchType=image&num=1&imgSize=large&imgType=photo "HTTP/1.1 403 Forbidden"
2026-06-03 20:42:18,260 [WARNING] Custom Search JSON API returned 403: this GCP project likely has no JSON API entitlement (Google closed JSON API access for new projects; DDG/Bing fallback will be used). See https://developers.google.com/custom-search/v1/overview (Vertex AI Search or a third-party SERP API are alternatives).
2026-06-03 20:42:18,368 [INFO] response: https://duckduckgo.com/?q=Tiansai+Vineyards+Tiansai+Vineyards+T20+Syrah+Marselan+2019+wine+bottle+white+background+product+photo+-site%3Ainstagram.com+-site%3Afacebook.com+-site%3Apinterest.com+-site%3Atiktok.com+-site%3Atwitter.com+-site%3Ax.com 200
2026-06-03 20:42:18,421 [INFO] response: https://duckduckgo.com/i.js?o=json&q=Tiansai+Vineyards+Tiansai+Vineyards+T20+Syrah+Marselan+2019+wine+bottle+white+background+product+photo+-site%3Ainstagram.com+-site%3Afacebook.com+-site%3Apinterest.com+-site%3Atiktok.com+-site%3Atwitter.com+-site%3Ax.com&l=us-en&vqd=4-246332966583456877340315909258299184419&p=1&ct=AT 403
2026-06-03 20:42:18,664 [INFO] response: https://www.bing.com/images/async?q=Tiansai+Vineyards+Tiansai+Vineyards+T20+Syrah+Marselan+2019+wine+bottle+white+background+product+photo+-site%3Ainstagram.com+-site%3Afacebook.com+-site%3Apinterest.com+-site%3Atiktok.com+-site%3Atwitter.com+-site%3Ax.com&async=1&first=1&count=35 200
2026-06-03 20:42:18,668 [INFO] DuckDuckGo returned 1 candidates for SKU SK17/2019
2026-06-03 20:42:19,178 [INFO] HTTP Request: GET https://i.pinimg.com/736x/fd/b9/4e/fdb94e3e73c1cee9f60893f0b00eb7f4.jpg "HTTP/1.1 200 OK"
2026-06-03 20:42:19,210 [INFO] AFC is enabled with max remote calls: 10.
2026-06-03 20:42:21,533 [ERROR] Error processing candidate https://i.pinimg.com/736x/fd/b9/4e/fdb94e3e73c1cee9f60893f0b00eb7f4.jpg for SKU SK17/2019: Image does not contain a wine bottle with a label
2026-06-03 20:42:21,534 [WARNING] No image found for rep SK17/2019: Tiansai Vineyards T20 Syrah Marselan
2026-06-03 20:42:21,534 [INFO] [61/65] Searching (rep) SK18/2020: Tiansai Vineyards T50 Syrah
2026-06-03 20:42:21,839 [INFO] HTTP Request: GET https://serpapi.com/search?engine=google_images&q=Tiansai+Vineyards+Tiansai+Vineyards+T50+Syrah+2020+wine+bottle+white+background+product+photo+-site%3Ainstagram.com+-site%3Afacebook.com+-site%3Apinterest.com+-site%3Atiktok.com+-site%3Atwitter.com+-site%3Ax.com&api_key=6507934244ec5d105def13275985cc32791c2c5e8841ae31dce98b8a2c762461&ijn=0&imgsz=l&imgtype=photo&imgar=t "HTTP/1.1 429 Too Many Requests"
2026-06-03 20:42:21,841 [ERROR] SerpApi HTTP error: Client error '429 Too Many Requests' for url 'https://serpapi.com/search?engine=google_images&q=Tiansai+Vineyards+Tiansai+Vineyards+T50+Syrah+2020+wine+bottle+white+background+product+photo+-site%3Ainstagram.com+-site%3Afacebook.com+-site%3Apinterest.com+-site%3Atiktok.com+-site%3Atwitter.com+-site%3Ax.com&api_key=6507934244ec5d105def13275985cc32791c2c5e8841ae31dce98b8a2c762461&ijn=0&imgsz=l&imgtype=photo&imgar=t'
For more information check: https://developer.mozilla.org/en-US/docs/Web/HTTP/Status/429
2026-06-03 20:42:22,149 [INFO] HTTP Request: GET https://serpapi.com/search?engine=google_images&q=Tiansai+Vineyards+Tiansai+Vineyards+T50+Syrah+2020+wine+bottle+white+background+product+photo+-site%3Ainstagram.com+-site%3Afacebook.com+-site%3Apinterest.com+-site%3Atiktok.com+-site%3Atwitter.com+-site%3Ax.com&api_key=6507934244ec5d105def13275985cc32791c2c5e8841ae31dce98b8a2c762461&ijn=1&imgsz=l&imgtype=photo&imgar=t "HTTP/1.1 429 Too Many Requests"
2026-06-03 20:42:22,152 [ERROR] SerpApi HTTP error: Client error '429 Too Many Requests' for url 'https://serpapi.com/search?engine=google_images&q=Tiansai+Vineyards+Tiansai+Vineyards+T50+Syrah+2020+wine+bottle+white+background+product+photo+-site%3Ainstagram.com+-site%3Afacebook.com+-site%3Apinterest.com+-site%3Atiktok.com+-site%3Atwitter.com+-site%3Ax.com&api_key=6507934244ec5d105def13275985cc32791c2c5e8841ae31dce98b8a2c762461&ijn=1&imgsz=l&imgtype=photo&imgar=t'
For more information check: https://developer.mozilla.org/en-US/docs/Web/HTTP/Status/429
2026-06-03 20:42:22,195 [INFO] HTTP Request: GET https://www.googleapis.com/customsearch/v1?key=AIzaSyBZ5p08dd5cR_Q5bMHhaAFuH6kPUO9jxrY&cx=02211d6d3950b4d03&q=Tiansai+Vineyards+Tiansai+Vineyards+T50+Syrah+2020+wine+bottle+white+background+product+photo+-site%3Ainstagram.com+-site%3Afacebook.com+-site%3Apinterest.com+-site%3Atiktok.com+-site%3Atwitter.com+-site%3Ax.com&searchType=image&num=1&imgSize=large&imgType=photo "HTTP/1.1 403 Forbidden"
2026-06-03 20:42:22,199 [WARNING] Custom Search JSON API returned 403: this GCP project likely has no JSON API entitlement (Google closed JSON API access for new projects; DDG/Bing fallback will be used). See https://developers.google.com/custom-search/v1/overview (Vertex AI Search or a third-party SERP API are alternatives).
2026-06-03 20:42:22,453 [INFO] response: https://www.bing.com/images/async?q=Tiansai+Vineyards+Tiansai+Vineyards+T50+Syrah+2020+wine+bottle+white+background+product+photo+-site%3Ainstagram.com+-site%3Afacebook.com+-site%3Apinterest.com+-site%3Atiktok.com+-site%3Atwitter.com+-site%3Ax.com&async=1&first=1&count=35 200
2026-06-03 20:42:22,455 [INFO] DuckDuckGo returned 1 candidates for SKU SK18/2020
2026-06-03 20:42:23,472 [INFO] HTTP Request: GET https://yamagatakanko.com/lsc/upfile/spot/0000/9462/9462_1_l.jpg "HTTP/1.1 200 OK"
2026-06-03 20:42:24,360 [INFO] AFC is enabled with max remote calls: 10.
2026-06-03 20:42:27,362 [ERROR] Error processing candidate https://yamagatakanko.com/lsc/upfile/spot/0000/9462/9462_1_l.jpg for SKU SK18/2020: Image does not contain a wine bottle with a label
2026-06-03 20:42:27,363 [WARNING] No image found for rep SK18/2020: Tiansai Vineyards T50 Syrah
2026-06-03 20:42:27,363 [INFO] [62/65] Searching (rep) SK19/2021: Tiansai Vineyards T95 Marselan
2026-06-03 20:42:27,676 [INFO] HTTP Request: GET https://serpapi.com/search?engine=google_images&q=Tiansai+Vineyards+Tiansai+Vineyards+T95+Marselan+2021+wine+bottle+white+background+product+photo+-site%3Ainstagram.com+-site%3Afacebook.com+-site%3Apinterest.com+-site%3Atiktok.com+-site%3Atwitter.com+-site%3Ax.com&api_key=6507934244ec5d105def13275985cc32791c2c5e8841ae31dce98b8a2c762461&ijn=0&imgsz=l&imgtype=photo&imgar=t "HTTP/1.1 429 Too Many Requests"
2026-06-03 20:42:27,678 [ERROR] SerpApi HTTP error: Client error '429 Too Many Requests' for url 'https://serpapi.com/search?engine=google_images&q=Tiansai+Vineyards+Tiansai+Vineyards+T95+Marselan+2021+wine+bottle+white+background+product+photo+-site%3Ainstagram.com+-site%3Afacebook.com+-site%3Apinterest.com+-site%3Atiktok.com+-site%3Atwitter.com+-site%3Ax.com&api_key=6507934244ec5d105def13275985cc32791c2c5e8841ae31dce98b8a2c762461&ijn=0&imgsz=l&imgtype=photo&imgar=t'
For more information check: https://developer.mozilla.org/en-US/docs/Web/HTTP/Status/429
2026-06-03 20:42:27,919 [INFO] HTTP Request: GET https://serpapi.com/search?engine=google_images&q=Tiansai+Vineyards+Tiansai+Vineyards+T95+Marselan+2021+wine+bottle+white+background+product+photo+-site%3Ainstagram.com+-site%3Afacebook.com+-site%3Apinterest.com+-site%3Atiktok.com+-site%3Atwitter.com+-site%3Ax.com&api_key=6507934244ec5d105def13275985cc32791c2c5e8841ae31dce98b8a2c762461&ijn=1&imgsz=l&imgtype=photo&imgar=t "HTTP/1.1 429 Too Many Requests"
2026-06-03 20:42:27,921 [ERROR] SerpApi HTTP error: Client error '429 Too Many Requests' for url 'https://serpapi.com/search?engine=google_images&q=Tiansai+Vineyards+Tiansai+Vineyards+T95+Marselan+2021+wine+bottle+white+background+product+photo+-site%3Ainstagram.com+-site%3Afacebook.com+-site%3Apinterest.com+-site%3Atiktok.com+-site%3Atwitter.com+-site%3Ax.com&api_key=6507934244ec5d105def13275985cc32791c2c5e8841ae31dce98b8a2c762461&ijn=1&imgsz=l&imgtype=photo&imgar=t'
For more information check: https://developer.mozilla.org/en-US/docs/Web/HTTP/Status/429
2026-06-03 20:42:27,991 [INFO] HTTP Request: GET https://www.googleapis.com/customsearch/v1?key=AIzaSyBZ5p08dd5cR_Q5bMHhaAFuH6kPUO9jxrY&cx=02211d6d3950b4d03&q=Tiansai+Vineyards+Tiansai+Vineyards+T95+Marselan+2021+wine+bottle+white+background+product+photo+-site%3Ainstagram.com+-site%3Afacebook.com+-site%3Apinterest.com+-site%3Atiktok.com+-site%3Atwitter.com+-site%3Ax.com&searchType=image&num=1&imgSize=large&imgType=photo "HTTP/1.1 403 Forbidden"
2026-06-03 20:42:27,993 [WARNING] Custom Search JSON API returned 403: this GCP project likely has no JSON API entitlement (Google closed JSON API access for new projects; DDG/Bing fallback will be used). See https://developers.google.com/custom-search/v1/overview (Vertex AI Search or a third-party SERP API are alternatives).
2026-06-03 20:42:28,311 [INFO] response: https://www.bing.com/images/async?q=Tiansai+Vineyards+Tiansai+Vineyards+T95+Marselan+2021+wine+bottle+white+background+product+photo+-site%3Ainstagram.com+-site%3Afacebook.com+-site%3Apinterest.com+-site%3Atiktok.com+-site%3Atwitter.com+-site%3Ax.com&async=1&first=1&count=35 200
2026-06-03 20:42:28,315 [INFO] DuckDuckGo returned 1 candidates for SKU SK19/2021
2026-06-03 20:42:28,516 [INFO] HTTP Request: GET https://thumbs.dreamstime.com/z/sarajevo-city-capital-bosnia-herzegovina-aerial-view-latin-bridge-miljacka-river-national-library-modern-86290630.jpg "HTTP/1.1 200 OK"
2026-06-03 20:42:28,995 [INFO] AFC is enabled with max remote calls: 10.
2026-06-03 20:42:31,162 [ERROR] Error processing candidate https://thumbs.dreamstime.com/z/sarajevo-city-capital-bosnia-herzegovina-aerial-view-latin-bridge-miljacka-river-national-library-modern-86290630.jpg for SKU SK19/2021: Image does not contain a wine bottle with a label
2026-06-03 20:42:31,162 [WARNING] No image found for rep SK19/2021: Tiansai Vineyards T95 Marselan
2026-06-03 20:42:31,163 [INFO] [63/65] Searching (rep) SK21/2017: Skyline Sparking Wine
2026-06-03 20:42:31,465 [INFO] HTTP Request: GET https://serpapi.com/search?engine=google_images&q=Skyline+Skyline+Sparking+Wine+2017+wine+bottle+white+background+product+photo+-site%3Ainstagram.com+-site%3Afacebook.com+-site%3Apinterest.com+-site%3Atiktok.com+-site%3Atwitter.com+-site%3Ax.com&api_key=6507934244ec5d105def13275985cc32791c2c5e8841ae31dce98b8a2c762461&ijn=0&imgsz=l&imgtype=photo&imgar=t "HTTP/1.1 429 Too Many Requests"
2026-06-03 20:42:31,467 [ERROR] SerpApi HTTP error: Client error '429 Too Many Requests' for url 'https://serpapi.com/search?engine=google_images&q=Skyline+Skyline+Sparking+Wine+2017+wine+bottle+white+background+product+photo+-site%3Ainstagram.com+-site%3Afacebook.com+-site%3Apinterest.com+-site%3Atiktok.com+-site%3Atwitter.com+-site%3Ax.com&api_key=6507934244ec5d105def13275985cc32791c2c5e8841ae31dce98b8a2c762461&ijn=0&imgsz=l&imgtype=photo&imgar=t'
For more information check: https://developer.mozilla.org/en-US/docs/Web/HTTP/Status/429
2026-06-03 20:42:31,724 [INFO] HTTP Request: GET https://serpapi.com/search?engine=google_images&q=Skyline+Skyline+Sparking+Wine+2017+wine+bottle+white+background+product+photo+-site%3Ainstagram.com+-site%3Afacebook.com+-site%3Apinterest.com+-site%3Atiktok.com+-site%3Atwitter.com+-site%3Ax.com&api_key=6507934244ec5d105def13275985cc32791c2c5e8841ae31dce98b8a2c762461&ijn=1&imgsz=l&imgtype=photo&imgar=t "HTTP/1.1 429 Too Many Requests"
2026-06-03 20:42:31,726 [ERROR] SerpApi HTTP error: Client error '429 Too Many Requests' for url 'https://serpapi.com/search?engine=google_images&q=Skyline+Skyline+Sparking+Wine+2017+wine+bottle+white+background+product+photo+-site%3Ainstagram.com+-site%3Afacebook.com+-site%3Apinterest.com+-site%3Atiktok.com+-site%3Atwitter.com+-site%3Ax.com&api_key=6507934244ec5d105def13275985cc32791c2c5e8841ae31dce98b8a2c762461&ijn=1&imgsz=l&imgtype=photo&imgar=t'
For more information check: https://developer.mozilla.org/en-US/docs/Web/HTTP/Status/429
2026-06-03 20:42:31,756 [INFO] HTTP Request: GET https://www.googleapis.com/customsearch/v1?key=AIzaSyBZ5p08dd5cR_Q5bMHhaAFuH6kPUO9jxrY&cx=02211d6d3950b4d03&q=Skyline+Skyline+Sparking+Wine+2017+wine+bottle+white+background+product+photo+-site%3Ainstagram.com+-site%3Afacebook.com+-site%3Apinterest.com+-site%3Atiktok.com+-site%3Atwitter.com+-site%3Ax.com&searchType=image&num=1&imgSize=large&imgType=photo "HTTP/1.1 403 Forbidden"
2026-06-03 20:42:31,759 [WARNING] Custom Search JSON API returned 403: this GCP project likely has no JSON API entitlement (Google closed JSON API access for new projects; DDG/Bing fallback will be used). See https://developers.google.com/custom-search/v1/overview (Vertex AI Search or a third-party SERP API are alternatives).
2026-06-03 20:42:31,963 [INFO] response: https://www.bing.com/images/async?q=Skyline+Skyline+Sparking+Wine+2017+wine+bottle+white+background+product+photo+-site%3Ainstagram.com+-site%3Afacebook.com+-site%3Apinterest.com+-site%3Atiktok.com+-site%3Atwitter.com+-site%3Ax.com&async=1&first=1&count=35 200
2026-06-03 20:42:31,966 [INFO] DuckDuckGo returned 1 candidates for SKU SK21/2017
2026-06-03 20:42:32,291 [INFO] HTTP Request: GET https://wallpapers.com/images/hd/plain-matte-black-desktop-sjc7aghu6oln4diq.jpg "HTTP/1.1 200 OK"
2026-06-03 20:42:32,636 [INFO] AFC is enabled with max remote calls: 10.
2026-06-03 20:42:36,176 [ERROR] Error processing candidate https://wallpapers.com/images/hd/plain-matte-black-desktop-sjc7aghu6oln4diq.jpg for SKU SK21/2017: Image does not contain a wine bottle with a label
2026-06-03 20:42:36,177 [WARNING] No image found for rep SK21/2017: Skyline Sparking Wine
2026-06-03 20:42:36,177 [INFO] [64/65] Searching (rep) VF01/2021: Vilafonte Series C
2026-06-03 20:42:36,483 [INFO] HTTP Request: GET https://serpapi.com/search?engine=google_images&q=Vilafonte+Vilafonte+Series+C+2021+wine+bottle+white+background+product+photo+-site%3Ainstagram.com+-site%3Afacebook.com+-site%3Apinterest.com+-site%3Atiktok.com+-site%3Atwitter.com+-site%3Ax.com&api_key=6507934244ec5d105def13275985cc32791c2c5e8841ae31dce98b8a2c762461&ijn=0&imgsz=l&imgtype=photo&imgar=t "HTTP/1.1 429 Too Many Requests"
2026-06-03 20:42:36,484 [ERROR] SerpApi HTTP error: Client error '429 Too Many Requests' for url 'https://serpapi.com/search?engine=google_images&q=Vilafonte+Vilafonte+Series+C+2021+wine+bottle+white+background+product+photo+-site%3Ainstagram.com+-site%3Afacebook.com+-site%3Apinterest.com+-site%3Atiktok.com+-site%3Atwitter.com+-site%3Ax.com&api_key=6507934244ec5d105def13275985cc32791c2c5e8841ae31dce98b8a2c762461&ijn=0&imgsz=l&imgtype=photo&imgar=t'
For more information check: https://developer.mozilla.org/en-US/docs/Web/HTTP/Status/429
2026-06-03 20:42:36,756 [INFO] HTTP Request: GET https://serpapi.com/search?engine=google_images&q=Vilafonte+Vilafonte+Series+C+2021+wine+bottle+white+background+product+photo+-site%3Ainstagram.com+-site%3Afacebook.com+-site%3Apinterest.com+-site%3Atiktok.com+-site%3Atwitter.com+-site%3Ax.com&api_key=6507934244ec5d105def13275985cc32791c2c5e8841ae31dce98b8a2c762461&ijn=1&imgsz=l&imgtype=photo&imgar=t "HTTP/1.1 429 Too Many Requests"
2026-06-03 20:42:36,758 [ERROR] SerpApi HTTP error: Client error '429 Too Many Requests' for url 'https://serpapi.com/search?engine=google_images&q=Vilafonte+Vilafonte+Series+C+2021+wine+bottle+white+background+product+photo+-site%3Ainstagram.com+-site%3Afacebook.com+-site%3Apinterest.com+-site%3Atiktok.com+-site%3Atwitter.com+-site%3Ax.com&api_key=6507934244ec5d105def13275985cc32791c2c5e8841ae31dce98b8a2c762461&ijn=1&imgsz=l&imgtype=photo&imgar=t'
For more information check: https://developer.mozilla.org/en-US/docs/Web/HTTP/Status/429
2026-06-03 20:42:36,828 [INFO] HTTP Request: GET https://www.googleapis.com/customsearch/v1?key=AIzaSyBZ5p08dd5cR_Q5bMHhaAFuH6kPUO9jxrY&cx=02211d6d3950b4d03&q=Vilafonte+Vilafonte+Series+C+2021+wine+bottle+white+background+product+photo+-site%3Ainstagram.com+-site%3Afacebook.com+-site%3Apinterest.com+-site%3Atiktok.com+-site%3Atwitter.com+-site%3Ax.com&searchType=image&num=1&imgSize=large&imgType=photo "HTTP/1.1 403 Forbidden"
2026-06-03 20:42:36,830 [WARNING] Custom Search JSON API returned 403: this GCP project likely has no JSON API entitlement (Google closed JSON API access for new projects; DDG/Bing fallback will be used). See https://developers.google.com/custom-search/v1/overview (Vertex AI Search or a third-party SERP API are alternatives).
2026-06-03 20:42:36,919 [INFO] response: https://duckduckgo.com/?q=Vilafonte+Vilafonte+Series+C+2021+wine+bottle+white+background+product+photo+-site%3Ainstagram.com+-site%3Afacebook.com+-site%3Apinterest.com+-site%3Atiktok.com+-site%3Atwitter.com+-site%3Ax.com 200
2026-06-03 20:42:36,975 [INFO] response: https://duckduckgo.com/i.js?o=json&q=Vilafonte+Vilafonte+Series+C+2021+wine+bottle+white+background+product+photo+-site%3Ainstagram.com+-site%3Afacebook.com+-site%3Apinterest.com+-site%3Atiktok.com+-site%3Atwitter.com+-site%3Ax.com&l=us-en&vqd=4-73622389195255803411442573310085940771&p=1&ct=AT 403
2026-06-03 20:42:37,179 [INFO] response: https://www.bing.com/images/async?q=Vilafonte+Vilafonte+Series+C+2021+wine+bottle+white+background+product+photo+-site%3Ainstagram.com+-site%3Afacebook.com+-site%3Apinterest.com+-site%3Atiktok.com+-site%3Atwitter.com+-site%3Ax.com&async=1&first=1&count=35 200
2026-06-03 20:42:37,191 [INFO] DuckDuckGo returned 1 candidates for SKU VF01/2021
2026-06-03 20:42:37,535 [INFO] HTTP Request: GET https://photohito.k-img.com/uploads/photo83/user82931/3/5/35c47dd68b01409da190d763d0170af2/35c47dd68b01409da190d763d0170af2_l.jpg "HTTP/1.1 200 OK"
2026-06-03 20:42:37,864 [INFO] AFC is enabled with max remote calls: 10.
2026-06-03 20:42:39,441 [ERROR] Error processing candidate https://photohito.k-img.com/uploads/photo83/user82931/3/5/35c47dd68b01409da190d763d0170af2/35c47dd68b01409da190d763d0170af2_l.jpg for SKU VF01/2021: Image does not contain a wine bottle with a label
2026-06-03 20:42:39,441 [WARNING] No image found for rep VF01/2021: Vilafonte Series C
2026-06-03 20:42:39,441 [INFO] [65/65] Searching (rep) VF02/2021: Vilafonte Series M
2026-06-03 20:42:39,690 [INFO] HTTP Request: GET https://serpapi.com/search?engine=google_images&q=Vilafonte+Vilafonte+Series+M+2021+wine+bottle+white+background+product+photo+-site%3Ainstagram.com+-site%3Afacebook.com+-site%3Apinterest.com+-site%3Atiktok.com+-site%3Atwitter.com+-site%3Ax.com&api_key=6507934244ec5d105def13275985cc32791c2c5e8841ae31dce98b8a2c762461&ijn=0&imgsz=l&imgtype=photo&imgar=t "HTTP/1.1 429 Too Many Requests"
2026-06-03 20:42:39,691 [ERROR] SerpApi HTTP error: Client error '429 Too Many Requests' for url 'https://serpapi.com/search?engine=google_images&q=Vilafonte+Vilafonte+Series+M+2021+wine+bottle+white+background+product+photo+-site%3Ainstagram.com+-site%3Afacebook.com+-site%3Apinterest.com+-site%3Atiktok.com+-site%3Atwitter.com+-site%3Ax.com&api_key=6507934244ec5d105def13275985cc32791c2c5e8841ae31dce98b8a2c762461&ijn=0&imgsz=l&imgtype=photo&imgar=t'
For more information check: https://developer.mozilla.org/en-US/docs/Web/HTTP/Status/429
2026-06-03 20:42:40,026 [INFO] HTTP Request: GET https://serpapi.com/search?engine=google_images&q=Vilafonte+Vilafonte+Series+M+2021+wine+bottle+white+background+product+photo+-site%3Ainstagram.com+-site%3Afacebook.com+-site%3Apinterest.com+-site%3Atiktok.com+-site%3Atwitter.com+-site%3Ax.com&api_key=6507934244ec5d105def13275985cc32791c2c5e8841ae31dce98b8a2c762461&ijn=1&imgsz=l&imgtype=photo&imgar=t "HTTP/1.1 429 Too Many Requests"
2026-06-03 20:42:40,032 [ERROR] SerpApi HTTP error: Client error '429 Too Many Requests' for url 'https://serpapi.com/search?engine=google_images&q=Vilafonte+Vilafonte+Series+M+2021+wine+bottle+white+background+product+photo+-site%3Ainstagram.com+-site%3Afacebook.com+-site%3Apinterest.com+-site%3Atiktok.com+-site%3Atwitter.com+-site%3Ax.com&api_key=6507934244ec5d105def13275985cc32791c2c5e8841ae31dce98b8a2c762461&ijn=1&imgsz=l&imgtype=photo&imgar=t'
For more information check: https://developer.mozilla.org/en-US/docs/Web/HTTP/Status/429
2026-06-03 20:42:40,078 [INFO] HTTP Request: GET https://www.googleapis.com/customsearch/v1?key=AIzaSyBZ5p08dd5cR_Q5bMHhaAFuH6kPUO9jxrY&cx=02211d6d3950b4d03&q=Vilafonte+Vilafonte+Series+M+2021+wine+bottle+white+background+product+photo+-site%3Ainstagram.com+-site%3Afacebook.com+-site%3Apinterest.com+-site%3Atiktok.com+-site%3Atwitter.com+-site%3Ax.com&searchType=image&num=1&imgSize=large&imgType=photo "HTTP/1.1 403 Forbidden"
2026-06-03 20:42:40,081 [WARNING] Custom Search JSON API returned 403: this GCP project likely has no JSON API entitlement (Google closed JSON API access for new projects; DDG/Bing fallback will be used). See https://developers.google.com/custom-search/v1/overview (Vertex AI Search or a third-party SERP API are alternatives).
2026-06-03 20:42:40,181 [INFO] response: https://duckduckgo.com/?q=Vilafonte+Vilafonte+Series+M+2021+wine+bottle+white+background+product+photo+-site%3Ainstagram.com+-site%3Afacebook.com+-site%3Apinterest.com+-site%3Atiktok.com+-site%3Atwitter.com+-site%3Ax.com 200
2026-06-03 20:42:40,244 [INFO] response: https://duckduckgo.com/i.js?o=json&q=Vilafonte+Vilafonte+Series+M+2021+wine+bottle+white+background+product+photo+-site%3Ainstagram.com+-site%3Afacebook.com+-site%3Apinterest.com+-site%3Atiktok.com+-site%3Atwitter.com+-site%3Ax.com&l=us-en&vqd=4-190183858283260482659858251214019940235&p=1&ct=AT 403
2026-06-03 20:42:40,508 [INFO] response: https://www.bing.com/images/async?q=Vilafonte+Vilafonte+Series+M+2021+wine+bottle+white+background+product+photo+-site%3Ainstagram.com+-site%3Afacebook.com+-site%3Apinterest.com+-site%3Atiktok.com+-site%3Atwitter.com+-site%3Ax.com&async=1&first=1&count=35 200
2026-06-03 20:42:40,511 [INFO] DuckDuckGo returned 1 candidates for SKU VF02/2021
2026-06-03 20:43:00,590 [ERROR] Image download failed for https://dfpd.gov.in/WriteReadData/Media_Image/Image_42a62a7a-2ce6-4232-907d-c4f5bb875e79_pib-15+jan-2.jpg: 
2026-06-03 20:43:00,592 [ERROR] Error processing candidate https://dfpd.gov.in/WriteReadData/Media_Image/Image_42a62a7a-2ce6-4232-907d-c4f5bb875e79_pib-15+jan-2.jpg for SKU VF02/2021: Failed to download image: https://dfpd.gov.in/WriteReadData/Media_Image/Image_42a62a7a-2ce6-4232-907d-c4f5bb875e79_pib-15+jan-2.jpg
2026-06-03 20:43:00,594 [WARNING] No image found for rep VF02/2021: Vilafonte Series M
2026-06-03 20:43:00,594 [INFO] [TIMING] Process 87 wines through pipeline: 852.33s
2026-06-03 20:43:00,594 [INFO] Copying images with SKU Code filenames...
2026-06-03 20:43:00,602 [INFO] [TIMING] Rename 37 images: 0.01s
2026-06-03 20:43:00,602 [INFO] Creating ZIP file: vinobuzz_images_use_this.zip
2026-06-03 20:43:00,671 [INFO] [TIMING] Create ZIP file with 37 images: 0.07s
2026-06-03 20:43:00,671 [INFO] [TIMING] TOTAL PROCESSING TIME: 852.88s
2026-06-03 20:43:00,671 [INFO] ==================================================
2026-06-03 20:43:00,671 [INFO] SUMMARY
2026-06-03 20:43:00,671 [INFO] ==================================================
2026-06-03 20:43:00,671 [INFO] Total wines: 87
2026-06-03 20:43:00,671 [INFO] Images found: 23
2026-06-03 20:43:00,671 [INFO] Images not found: 42
2026-06-03 20:43:00,671 [INFO] Total time: 852.88s (14.21 minutes)
2026-06-03 20:43:00,671 [INFO] Average time per wine: 9.80s
2026-06-03 20:43:00,671 [INFO] ZIP file created: vinobuzz_images_use_this.zip
2026-06-03 20:43:00,671 [INFO] Wines with images: ['BH08/2021', 'BH11/2021', 'BH12/2021', 'BH14/2021', 'BH17/2021', 'BH21/2021', 'BM14/2008', 'CY06/2021', 'CY19/2016', 'DA04/2004', 'DA05/2016', 'DR01/NV', 'DR02/NV', 'DR07/NV', 'DR09/NV', 'DR16/NV', 'DR17/NV', 'JB09/2022', 'JB10/1982', 'JB10/2006', 'JB18/2022', 'JD02/2022', 'JD04/2021']
2026-06-03 20:43:00,671 [INFO] Wines without images: ['BH09/2021', 'BH10/2021', 'BH13/2021', 'BH15/2021', 'BH23/2021', 'CY05/2021', 'DA09/2021', 'DR05/NV', 'DR06/NV', 'DR08/NV', 'DR12/2012', 'DR15/NV', 'DR20/NV', 'DR21/NV', 'DR27/NV', 'JB04/2011', 'JB07/2017', 'JB15/2020', 'JB19/2021', 'LS02/2021', 'LS03/2022', 'LS04/2023', 'LS29/2015', 'LS30/2023', 'MS20/NV', 'MS21/NV', 'MS26/NV', 'PT03/2022', 'PT05/2023', 'PT24/2022', 'PT31/2022', 'PT34/2016', 'SK04/2024', 'SK05/2019', 'SK11/2019', 'SK16/2024', 'SK17/2019', 'SK18/2020', 'SK19/2021', 'SK21/2017', 'VF01/2021', 'VF02/2021']
2026-06-03 20:43:00,671 [INFO] Timing log saved to: pricelist_timing.json
